<?xml version="1.0" encoding="utf-8"?><ED_Container xmlns:cat_ru="urn:customs.ru:CommonAggregateTypes:5.10.0" DocumentModeID="1006058E" xmlns="urn:customs.ru:Information:ExchangeDocuments:ED_Container:5.13.1"><cat_ru:DocumentID>D567FE13-FF83-4E6F-AA15-5E0175EE2643</cat_ru:DocumentID><ContainerDoc><DocBody><ESADout_CU xmlns:RUScat_ru="urn:customs.ru:RUSCommonAggregateTypes:5.16.0" xmlns:cat_ru="urn:customs.ru:CommonAggregateTypes:5.10.0" xmlns:RUDECLcat="urn:customs.ru:RUDeclCommonAggregateTypesCust:5.17.0" xmlns:catESAD_cu="urn:customs.ru:CUESADCommonAggregateTypesCust:5.17.0" DocumentModeID="1006107E" xmlns="urn:customs.ru:Information:CustomsDocuments:ESADout_CU:5.17.0"><cat_ru:DocumentID>9C112270-1AB9-4A57-A556-F8A5B3853EA6</cat_ru:DocumentID><EECEDocHeaderAddInfo><RUScat_ru:EDocCode>R.036</RUScat_ru:EDocCode><RUScat_ru:EDocDateTime>2021-12-20T00:00:00</RUScat_ru:EDocDateTime><RUScat_ru:LanguageCode>RU</RUScat_ru:LanguageCode><RUScat_ru:SourceCountryCode>RU</RUScat_ru:SourceCountryCode><RUScat_ru:DestinationCountryCode>RU</RUScat_ru:DestinationCountryCode></EECEDocHeaderAddInfo><CustomsProcedure>ИМ</CustomsProcedure><CustomsModeCode>40</CustomsModeCode><ElectronicDocumentSign>ЭД</ElectronicDocumentSign><DeclarationKind>ПТД</DeclarationKind><RecipientCountryCode>RU</RecipientCountryCode><ESADout_CUGoodsShipment><catESAD_cu:OriginCountryName>ТАИЛАНД</catESAD_cu:OriginCountryName><catESAD_cu:OriginCountryCode>TH</catESAD_cu:OriginCountryCode><catESAD_cu:TotalGoodsNumber>3</catESAD_cu:TotalGoodsNumber><catESAD_cu:TotalPackageNumber>15</catESAD_cu:TotalPackageNumber><catESAD_cu:TotalSheetNumber>2</catESAD_cu:TotalSheetNumber><catESAD_cu:TotalCustCost>41371.34</catESAD_cu:TotalCustCost><catESAD_cu:CustCostCurrencyCode>RUB</catESAD_cu:CustCostCurrencyCode><ESADout_CUConsignor><cat_ru:OrganizationName>PRODIGY LAND CO., LTD</cat_ru:OrganizationName><RUScat_ru:SubjectAddressDetails><RUScat_ru:PostalCode>12100</RUScat_ru:PostalCode><RUScat_ru:CountryCode>TH</RUScat_ru:CountryCode><RUScat_ru:CounryName>ТАИЛАНД</RUScat_ru:CounryName><RUScat_ru:Region>KHLONG</RUScat_ru:Region><RUScat_ru:City>KHLONG SONG</RUScat_ru:City><RUScat_ru:StreetHouse>PATHUM THANI 44/33 M.10, KHLONG LUANG ROAD</RUScat_ru:StreetHouse></RUScat_ru:SubjectAddressDetails></ESADout_CUConsignor><ESADout_CUConsignee><cat_ru:OrganizationName>ООО "ВУДСТОК"</cat_ru:OrganizationName><cat_ru:RFOrganizationFeatures><cat_ru:OGRN>1113850044934</cat_ru:OGRN><cat_ru:INN>3810322435</cat_ru:INN><cat_ru:KPP>381001001</cat_ru:KPP></cat_ru:RFOrganizationFeatures><RUScat_ru:SubjectAddressDetails><RUScat_ru:PostalCode>664048</RUScat_ru:PostalCode><RUScat_ru:CountryCode>RU</RUScat_ru:CountryCode><RUScat_ru:CounryName>РОССИЯ</RUScat_ru:CounryName><RUScat_ru:Region>ИРКУТСКАЯ ОБЛАСТЬ</RUScat_ru:Region><RUScat_ru:City>Г. ИРКУТСК</RUScat_ru:City><RUScat_ru:StreetHouse>УЛ. ЯРОСЛАВСКОГО, 276 - 93</RUScat_ru:StreetHouse></RUScat_ru:SubjectAddressDetails></ESADout_CUConsignee><ESADout_CUFinancialAdjustingResponsiblePerson><cat_ru:OrganizationName>ООО "ВУДСТОК"</cat_ru:OrganizationName><cat_ru:RFOrganizationFeatures><cat_ru:OGRN>1113850044934</cat_ru:OGRN><cat_ru:INN>3810322435</cat_ru:INN><cat_ru:KPP>381001001</cat_ru:KPP></cat_ru:RFOrganizationFeatures><RUScat_ru:SubjectAddressDetails><RUScat_ru:PostalCode>664048</RUScat_ru:PostalCode><RUScat_ru:CountryCode>RU</RUScat_ru:CountryCode><RUScat_ru:CounryName>РОССИЯ</RUScat_ru:CounryName><RUScat_ru:Region>ИРКУТСКАЯ ОБЛАСТЬ</RUScat_ru:Region><RUScat_ru:City>Г. ИРКУТСК</RUScat_ru:City><RUScat_ru:StreetHouse>УЛ. ЯРОСЛАВСКОГО, 276 - 93</RUScat_ru:StreetHouse></RUScat_ru:SubjectAddressDetails></ESADout_CUFinancialAdjustingResponsiblePerson><ESADout_CUDeclarant><cat_ru:OrganizationName>ООО "ВУДСТОК"</cat_ru:OrganizationName><cat_ru:RFOrganizationFeatures><cat_ru:OGRN>1113850044934</cat_ru:OGRN><cat_ru:INN>3810322435</cat_ru:INN><cat_ru:KPP>381001001</cat_ru:KPP></cat_ru:RFOrganizationFeatures><RUScat_ru:SubjectAddressDetails><RUScat_ru:PostalCode>664048</RUScat_ru:PostalCode><RUScat_ru:CountryCode>RU</RUScat_ru:CountryCode><RUScat_ru:CounryName>РОССИЯ</RUScat_ru:CounryName><RUScat_ru:Region>ИРКУТСКАЯ ОБЛАСТЬ</RUScat_ru:Region><RUScat_ru:City>Г. ИРКУТСК</RUScat_ru:City><RUScat_ru:StreetHouse>УЛ. ЯРОСЛАВСКОГО, 276 - 93</RUScat_ru:StreetHouse></RUScat_ru:SubjectAddressDetails></ESADout_CUDeclarant><ESADout_CUGoodsLocation><InformationTypeCode>11</InformationTypeCode><CustomsOffice>10005022</CustomsOffice><CustomsCountryCode>RU</CustomsCountryCode><RegisterDocumentIdDetails><catESAD_cu:DocId>10005/181213/10047/2</catESAD_cu:DocId></RegisterDocumentIdDetails><Address><RUScat_ru:CountryCode>RU</RUScat_ru:CountryCode><RUScat_ru:CounryName>РОССИЯ</RUScat_ru:CounryName><RUScat_ru:Region>МОСКОВСКАЯ ОБЛАСТЬ</RUScat_ru:Region><RUScat_ru:City>Г.ХИМКИ</RUScat_ru:City><RUScat_ru:StreetHouse>ТЕРРИТОРИЯ АЭРОПОРТ ШЕРЕМЕТЬЕВО</RUScat_ru:StreetHouse></Address></ESADout_CUGoodsLocation><ESADout_CUConsigment><catESAD_cu:ContainerIndicator>0</catESAD_cu:ContainerIndicator><catESAD_cu:DispatchCountryCode>TH</catESAD_cu:DispatchCountryCode><catESAD_cu:DispatchCountryName>ТАИЛАНД</catESAD_cu:DispatchCountryName><catESAD_cu:DestinationCountryCode>RU</catESAD_cu:DestinationCountryCode><catESAD_cu:DestinationCountryName>РОССИЯ</catESAD_cu:DestinationCountryName><catESAD_cu:BorderCustomsOffice><cat_ru:Code>10005020</cat_ru:Code><cat_ru:OfficeName>Т/П АЭРОПОРТ ШЕРЕМЕТЬЕВО (ГРУЗОВОЙ)</cat_ru:OfficeName><cat_ru:CustomsCountryCode>643</cat_ru:CustomsCountryCode></catESAD_cu:BorderCustomsOffice><ESADout_CUBorderTransport><cat_ru:TransportModeCode>40</cat_ru:TransportModeCode><cat_ru:TransportNationalityCode>RU</cat_ru:TransportNationalityCode><TransportMeansQuantity>1</TransportMeansQuantity><TransportMeans><cat_ru:TransportIdentifier>SU271</cat_ru:TransportIdentifier><cat_ru:TransportMeansNationalityCode>RU</cat_ru:TransportMeansNationalityCode></TransportMeans></ESADout_CUBorderTransport></ESADout_CUConsigment><ESADout_CUMainContractTerms><catESAD_cu:ContractCurrencyCode>USD</catESAD_cu:ContractCurrencyCode><catESAD_cu:ContractCurrencyRate>73.733</catESAD_cu:ContractCurrencyRate><catESAD_cu:TotalInvoiceAmount>646.7</catESAD_cu:TotalInvoiceAmount><catESAD_cu:TradeCountryCode>TH</catESAD_cu:TradeCountryCode><catESAD_cu:DealFeatureCode>00</catESAD_cu:DealFeatureCode><catESAD_cu:DealNatureCode>010</catESAD_cu:DealNatureCode><catESAD_cu:CUESADDeliveryTerms><cat_ru:DeliveryPlace>МОСКВА</cat_ru:DeliveryPlace><cat_ru:DeliveryTermsStringCode>CPT</cat_ru:DeliveryTermsStringCode></catESAD_cu:CUESADDeliveryTerms></ESADout_CUMainContractTerms><ESADout_CUGoods><catESAD_cu:GoodsNumeric>1</catESAD_cu:GoodsNumeric><catESAD_cu:GoodsDescription>ОВОЩИ СВЕЖИЕ: СПАРЖА МИНИ (ASPARAGUS MINI)- 54,12 КГ ПО ЦЕНЕ 6,15 $/КГ. ВЫРАЩЕНЫ БЕЗ ИСПОЛЬЗОВАНИЯ ГЕННО-МОДИФИЦИРОВАННЫХ ОРГАНИЗМОВ. ВИД: СПАРЖА.</catESAD_cu:GoodsDescription><catESAD_cu:GrossWeightQuantity>64.73</catESAD_cu:GrossWeightQuantity><catESAD_cu:NetWeightQuantity>54.12</catESAD_cu:NetWeightQuantity><catESAD_cu:InvoicedCost>332.84</catESAD_cu:InvoicedCost><catESAD_cu:CustomsCost>21292.77</catESAD_cu:CustomsCost><catESAD_cu:StatisticalCost>332.84</catESAD_cu:StatisticalCost><catESAD_cu:GoodsTNVEDCode>0709200000</catESAD_cu:GoodsTNVEDCode><catESAD_cu:OriginCountryCode>TH</catESAD_cu:OriginCountryCode><catESAD_cu:CustomsCostCorrectMethod>1</catESAD_cu:CustomsCostCorrectMethod><catESAD_cu:AdditionalSheetCount>1</catESAD_cu:AdditionalSheetCount><catESAD_cu:Preferencii><catESAD_cu:CustomsTax>ОО</catESAD_cu:CustomsTax><catESAD_cu:CustomsDuty>ОО</catESAD_cu:CustomsDuty><catESAD_cu:Excise>-</catESAD_cu:Excise><catESAD_cu:Rate>ОО</catESAD_cu:Rate></catESAD_cu:Preferencii><LanguageGoods>RU</LanguageGoods><ESADout_CUPresentedDocument><cat_ru:PrDocumentName>ДЕКЛАРАЦИЯ О СООТВЕТСТВИИ</cat_ru:PrDocumentName><cat_ru:PrDocumentNumber>ТС N RU Д-TH.АГ52.В.11781</cat_ru:PrDocumentNumber><cat_ru:PrDocumentDate>2016-07-06</cat_ru:PrDocumentDate><catESAD_cu:PresentedDocumentModeCode>01191</catESAD_cu:PresentedDocumentModeCode><catESAD_cu:DocumentBeginActionsDate>2016-07-06</catESAD_cu:DocumentBeginActionsDate><catESAD_cu:DocumentEndActionsDate>2019-07-05</catESAD_cu:DocumentEndActionsDate><catESAD_cu:RecordID>B1C9143F-0D40-41F4-9368-C5EEE7E64DB4</catESAD_cu:RecordID><RUDECLcat:DocumentPresentingDetails><RUDECLcat:DocPresentKindCode>1</RUDECLcat:DocPresentKindCode><RUDECLcat:PresentedDocumentModeCode>01191</RUDECLcat:PresentedDocumentModeCode></RUDECLcat:DocumentPresentingDetails></ESADout_CUPresentedDocument><ESADout_CUPresentedDocument><cat_ru:PrDocumentName>АВИАНАКЛАДНАЯ</cat_ru:PrDocumentName><cat_ru:PrDocumentNumber>555-62691646</cat_ru:PrDocumentNumber><cat_ru:PrDocumentDate>2016-09-08</cat_ru:PrDocumentDate><catESAD_cu:PresentedDocumentModeCode>02017</catESAD_cu:PresentedDocumentModeCode><catESAD_cu:RecordID>506344CB-50F7-4DD5-A783-849FB49C95C7</catESAD_cu:RecordID><RUDECLcat:DocumentPresentingDetails><RUDECLcat:DocPresentKindCode>1</RUDECLcat:DocPresentKindCode><RUDECLcat:PresentedDocumentModeCode>02017</RUDECLcat:PresentedDocumentModeCode></RUDECLcat:DocumentPresentingDetails></ESADout_CUPresentedDocument><ESADout_CUPresentedDocument><cat_ru:PrDocumentName>КОНТРАКТ</cat_ru:PrDocumentName><cat_ru:PrDocumentNumber>18</cat_ru:PrDocumentNumber><cat_ru:PrDocumentDate>2015-11-01</cat_ru:PrDocumentDate><catESAD_cu:PresentedDocumentModeCode>03011</catESAD_cu:PresentedDocumentModeCode><catESAD_cu:RecordID>48173792-DD07-4A01-97F3-527633425B0E</catESAD_cu:RecordID><RUDECLcat:DocumentPresentingDetails><RUDECLcat:DocPresentKindCode>1</RUDECLcat:DocPresentKindCode><RUDECLcat:PresentedDocumentModeCode>03011</RUDECLcat:PresentedDocumentModeCode></RUDECLcat:DocumentPresentingDetails></ESADout_CUPresentedDocument><ESADout_CUPresentedDocument><cat_ru:PrDocumentName>ДОПОЛНИТЕЛЬНОЕ СОГЛАШЕНИЕ</cat_ru:PrDocumentName><cat_ru:PrDocumentNumber>2</cat_ru:PrDocumentNumber><cat_ru:PrDocumentDate>2015-12-20</cat_ru:PrDocumentDate><catESAD_cu:PresentedDocumentModeCode>03012</catESAD_cu:PresentedDocumentModeCode><catESAD_cu:RecordID>64776CE3-D112-4A55-ADEA-8C2DB0046BFD</catESAD_cu:RecordID><RUDECLcat:DocumentPresentingDetails><RUDECLcat:DocPresentKindCode>1</RUDECLcat:DocPresentKindCode><RUDECLcat:PresentedDocumentModeCode>03012</RUDECLcat:PresentedDocumentModeCode></RUDECLcat:DocumentPresentingDetails></ESADout_CUPresentedDocument><ESADout_CUPresentedDocument><cat_ru:PrDocumentName>ДОПОЛНИТЕЛЬНОЕ СОГЛАШЕНИЕ</cat_ru:PrDocumentName><cat_ru:PrDocumentNumber>3</cat_ru:PrDocumentNumber><cat_ru:PrDocumentDate>2015-12-20</cat_ru:PrDocumentDate><catESAD_cu:PresentedDocumentModeCode>03012</catESAD_cu:PresentedDocumentModeCode><catESAD_cu:RecordID>478A1351-9AE9-4F3C-9FEE-4E544BED2668</catESAD_cu:RecordID><RUDECLcat:DocumentPresentingDetails><RUDECLcat:DocPresentKindCode>1</RUDECLcat:DocPresentKindCode><RUDECLcat:PresentedDocumentModeCode>03012</RUDECLcat:PresentedDocumentModeCode></RUDECLcat:DocumentPresentingDetails></ESADout_CUPresentedDocument><ESADout_CUCustomsPaymentCalculation><catESAD_cu:PaymentModeCode>1010</catESAD_cu:PaymentModeCode><catESAD_cu:PaymentAmount>775</catESAD_cu:PaymentAmount><catESAD_cu:PaymentCurrencyCode>643</catESAD_cu:PaymentCurrencyCode><catESAD_cu:TaxBase>41371.34</catESAD_cu:TaxBase><catESAD_cu:TaxBaseCurrencyCode>643</catESAD_cu:TaxBaseCurrencyCode><catESAD_cu:Rate>775</catESAD_cu:Rate><catESAD_cu:RateTypeCode>*</catESAD_cu:RateTypeCode><catESAD_cu:RateCurrencyCode>643</catESAD_cu:RateCurrencyCode><catESAD_cu:RateUseDate>2021-12-20</catESAD_cu:RateUseDate><catESAD_cu:PaymentCode>ИУ</catESAD_cu:PaymentCode></ESADout_CUCustomsPaymentCalculation><ESADout_CUCustomsPaymentCalculation><catESAD_cu:PaymentModeCode>2010</catESAD_cu:PaymentModeCode><catESAD_cu:PaymentAmount>1064.64</catESAD_cu:PaymentAmount><catESAD_cu:PaymentCurrencyCode>643</catESAD_cu:PaymentCurrencyCode><catESAD_cu:TaxBase>21292.77</catESAD_cu:TaxBase><catESAD_cu:TaxBaseCurrencyCode>643</catESAD_cu:TaxBaseCurrencyCode><catESAD_cu:Rate>5</catESAD_cu:Rate><catESAD_cu:RateTypeCode>%</catESAD_cu:RateTypeCode><catESAD_cu:RateUseDate>2021-12-20</catESAD_cu:RateUseDate><catESAD_cu:PaymentCode>ИУ</catESAD_cu:PaymentCode></ESADout_CUCustomsPaymentCalculation><ESADout_CUCustomsPaymentCalculation><catESAD_cu:PaymentModeCode>5010</catESAD_cu:PaymentModeCode><catESAD_cu:PaymentAmount>4471.48</catESAD_cu:PaymentAmount><catESAD_cu:PaymentCurrencyCode>643</catESAD_cu:PaymentCurrencyCode><catESAD_cu:TaxBase>22357.41</catESAD_cu:TaxBase><catESAD_cu:TaxBaseCurrencyCode>643</catESAD_cu:TaxBaseCurrencyCode><catESAD_cu:Rate>20</catESAD_cu:Rate><catESAD_cu:RateTypeCode>%</catESAD_cu:RateTypeCode><catESAD_cu:RateUseDate>2021-12-20</catESAD_cu:RateUseDate><catESAD_cu:PaymentCode>ИУ</catESAD_cu:PaymentCode></ESADout_CUCustomsPaymentCalculation><ESADGoodsPackaging><catESAD_cu:PakageQuantity>4</catESAD_cu:PakageQuantity><catESAD_cu:PakageTypeCode>1</catESAD_cu:PakageTypeCode><catESAD_cu:PackagePalleteInformation><catESAD_cu:InfoKindCode>0</catESAD_cu:InfoKindCode><catESAD_cu:PalleteCode>CT</catESAD_cu:PalleteCode><catESAD_cu:PalleteQuantity>4</catESAD_cu:PalleteQuantity></catESAD_cu:PackagePalleteInformation><catESAD_cu:PackagePalleteInformation><catESAD_cu:InfoKindCode>0</catESAD_cu:InfoKindCode><catESAD_cu:PalleteCode>44</catESAD_cu:PalleteCode><catESAD_cu:PalleteQuantity>328</catESAD_cu:PalleteQuantity></catESAD_cu:PackagePalleteInformation></ESADGoodsPackaging><ESADContainer><catESAD_cu:ContainerQuantity>6</catESAD_cu:ContainerQuantity><catESAD_cu:ContainerKind>ME</catESAD_cu:ContainerKind><catESAD_cu:ContainerNumber><catESAD_cu:ContainerIdentificaror>RZD-0001011</catESAD_cu:ContainerIdentificaror><catESAD_cu:FullIndicator>1</catESAD_cu:FullIndicator></catESAD_cu:ContainerNumber><catESAD_cu:ContainerNumber><catESAD_cu:ContainerIdentificaror>RZD-0001012</catESAD_cu:ContainerIdentificaror><catESAD_cu:FullIndicator>2</catESAD_cu:FullIndicator></catESAD_cu:ContainerNumber><catESAD_cu:ContainerNumber><catESAD_cu:ContainerIdentificaror>RZD-0001013</catESAD_cu:ContainerIdentificaror><catESAD_cu:FullIndicator>1</catESAD_cu:FullIndicator></catESAD_cu:ContainerNumber><catESAD_cu:ContainerNumber><catESAD_cu:ContainerIdentificaror>RZD-0001014</catESAD_cu:ContainerIdentificaror><catESAD_cu:FullIndicator>1</catESAD_cu:FullIndicator></catESAD_cu:ContainerNumber><catESAD_cu:ContainerNumber><catESAD_cu:ContainerIdentificaror>RZD-0001015</catESAD_cu:ContainerIdentificaror><catESAD_cu:FullIndicator>2</catESAD_cu:FullIndicator></catESAD_cu:ContainerNumber><catESAD_cu:ContainerNumber><catESAD_cu:ContainerIdentificaror>RZD-0001016</catESAD_cu:ContainerIdentificaror><catESAD_cu:FullIndicator>2</catESAD_cu:FullIndicator></catESAD_cu:ContainerNumber></ESADContainer><ESADCustomsProcedure><catESAD_cu:MainCustomsModeCode>40</catESAD_cu:MainCustomsModeCode><catESAD_cu:PrecedingCustomsModeCode>00</catESAD_cu:PrecedingCustomsModeCode><catESAD_cu:GoodsTransferFeature>000</catESAD_cu:GoodsTransferFeature></ESADCustomsProcedure></ESADout_CUGoods><ESADout_CUGoods><catESAD_cu:GoodsNumeric>2</catESAD_cu:GoodsNumeric><catESAD_cu:GoodsDescription>ФРУКТЫ СВЕЖИЕ: АНАНАС МИНИ ПХУКЕТ (PINEAPPLE MINI) - 31,7 КГ ПО ЦЕНЕ 4,0 $/КГ. ВЫРАЩЕНЫ БЕЗ ИСПОЛЬЗОВАНИЯ ГЕННО-МОДИФИЦИРОВАННЫХ ОРГАНИЗМОВ. ВИД: АНАНАС.</catESAD_cu:GoodsDescription><catESAD_cu:GrossWeightQuantity>36.24</catESAD_cu:GrossWeightQuantity><catESAD_cu:NetWeightQuantity>31.7</catESAD_cu:NetWeightQuantity><catESAD_cu:InvoicedCost>126.8</catESAD_cu:InvoicedCost><catESAD_cu:CustomsCost>8111.78</catESAD_cu:CustomsCost><catESAD_cu:StatisticalCost>126.8</catESAD_cu:StatisticalCost><catESAD_cu:GoodsTNVEDCode>0804300001</catESAD_cu:GoodsTNVEDCode><catESAD_cu:OriginCountryCode>TH</catESAD_cu:OriginCountryCode><catESAD_cu:CustomsCostCorrectMethod>1</catESAD_cu:CustomsCostCorrectMethod><catESAD_cu:AdditionalSheetCount>2</catESAD_cu:AdditionalSheetCount><catESAD_cu:Preferencii><catESAD_cu:CustomsTax>ОО</catESAD_cu:CustomsTax><catESAD_cu:CustomsDuty>ОО</catESAD_cu:CustomsDuty><catESAD_cu:Excise>-</catESAD_cu:Excise><catESAD_cu:Rate>ОО</catESAD_cu:Rate></catESAD_cu:Preferencii><LanguageGoods>RU</LanguageGoods><ESADout_CUPresentedDocument><cat_ru:PrDocumentName>ДЕКЛАРАЦИЯ О СООТВЕТСТВИИ</cat_ru:PrDocumentName><cat_ru:PrDocumentNumber>ТС N RU Д-TH.АГ79.В.19222</cat_ru:PrDocumentNumber><cat_ru:PrDocumentDate>2015-04-24</cat_ru:PrDocumentDate><catESAD_cu:PresentedDocumentModeCode>01191</catESAD_cu:PresentedDocumentModeCode><catESAD_cu:DocumentBeginActionsDate>2015-04-24</catESAD_cu:DocumentBeginActionsDate><catESAD_cu:DocumentEndActionsDate>2018-04-23</catESAD_cu:DocumentEndActionsDate><catESAD_cu:RecordID>CFDC1416-5FB7-46F9-B6A1-60FC031140D9</catESAD_cu:RecordID><RUDECLcat:DocumentPresentingDetails><RUDECLcat:DocPresentKindCode>1</RUDECLcat:DocPresentKindCode><RUDECLcat:PresentedDocumentModeCode>01191</RUDECLcat:PresentedDocumentModeCode></RUDECLcat:DocumentPresentingDetails></ESADout_CUPresentedDocument><ESADout_CUPresentedDocument><cat_ru:PrDocumentName>АВИАНАКЛАДНАЯ</cat_ru:PrDocumentName><cat_ru:PrDocumentNumber>555-62691646</cat_ru:PrDocumentNumber><cat_ru:PrDocumentDate>2016-09-08</cat_ru:PrDocumentDate><catESAD_cu:PresentedDocumentModeCode>02017</catESAD_cu:PresentedDocumentModeCode><catESAD_cu:RecordID>506344CB-50F7-4DD5-A783-849FB49C95C7</catESAD_cu:RecordID><RUDECLcat:DocumentPresentingDetails><RUDECLcat:DocPresentKindCode>1</RUDECLcat:DocPresentKindCode><RUDECLcat:PresentedDocumentModeCode>02017</RUDECLcat:PresentedDocumentModeCode></RUDECLcat:DocumentPresentingDetails></ESADout_CUPresentedDocument><ESADout_CUPresentedDocument><cat_ru:PrDocumentName>КОНТРАКТ</cat_ru:PrDocumentName><cat_ru:PrDocumentNumber>18</cat_ru:PrDocumentNumber><cat_ru:PrDocumentDate>2015-11-01</cat_ru:PrDocumentDate><catESAD_cu:PresentedDocumentModeCode>03011</catESAD_cu:PresentedDocumentModeCode><catESAD_cu:RecordID>48173792-DD07-4A01-97F3-527633425B0E</catESAD_cu:RecordID><RUDECLcat:DocumentPresentingDetails><RUDECLcat:DocPresentKindCode>1</RUDECLcat:DocPresentKindCode><RUDECLcat:PresentedDocumentModeCode>03011</RUDECLcat:PresentedDocumentModeCode></RUDECLcat:DocumentPresentingDetails></ESADout_CUPresentedDocument><ESADout_CUPresentedDocument><cat_ru:PrDocumentName>ДОПОЛНИТЕЛЬНОЕ СОГЛАШЕНИЕ</cat_ru:PrDocumentName><cat_ru:PrDocumentNumber>2</cat_ru:PrDocumentNumber><cat_ru:PrDocumentDate>2015-12-20</cat_ru:PrDocumentDate><catESAD_cu:PresentedDocumentModeCode>03012</catESAD_cu:PresentedDocumentModeCode><catESAD_cu:RecordID>64776CE3-D112-4A55-ADEA-8C2DB0046BFD</catESAD_cu:RecordID><RUDECLcat:DocumentPresentingDetails><RUDECLcat:DocPresentKindCode>1</RUDECLcat:DocPresentKindCode><RUDECLcat:PresentedDocumentModeCode>03012</RUDECLcat:PresentedDocumentModeCode></RUDECLcat:DocumentPresentingDetails></ESADout_CUPresentedDocument><ESADout_CUPresentedDocument><cat_ru:PrDocumentName>ДОПОЛНИТЕЛЬНОЕ СОГЛАШЕНИЕ</cat_ru:PrDocumentName><cat_ru:PrDocumentNumber>3</cat_ru:PrDocumentNumber><cat_ru:PrDocumentDate>2015-12-20</cat_ru:PrDocumentDate><catESAD_cu:PresentedDocumentModeCode>03012</catESAD_cu:PresentedDocumentModeCode><catESAD_cu:RecordID>478A1351-9AE9-4F3C-9FEE-4E544BED2668</catESAD_cu:RecordID><RUDECLcat:DocumentPresentingDetails><RUDECLcat:DocPresentKindCode>1</RUDECLcat:DocPresentKindCode><RUDECLcat:PresentedDocumentModeCode>03012</RUDECLcat:PresentedDocumentModeCode></RUDECLcat:DocumentPresentingDetails></ESADout_CUPresentedDocument><ESADout_CUCustomsPaymentCalculation><catESAD_cu:PaymentModeCode>2010</catESAD_cu:PaymentModeCode><catESAD_cu:PaymentAmount>243.35</catESAD_cu:PaymentAmount><catESAD_cu:PaymentCurrencyCode>643</catESAD_cu:PaymentCurrencyCode><catESAD_cu:TaxBase>8111.78</catESAD_cu:TaxBase><catESAD_cu:TaxBaseCurrencyCode>643</catESAD_cu:TaxBaseCurrencyCode><catESAD_cu:Rate>3</catESAD_cu:Rate><catESAD_cu:RateTypeCode>%</catESAD_cu:RateTypeCode><catESAD_cu:RateUseDate>2021-12-20</catESAD_cu:RateUseDate><catESAD_cu:PaymentCode>ИУ</catESAD_cu:PaymentCode></ESADout_CUCustomsPaymentCalculation><ESADout_CUCustomsPaymentCalculation><catESAD_cu:PaymentModeCode>5010</catESAD_cu:PaymentModeCode><catESAD_cu:PaymentAmount>1671.03</catESAD_cu:PaymentAmount><catESAD_cu:PaymentCurrencyCode>643</catESAD_cu:PaymentCurrencyCode><catESAD_cu:TaxBase>8355.13</catESAD_cu:TaxBase><catESAD_cu:TaxBaseCurrencyCode>643</catESAD_cu:TaxBaseCurrencyCode><catESAD_cu:Rate>20</catESAD_cu:Rate><catESAD_cu:RateTypeCode>%</catESAD_cu:RateTypeCode><catESAD_cu:RateUseDate>2021-12-20</catESAD_cu:RateUseDate><catESAD_cu:PaymentCode>ИУ</catESAD_cu:PaymentCode></ESADout_CUCustomsPaymentCalculation><ESADGoodsPackaging><catESAD_cu:PakageQuantity>6</catESAD_cu:PakageQuantity><catESAD_cu:PakageTypeCode>1</catESAD_cu:PakageTypeCode><catESAD_cu:PackagePalleteInformation><catESAD_cu:InfoKindCode>0</catESAD_cu:InfoKindCode><catESAD_cu:PalleteCode>CT</catESAD_cu:PalleteCode><catESAD_cu:PalleteQuantity>6</catESAD_cu:PalleteQuantity></catESAD_cu:PackagePalleteInformation></ESADGoodsPackaging><ESADContainer><catESAD_cu:ContainerQuantity>6</catESAD_cu:ContainerQuantity><catESAD_cu:ContainerKind>ME</catESAD_cu:ContainerKind><catESAD_cu:ContainerNumber><catESAD_cu:ContainerIdentificaror>RZD-0001011</catESAD_cu:ContainerIdentificaror><catESAD_cu:FullIndicator>1</catESAD_cu:FullIndicator></catESAD_cu:ContainerNumber><catESAD_cu:ContainerNumber><catESAD_cu:ContainerIdentificaror>RZD-0001012</catESAD_cu:ContainerIdentificaror><catESAD_cu:FullIndicator>1</catESAD_cu:FullIndicator></catESAD_cu:ContainerNumber><catESAD_cu:ContainerNumber><catESAD_cu:ContainerIdentificaror>RZD-0001013</catESAD_cu:ContainerIdentificaror><catESAD_cu:FullIndicator>1</catESAD_cu:FullIndicator></catESAD_cu:ContainerNumber><catESAD_cu:ContainerNumber><catESAD_cu:ContainerIdentificaror>RZD-0001014</catESAD_cu:ContainerIdentificaror><catESAD_cu:FullIndicator>2</catESAD_cu:FullIndicator></catESAD_cu:ContainerNumber><catESAD_cu:ContainerNumber><catESAD_cu:ContainerIdentificaror>RZD-0001015</catESAD_cu:ContainerIdentificaror><catESAD_cu:FullIndicator>2</catESAD_cu:FullIndicator></catESAD_cu:ContainerNumber><catESAD_cu:ContainerNumber><catESAD_cu:ContainerIdentificaror>RZD-0001016</catESAD_cu:ContainerIdentificaror><catESAD_cu:FullIndicator>2</catESAD_cu:FullIndicator></catESAD_cu:ContainerNumber></ESADContainer><ESADCustomsProcedure><catESAD_cu:MainCustomsModeCode>40</catESAD_cu:MainCustomsModeCode><catESAD_cu:PrecedingCustomsModeCode>00</catESAD_cu:PrecedingCustomsModeCode><catESAD_cu:GoodsTransferFeature>000</catESAD_cu:GoodsTransferFeature></ESADCustomsProcedure></ESADout_CUGoods><ESADout_CUGoods><catESAD_cu:GoodsNumeric>3</catESAD_cu:GoodsNumeric><catESAD_cu:GoodsDescription>ФРУКТЫ СВЕЖИЕ: ПИТАЙЯ БЕЛЫЙ (PITTAYA WHITE) - 39,8 КГ ПО ЦЕНЕ 4,7 $/КГ. ВЫРАЩЕНЫ БЕЗ ИСПОЛЬЗОВАНИЯ ГЕННО-МОДИФИЦИРОВАННЫХ ОРГАНИЗМОВ. ВИД: ПИТАЙЯ.</catESAD_cu:GoodsDescription><catESAD_cu:GrossWeightQuantity>43.71</catESAD_cu:GrossWeightQuantity><catESAD_cu:NetWeightQuantity>39.8</catESAD_cu:NetWeightQuantity><catESAD_cu:InvoicedCost>187.06</catESAD_cu:InvoicedCost><catESAD_cu:CustomsCost>11966.79</catESAD_cu:CustomsCost><catESAD_cu:StatisticalCost>187.06</catESAD_cu:StatisticalCost><catESAD_cu:GoodsTNVEDCode>0810902000</catESAD_cu:GoodsTNVEDCode><catESAD_cu:OriginCountryCode>TH</catESAD_cu:OriginCountryCode><catESAD_cu:CustomsCostCorrectMethod>1</catESAD_cu:CustomsCostCorrectMethod><catESAD_cu:AdditionalSheetCount>2</catESAD_cu:AdditionalSheetCount><catESAD_cu:Preferencii><catESAD_cu:CustomsTax>ОО</catESAD_cu:CustomsTax><catESAD_cu:CustomsDuty>ОО</catESAD_cu:CustomsDuty><catESAD_cu:Excise>-</catESAD_cu:Excise><catESAD_cu:Rate>ОО</catESAD_cu:Rate></catESAD_cu:Preferencii><LanguageGoods>RU</LanguageGoods><ESADout_CUPresentedDocument><cat_ru:PrDocumentName>АВИАНАКЛАДНАЯ</cat_ru:PrDocumentName><cat_ru:PrDocumentNumber>555-62691646</cat_ru:PrDocumentNumber><cat_ru:PrDocumentDate>2016-09-08</cat_ru:PrDocumentDate><catESAD_cu:PresentedDocumentModeCode>02017</catESAD_cu:PresentedDocumentModeCode><catESAD_cu:RecordID>506344CB-50F7-4DD5-A783-849FB49C95C7</catESAD_cu:RecordID><RUDECLcat:DocumentPresentingDetails><RUDECLcat:DocPresentKindCode>1</RUDECLcat:DocPresentKindCode><RUDECLcat:PresentedDocumentModeCode>02017</RUDECLcat:PresentedDocumentModeCode></RUDECLcat:DocumentPresentingDetails></ESADout_CUPresentedDocument><ESADout_CUPresentedDocument><cat_ru:PrDocumentName>КОММЕРЧЕСКИЙ ИНВОЙС</cat_ru:PrDocumentName><cat_ru:PrDocumentNumber>078/16</cat_ru:PrDocumentNumber><cat_ru:PrDocumentDate>2016-09-08</cat_ru:PrDocumentDate><catESAD_cu:PresentedDocumentModeCode>04021</catESAD_cu:PresentedDocumentModeCode><catESAD_cu:RecordID>5B0908D2-C5C8-4EBA-A8C5-2DFDC94758AF</catESAD_cu:RecordID><RUDECLcat:DocumentPresentingDetails><RUDECLcat:DocPresentKindCode>1</RUDECLcat:DocPresentKindCode><RUDECLcat:PresentedDocumentModeCode>04021</RUDECLcat:PresentedDocumentModeCode></RUDECLcat:DocumentPresentingDetails></ESADout_CUPresentedDocument><ESADout_CUPresentedDocument><cat_ru:PrDocumentName>ПРОФОРМА-ИНВОЙС</cat_ru:PrDocumentName><cat_ru:PrDocumentNumber>078/16</cat_ru:PrDocumentNumber><cat_ru:PrDocumentDate>2016-09-08</cat_ru:PrDocumentDate><catESAD_cu:PresentedDocumentModeCode>04025</catESAD_cu:PresentedDocumentModeCode><catESAD_cu:RecordID>430A1F70-768D-4553-AC4A-B9E0B6027B00</catESAD_cu:RecordID><RUDECLcat:DocumentPresentingDetails><RUDECLcat:DocPresentKindCode>1</RUDECLcat:DocPresentKindCode><RUDECLcat:PresentedDocumentModeCode>04025</RUDECLcat:PresentedDocumentModeCode></RUDECLcat:DocumentPresentingDetails></ESADout_CUPresentedDocument><ESADout_CUPresentedDocument><cat_ru:PrDocumentName>ПРАЙС-ЛИСТ ПРОИЗВОДИТЕЛЯ</cat_ru:PrDocumentName><cat_ru:PrDocumentNumber>Б/Н</cat_ru:PrDocumentNumber><cat_ru:PrDocumentDate>2016-09-07</cat_ru:PrDocumentDate><catESAD_cu:PresentedDocumentModeCode>04999</catESAD_cu:PresentedDocumentModeCode><catESAD_cu:RecordID>248D2998-AFE5-4B60-933D-B29CC9708BA4</catESAD_cu:RecordID><RUDECLcat:DocumentPresentingDetails><RUDECLcat:DocPresentKindCode>1</RUDECLcat:DocPresentKindCode><RUDECLcat:PresentedDocumentModeCode>04999</RUDECLcat:PresentedDocumentModeCode></RUDECLcat:DocumentPresentingDetails></ESADout_CUPresentedDocument><ESADout_CUPresentedDocument><cat_ru:PrDocumentName>ПАСПОРТ СДЕЛКИ</cat_ru:PrDocumentName><cat_ru:PrDocumentNumber>15120017/3251/0004/2/1</cat_ru:PrDocumentNumber><catESAD_cu:PresentedDocumentModeCode>03031</catESAD_cu:PresentedDocumentModeCode><catESAD_cu:RecordID>8F64A930-E7E4-488D-9D14-42B118339946</catESAD_cu:RecordID><RUDECLcat:DocumentPresentingDetails><RUDECLcat:DocPresentKindCode>0</RUDECLcat:DocPresentKindCode><RUDECLcat:PresentedDocumentModeCode>03031</RUDECLcat:PresentedDocumentModeCode></RUDECLcat:DocumentPresentingDetails></ESADout_CUPresentedDocument><ESADout_CUCustomsPaymentCalculation><catESAD_cu:PaymentModeCode>5010</catESAD_cu:PaymentModeCode><catESAD_cu:PaymentAmount>2393.36</catESAD_cu:PaymentAmount><catESAD_cu:PaymentCurrencyCode>643</catESAD_cu:PaymentCurrencyCode><catESAD_cu:TaxBase>11966.79</catESAD_cu:TaxBase><catESAD_cu:TaxBaseCurrencyCode>643</catESAD_cu:TaxBaseCurrencyCode><catESAD_cu:Rate>20</catESAD_cu:Rate><catESAD_cu:RateTypeCode>%</catESAD_cu:RateTypeCode><catESAD_cu:RateUseDate>2021-12-20</catESAD_cu:RateUseDate><catESAD_cu:PaymentCode>ИУ</catESAD_cu:PaymentCode></ESADout_CUCustomsPaymentCalculation><ESADGoodsPackaging><catESAD_cu:PakageQuantity>5</catESAD_cu:PakageQuantity><catESAD_cu:PakageTypeCode>1</catESAD_cu:PakageTypeCode><catESAD_cu:PackagePalleteInformation><catESAD_cu:InfoKindCode>0</catESAD_cu:InfoKindCode><catESAD_cu:PalleteCode>CT</catESAD_cu:PalleteCode><catESAD_cu:PalleteQuantity>5</catESAD_cu:PalleteQuantity></catESAD_cu:PackagePalleteInformation></ESADGoodsPackaging><ESADContainer><catESAD_cu:ContainerQuantity>6</catESAD_cu:ContainerQuantity><catESAD_cu:ContainerNumber><catESAD_cu:ContainerIdentificaror>RZD-0001011</catESAD_cu:ContainerIdentificaror><catESAD_cu:FullIndicator>1</catESAD_cu:FullIndicator></catESAD_cu:ContainerNumber><catESAD_cu:ContainerNumber><catESAD_cu:ContainerIdentificaror>RZD-0001012</catESAD_cu:ContainerIdentificaror><catESAD_cu:FullIndicator>1</catESAD_cu:FullIndicator></catESAD_cu:ContainerNumber><catESAD_cu:ContainerNumber><catESAD_cu:ContainerIdentificaror>RZD-0001013</catESAD_cu:ContainerIdentificaror><catESAD_cu:FullIndicator>1</catESAD_cu:FullIndicator></catESAD_cu:ContainerNumber><catESAD_cu:ContainerNumber><catESAD_cu:ContainerIdentificaror>RZD-0001014</catESAD_cu:ContainerIdentificaror><catESAD_cu:FullIndicator>1</catESAD_cu:FullIndicator></catESAD_cu:ContainerNumber><catESAD_cu:ContainerNumber><catESAD_cu:ContainerIdentificaror>RZD-0001015</catESAD_cu:ContainerIdentificaror><catESAD_cu:FullIndicator>2</catESAD_cu:FullIndicator></catESAD_cu:ContainerNumber><catESAD_cu:ContainerNumber><catESAD_cu:ContainerIdentificaror>RZD-0001016</catESAD_cu:ContainerIdentificaror><catESAD_cu:FullIndicator>2</catESAD_cu:FullIndicator></catESAD_cu:ContainerNumber></ESADContainer><ESADCustomsProcedure><catESAD_cu:MainCustomsModeCode>40</catESAD_cu:MainCustomsModeCode><catESAD_cu:PrecedingCustomsModeCode>00</catESAD_cu:PrecedingCustomsModeCode><catESAD_cu:GoodsTransferFeature>000</catESAD_cu:GoodsTransferFeature></ESADCustomsProcedure></ESADout_CUGoods><ESADout_CUPayments><ESADout_CUCustomsPayment><catESAD_cu:PaymentModeCode>1010</catESAD_cu:PaymentModeCode><catESAD_cu:PaymentAmount>775</catESAD_cu:PaymentAmount><catESAD_cu:PaymentCurrencyCode>643</catESAD_cu:PaymentCurrencyCode><catESAD_cu:CurrencyRate>1</catESAD_cu:CurrencyRate><RFOrganizationFeatures><cat_ru:INN>3810322435</cat_ru:INN></RFOrganizationFeatures></ESADout_CUCustomsPayment><ESADout_CUCustomsPayment><catESAD_cu:PaymentModeCode>2010</catESAD_cu:PaymentModeCode><catESAD_cu:PaymentAmount>1307.99</catESAD_cu:PaymentAmount><catESAD_cu:PaymentCurrencyCode>643</catESAD_cu:PaymentCurrencyCode><catESAD_cu:CurrencyRate>1</catESAD_cu:CurrencyRate><RFOrganizationFeatures><cat_ru:INN>3810322435</cat_ru:INN></RFOrganizationFeatures></ESADout_CUCustomsPayment><ESADout_CUCustomsPayment><catESAD_cu:PaymentModeCode>5010</catESAD_cu:PaymentModeCode><catESAD_cu:PaymentAmount>8535.87</catESAD_cu:PaymentAmount><catESAD_cu:PaymentCurrencyCode>643</catESAD_cu:PaymentCurrencyCode><catESAD_cu:CurrencyRate>1</catESAD_cu:CurrencyRate><RFOrganizationFeatures><cat_ru:INN>3810322435</cat_ru:INN></RFOrganizationFeatures></ESADout_CUCustomsPayment></ESADout_CUPayments></ESADout_CUGoodsShipment><FilledPerson><RUDECLcat:SigningDetails><cat_ru:PersonSurname>КОСМЕНЮК</cat_ru:PersonSurname><cat_ru:PersonName>АНТОН</cat_ru:PersonName><cat_ru:PersonMiddleName>ИВАНОВИЧ</cat_ru:PersonMiddleName><cat_ru:PersonPost>ДИРЕКТОР</cat_ru:PersonPost><RUScat_ru:CommunicationDetails><cat_ru:Phone>89086660888</cat_ru:Phone></RUScat_ru:CommunicationDetails><RUScat_ru:SigningDate>2021-12-20T00:00:00</RUScat_ru:SigningDate></RUDECLcat:SigningDetails><RUDECLcat:SignatoryPersonIdentityDetails><RUScat_ru:IdentityCardCode>21</RUScat_ru:IdentityCardCode><RUScat_ru:IdentityCardName>ПАСРФ</RUScat_ru:IdentityCardName><RUScat_ru:IdentityCardSeries>25 04</RUScat_ru:IdentityCardSeries><RUScat_ru:IdentityCardNumber>220388</RUScat_ru:IdentityCardNumber><RUScat_ru:IdentityCardDate>2004-06-22</RUScat_ru:IdentityCardDate><RUScat_ru:OrganizationName>УВД ЛЕНИНСКОГО РАЙОНА ГОР. ИРКУТСКА</RUScat_ru:OrganizationName></RUDECLcat:SignatoryPersonIdentityDetails><RUDECLcat:PowerOfAttorneyDetails><cat_ru:PrDocumentName>ПРИКАЗ</cat_ru:PrDocumentName><cat_ru:PrDocumentNumber>01</cat_ru:PrDocumentNumber><cat_ru:PrDocumentDate>2011-10-19</cat_ru:PrDocumentDate><RUScat_ru:DocStartDate>2011-10-19</RUScat_ru:DocStartDate><RUScat_ru:DocValidityDate>2025-12-31</RUScat_ru:DocValidityDate><RUScat_ru:DocKindCode>11003</RUScat_ru:DocKindCode></RUDECLcat:PowerOfAttorneyDetails></FilledPerson></ESADout_CU></DocBody></ContainerDoc><ContainerDoc><DocBody><DTSout_CU xmlns:RUScat_ru="urn:customs.ru:RUSCommonAggregateTypes:5.16.0" xmlns:cat_EDTS_cu="urn:customs.ru:CUESADDTSCommonAggregateTypes:5.17.0" xmlns:cat_ru="urn:customs.ru:CommonAggregateTypes:5.10.0" xmlns:RUDECLcat="urn:customs.ru:RUDeclCommonAggregateTypesCust:5.17.0" xmlns:catESAD_cu="urn:customs.ru:CUESADCommonAggregateTypesCust:5.17.0" DocumentModeID="1006112E" xmlns="urn:customs.ru:Information:CustomsDocuments:DTSout_CU:5.18.0"><cat_ru:DocumentID>169FB0D1-9BBB-41F3-B9A0-56ABCB394EDC</cat_ru:DocumentID><AdditionalSheetNumber>0</AdditionalSheetNumber><ElectronicDocumentSign>ЭД</ElectronicDocumentSign><FormDTS>1</FormDTS><CustomsCostMethodCode>1</CustomsCostMethodCode><DTSoutSeller><cat_ru:OrganizationName>PRODIGY LAND CO., LTD</cat_ru:OrganizationName><RUScat_ru:SubjectAddressDetails><RUScat_ru:PostalCode>12100</RUScat_ru:PostalCode><RUScat_ru:CountryCode>TH</RUScat_ru:CountryCode><RUScat_ru:CounryName>ТАИЛАНД</RUScat_ru:CounryName><RUScat_ru:Region>KHLONG</RUScat_ru:Region><RUScat_ru:City>KHLONG SONG</RUScat_ru:City><RUScat_ru:StreetHouse>PATHUM THANI 44/33 M.10, KHLONG LUANG ROAD</RUScat_ru:StreetHouse></RUScat_ru:SubjectAddressDetails></DTSoutSeller><DTSoutBuyer><cat_ru:OrganizationName>ООО "ВУДСТОК"</cat_ru:OrganizationName><cat_ru:RFOrganizationFeatures><cat_ru:OGRN>1113850044934</cat_ru:OGRN><cat_ru:INN>3810322435</cat_ru:INN><cat_ru:KPP>381001001</cat_ru:KPP></cat_ru:RFOrganizationFeatures><RUScat_ru:SubjectAddressDetails><RUScat_ru:PostalCode>664048</RUScat_ru:PostalCode><RUScat_ru:CountryCode>RU</RUScat_ru:CountryCode><RUScat_ru:CounryName>РОССИЯ</RUScat_ru:CounryName><RUScat_ru:Region>ИРКУТСКАЯ ОБЛАСТЬ</RUScat_ru:Region><RUScat_ru:City>Г. ИРКУТСК</RUScat_ru:City><RUScat_ru:StreetHouse>УЛ. ЯРОСЛАВСКОГО, 276 - 93</RUScat_ru:StreetHouse></RUScat_ru:SubjectAddressDetails></DTSoutBuyer><DTSInvoiceDocuments><cat_ru:PrDocumentName>КОММЕРЧЕСКИЙ ИНВОЙС</cat_ru:PrDocumentName><cat_ru:PrDocumentNumber>078/16</cat_ru:PrDocumentNumber><cat_ru:PrDocumentDate>2016-09-08</cat_ru:PrDocumentDate><cat_EDTS_cu:PresentedDocumentModeCode>04021</cat_EDTS_cu:PresentedDocumentModeCode><cat_EDTS_cu:PositionNumber>4</cat_EDTS_cu:PositionNumber></DTSInvoiceDocuments><DTSInvoiceDocuments><cat_ru:PrDocumentName>ПРОФОРМА-ИНВОЙС</cat_ru:PrDocumentName><cat_ru:PrDocumentNumber>078/16</cat_ru:PrDocumentNumber><cat_ru:PrDocumentDate>2016-09-08</cat_ru:PrDocumentDate><cat_EDTS_cu:PresentedDocumentModeCode>04025</cat_EDTS_cu:PresentedDocumentModeCode><cat_EDTS_cu:PositionNumber>4</cat_EDTS_cu:PositionNumber></DTSInvoiceDocuments><DTSInvoiceDocuments><cat_ru:PrDocumentName>КОНТРАКТ</cat_ru:PrDocumentName><cat_ru:PrDocumentNumber>18</cat_ru:PrDocumentNumber><cat_ru:PrDocumentDate>2015-11-01</cat_ru:PrDocumentDate><cat_EDTS_cu:PresentedDocumentModeCode>03011</cat_EDTS_cu:PresentedDocumentModeCode><cat_EDTS_cu:PositionNumber>5</cat_EDTS_cu:PositionNumber></DTSInvoiceDocuments><DTSInvoiceDocuments><cat_ru:PrDocumentName>ДОПОЛНИТЕЛЬНОЕ СОГЛАШЕНИЕ</cat_ru:PrDocumentName><cat_ru:PrDocumentNumber>2</cat_ru:PrDocumentNumber><cat_ru:PrDocumentDate>2015-12-20</cat_ru:PrDocumentDate><cat_EDTS_cu:PresentedDocumentModeCode>03012</cat_EDTS_cu:PresentedDocumentModeCode><cat_EDTS_cu:PositionNumber>5</cat_EDTS_cu:PositionNumber></DTSInvoiceDocuments><DTSInvoiceDocuments><cat_ru:PrDocumentName>ДОПОЛНИТЕЛЬНОЕ СОГЛАШЕНИЕ</cat_ru:PrDocumentName><cat_ru:PrDocumentNumber>3</cat_ru:PrDocumentNumber><cat_ru:PrDocumentDate>2015-12-20</cat_ru:PrDocumentDate><cat_EDTS_cu:PresentedDocumentModeCode>03012</cat_EDTS_cu:PresentedDocumentModeCode><cat_EDTS_cu:PositionNumber>5</cat_EDTS_cu:PositionNumber></DTSInvoiceDocuments><DTSBuyerSellerDependence><cat_EDTS_cu:Column7A>0</cat_EDTS_cu:Column7A></DTSBuyerSellerDependence><DTSSellingLimitation><cat_EDTS_cu:Column8A>0</cat_EDTS_cu:Column8A><cat_EDTS_cu:Column8B>0</cat_EDTS_cu:Column8B></DTSSellingLimitation><DTSAdditionalPayments><cat_EDTS_cu:Column9A>0</cat_EDTS_cu:Column9A><cat_EDTS_cu:Column9B>0</cat_EDTS_cu:Column9B></DTSAdditionalPayments><DTSout_CUGoodsCustomsCost><SheetNumber>2</SheetNumber><SheetGoodsSerialNumber>1</SheetGoodsSerialNumber><GTDGoodsNumber>1</GTDGoodsNumber><GoodsTNVEDCode>0709200000</GoodsTNVEDCode><NationalDeclaredCustomsCost>21292.77</NationalDeclaredCustomsCost><DollarDeclaredCustomsCost>332.84</DollarDeclaredCustomsCost><ExchangeRate><RUScat_ru:CurrencyRate>63.973</RUScat_ru:CurrencyRate><RUScat_ru:CurrencyA3Code>USD</RUScat_ru:CurrencyA3Code><RUScat_ru:ScaleNumber>0</RUScat_ru:ScaleNumber></ExchangeRate><CurrencyDate>2016-09-09</CurrencyDate><MethodNumberCode>1</MethodNumberCode><DTS_CUCustomsCostCalculation><cat_EDTS_cu:DTSMethod1><cat_EDTS_cu:Method1CalculationBasis><cat_EDTS_cu:DealCurrencyAmount>332.84</cat_EDTS_cu:DealCurrencyAmount><cat_EDTS_cu:DealCurrencyCode>USD</cat_EDTS_cu:DealCurrencyCode><cat_EDTS_cu:DealNationalAmount>21292.77</cat_EDTS_cu:DealNationalAmount><cat_EDTS_cu:DealCurrencyDate>2016-09-09</cat_EDTS_cu:DealCurrencyDate><cat_EDTS_cu:DealCurrencyRate>63.973</cat_EDTS_cu:DealCurrencyRate><cat_EDTS_cu:IndirectNationalPayment>0</cat_EDTS_cu:IndirectNationalPayment><cat_EDTS_cu:BasisNationalAmount>21292.77</cat_EDTS_cu:BasisNationalAmount></cat_EDTS_cu:Method1CalculationBasis><cat_EDTS_cu:Method1AdditionalSum><cat_EDTS_cu:AgentBonus>0</cat_EDTS_cu:AgentBonus><cat_EDTS_cu:PackageExpenses>0</cat_EDTS_cu:PackageExpenses><cat_EDTS_cu:StoreCost>0</cat_EDTS_cu:StoreCost><cat_EDTS_cu:ProductionToolkitCost>0</cat_EDTS_cu:ProductionToolkitCost><cat_EDTS_cu:WorkingStockCost>0</cat_EDTS_cu:WorkingStockCost><cat_EDTS_cu:DesignPayment>0</cat_EDTS_cu:DesignPayment><cat_EDTS_cu:IntellectualPropertyPayment>0</cat_EDTS_cu:IntellectualPropertyPayment><cat_EDTS_cu:SellerIncome>0</cat_EDTS_cu:SellerIncome><cat_EDTS_cu:BorderTransportCharges>0</cat_EDTS_cu:BorderTransportCharges><cat_EDTS_cu:LoadCharges>0</cat_EDTS_cu:LoadCharges><cat_EDTS_cu:InsuranceCharges>0</cat_EDTS_cu:InsuranceCharges><cat_EDTS_cu:TotalAdditionalSum>0</cat_EDTS_cu:TotalAdditionalSum></cat_EDTS_cu:Method1AdditionalSum><cat_EDTS_cu:Method1Deduction><cat_EDTS_cu:BuildingAmount>0</cat_EDTS_cu:BuildingAmount><cat_EDTS_cu:UnionTransportCharge>0</cat_EDTS_cu:UnionTransportCharge><cat_EDTS_cu:UnionTaxPayment>0</cat_EDTS_cu:UnionTaxPayment><cat_EDTS_cu:TotalDeductionAmount>0</cat_EDTS_cu:TotalDeductionAmount></cat_EDTS_cu:Method1Deduction></cat_EDTS_cu:DTSMethod1></DTS_CUCustomsCostCalculation></DTSout_CUGoodsCustomsCost><DTSout_CUGoodsCustomsCost><SheetNumber>2</SheetNumber><SheetGoodsSerialNumber>2</SheetGoodsSerialNumber><GTDGoodsNumber>2</GTDGoodsNumber><GoodsTNVEDCode>0804300001</GoodsTNVEDCode><NationalDeclaredCustomsCost>8111.78</NationalDeclaredCustomsCost><DollarDeclaredCustomsCost>126.8</DollarDeclaredCustomsCost><ExchangeRate><RUScat_ru:CurrencyRate>63.973</RUScat_ru:CurrencyRate><RUScat_ru:CurrencyA3Code>USD</RUScat_ru:CurrencyA3Code><RUScat_ru:ScaleNumber>0</RUScat_ru:ScaleNumber></ExchangeRate><CurrencyDate>2016-09-09</CurrencyDate><MethodNumberCode>1</MethodNumberCode><DTS_CUCustomsCostCalculation><cat_EDTS_cu:DTSMethod1><cat_EDTS_cu:Method1CalculationBasis><cat_EDTS_cu:DealCurrencyAmount>126.8</cat_EDTS_cu:DealCurrencyAmount><cat_EDTS_cu:DealCurrencyCode>USD</cat_EDTS_cu:DealCurrencyCode><cat_EDTS_cu:DealNationalAmount>8111.78</cat_EDTS_cu:DealNationalAmount><cat_EDTS_cu:DealCurrencyDate>2016-09-09</cat_EDTS_cu:DealCurrencyDate><cat_EDTS_cu:DealCurrencyRate>63.973</cat_EDTS_cu:DealCurrencyRate><cat_EDTS_cu:IndirectNationalPayment>0</cat_EDTS_cu:IndirectNationalPayment><cat_EDTS_cu:BasisNationalAmount>8111.78</cat_EDTS_cu:BasisNationalAmount></cat_EDTS_cu:Method1CalculationBasis><cat_EDTS_cu:Method1AdditionalSum><cat_EDTS_cu:AgentBonus>0</cat_EDTS_cu:AgentBonus><cat_EDTS_cu:PackageExpenses>0</cat_EDTS_cu:PackageExpenses><cat_EDTS_cu:StoreCost>0</cat_EDTS_cu:StoreCost><cat_EDTS_cu:ProductionToolkitCost>0</cat_EDTS_cu:ProductionToolkitCost><cat_EDTS_cu:WorkingStockCost>0</cat_EDTS_cu:WorkingStockCost><cat_EDTS_cu:DesignPayment>0</cat_EDTS_cu:DesignPayment><cat_EDTS_cu:IntellectualPropertyPayment>0</cat_EDTS_cu:IntellectualPropertyPayment><cat_EDTS_cu:SellerIncome>0</cat_EDTS_cu:SellerIncome><cat_EDTS_cu:BorderTransportCharges>0</cat_EDTS_cu:BorderTransportCharges><cat_EDTS_cu:LoadCharges>0</cat_EDTS_cu:LoadCharges><cat_EDTS_cu:InsuranceCharges>0</cat_EDTS_cu:InsuranceCharges><cat_EDTS_cu:TotalAdditionalSum>0</cat_EDTS_cu:TotalAdditionalSum></cat_EDTS_cu:Method1AdditionalSum><cat_EDTS_cu:Method1Deduction><cat_EDTS_cu:BuildingAmount>0</cat_EDTS_cu:BuildingAmount><cat_EDTS_cu:UnionTransportCharge>0</cat_EDTS_cu:UnionTransportCharge><cat_EDTS_cu:UnionTaxPayment>0</cat_EDTS_cu:UnionTaxPayment><cat_EDTS_cu:TotalDeductionAmount>0</cat_EDTS_cu:TotalDeductionAmount></cat_EDTS_cu:Method1Deduction></cat_EDTS_cu:DTSMethod1></DTS_CUCustomsCostCalculation></DTSout_CUGoodsCustomsCost><DTSout_CUGoodsCustomsCost><SheetNumber>2</SheetNumber><SheetGoodsSerialNumber>3</SheetGoodsSerialNumber><GTDGoodsNumber>3</GTDGoodsNumber><GoodsTNVEDCode>0810902000</GoodsTNVEDCode><NationalDeclaredCustomsCost>11966.79</NationalDeclaredCustomsCost><DollarDeclaredCustomsCost>187.06</DollarDeclaredCustomsCost><ExchangeRate><RUScat_ru:CurrencyRate>63.973</RUScat_ru:CurrencyRate><RUScat_ru:CurrencyA3Code>USD</RUScat_ru:CurrencyA3Code><RUScat_ru:ScaleNumber>0</RUScat_ru:ScaleNumber></ExchangeRate><CurrencyDate>2016-09-09</CurrencyDate><MethodNumberCode>1</MethodNumberCode><DTS_CUCustomsCostCalculation><cat_EDTS_cu:DTSMethod1><cat_EDTS_cu:Method1CalculationBasis><cat_EDTS_cu:DealCurrencyAmount>187.06</cat_EDTS_cu:DealCurrencyAmount><cat_EDTS_cu:DealCurrencyCode>USD</cat_EDTS_cu:DealCurrencyCode><cat_EDTS_cu:DealNationalAmount>11966.79</cat_EDTS_cu:DealNationalAmount><cat_EDTS_cu:DealCurrencyDate>2016-09-09</cat_EDTS_cu:DealCurrencyDate><cat_EDTS_cu:DealCurrencyRate>63.973</cat_EDTS_cu:DealCurrencyRate><cat_EDTS_cu:IndirectNationalPayment>0</cat_EDTS_cu:IndirectNationalPayment><cat_EDTS_cu:BasisNationalAmount>11966.79</cat_EDTS_cu:BasisNationalAmount></cat_EDTS_cu:Method1CalculationBasis><cat_EDTS_cu:Method1AdditionalSum><cat_EDTS_cu:AgentBonus>0</cat_EDTS_cu:AgentBonus><cat_EDTS_cu:PackageExpenses>0</cat_EDTS_cu:PackageExpenses><cat_EDTS_cu:StoreCost>0</cat_EDTS_cu:StoreCost><cat_EDTS_cu:ProductionToolkitCost>0</cat_EDTS_cu:ProductionToolkitCost><cat_EDTS_cu:WorkingStockCost>0</cat_EDTS_cu:WorkingStockCost><cat_EDTS_cu:DesignPayment>0</cat_EDTS_cu:DesignPayment><cat_EDTS_cu:IntellectualPropertyPayment>0</cat_EDTS_cu:IntellectualPropertyPayment><cat_EDTS_cu:SellerIncome>0</cat_EDTS_cu:SellerIncome><cat_EDTS_cu:BorderTransportCharges>0</cat_EDTS_cu:BorderTransportCharges><cat_EDTS_cu:LoadCharges>0</cat_EDTS_cu:LoadCharges><cat_EDTS_cu:InsuranceCharges>0</cat_EDTS_cu:InsuranceCharges><cat_EDTS_cu:TotalAdditionalSum>0</cat_EDTS_cu:TotalAdditionalSum></cat_EDTS_cu:Method1AdditionalSum><cat_EDTS_cu:Method1Deduction><cat_EDTS_cu:BuildingAmount>0</cat_EDTS_cu:BuildingAmount><cat_EDTS_cu:UnionTransportCharge>0</cat_EDTS_cu:UnionTransportCharge><cat_EDTS_cu:UnionTaxPayment>0</cat_EDTS_cu:UnionTaxPayment><cat_EDTS_cu:TotalDeductionAmount>0</cat_EDTS_cu:TotalDeductionAmount></cat_EDTS_cu:Method1Deduction></cat_EDTS_cu:DTSMethod1></DTS_CUCustomsCostCalculation></DTSout_CUGoodsCustomsCost><DTSout_CUFilledPerson><RUDECLcat:SigningDetails><cat_ru:PersonSurname>КОСМЕНЮК</cat_ru:PersonSurname><cat_ru:PersonName>АНТОН</cat_ru:PersonName><cat_ru:PersonMiddleName>ИВАНОВИЧ</cat_ru:PersonMiddleName><cat_ru:PersonPost>ДИРЕКТОР</cat_ru:PersonPost><RUScat_ru:CommunicationDetails><cat_ru:Phone>89086660888</cat_ru:Phone></RUScat_ru:CommunicationDetails><RUScat_ru:SigningDate>2021-12-20T00:00:00</RUScat_ru:SigningDate></RUDECLcat:SigningDetails><RUDECLcat:SignatoryPersonIdentityDetails><RUScat_ru:IdentityCardCode>21</RUScat_ru:IdentityCardCode><RUScat_ru:IdentityCardName>ПАСРФ</RUScat_ru:IdentityCardName><RUScat_ru:IdentityCardSeries>25 04</RUScat_ru:IdentityCardSeries><RUScat_ru:IdentityCardNumber>220388</RUScat_ru:IdentityCardNumber><RUScat_ru:IdentityCardDate>2004-06-22</RUScat_ru:IdentityCardDate><RUScat_ru:OrganizationName>УВД ЛЕНИНСКОГО РАЙОНА ГОР. ИРКУТСКА</RUScat_ru:OrganizationName></RUDECLcat:SignatoryPersonIdentityDetails></DTSout_CUFilledPerson><DTSoutDeclarant><cat_ru:OrganizationName>ООО "ВУДСТОК"</cat_ru:OrganizationName><cat_ru:RFOrganizationFeatures><cat_ru:OGRN>1113850044934</cat_ru:OGRN><cat_ru:INN>3810322435</cat_ru:INN><cat_ru:KPP>381001001</cat_ru:KPP></cat_ru:RFOrganizationFeatures><RUScat_ru:SubjectAddressDetails><RUScat_ru:PostalCode>664048</RUScat_ru:PostalCode><RUScat_ru:CountryCode>RU</RUScat_ru:CountryCode><RUScat_ru:CounryName>РОССИЯ</RUScat_ru:CounryName><RUScat_ru:Region>ИРКУТСКАЯ ОБЛАСТЬ</RUScat_ru:Region><RUScat_ru:City>Г. ИРКУТСК</RUScat_ru:City><RUScat_ru:StreetHouse>УЛ. ЯРОСЛАВСКОГО, 276 - 93</RUScat_ru:StreetHouse></RUScat_ru:SubjectAddressDetails></DTSoutDeclarant><DeliveryTerms><cat_ru:DeliveryPlace>МОСКВА</cat_ru:DeliveryPlace><cat_ru:DeliveryTermsStringCode>CPT</cat_ru:DeliveryTermsStringCode></DeliveryTerms></DTSout_CU></DocBody></ContainerDoc></ED_Container><!--ND=10005022/201221/0058646--><!--Local=10210000/201221/0000019-->