<?xml version="1.0" encoding="utf-8"?><ED_Container xmlns:cat_ru="urn:customs.ru:CommonAggregateTypes:5.10.0" DocumentModeID="1006058E" xmlns="urn:customs.ru:Information:ExchangeDocuments:ED_Container:5.13.1"><cat_ru:DocumentID>B4A44C51-3982-4A7A-882F-EF6491A78140</cat_ru:DocumentID><ContainerDoc><DocBody><ESADout_CU xmlns:RUScat_ru="urn:customs.ru:RUSCommonAggregateTypes:5.16.0" xmlns:cat_ru="urn:customs.ru:CommonAggregateTypes:5.10.0" xmlns:RUDECLcat="urn:customs.ru:RUDeclCommonAggregateTypesCust:5.17.0" xmlns:catESAD_cu="urn:customs.ru:CUESADCommonAggregateTypesCust:5.17.0" DocumentModeID="1006107E" xmlns="urn:customs.ru:Information:CustomsDocuments:ESADout_CU:5.17.0"><cat_ru:DocumentID>89920BA9-1A21-4616-A889-029F30C8263D</cat_ru:DocumentID><EECEDocHeaderAddInfo><RUScat_ru:EDocCode>R.036</RUScat_ru:EDocCode><RUScat_ru:EDocDateTime>2021-12-20T00:00:00</RUScat_ru:EDocDateTime><RUScat_ru:LanguageCode>RU</RUScat_ru:LanguageCode><RUScat_ru:SourceCountryCode>RU</RUScat_ru:SourceCountryCode><RUScat_ru:DestinationCountryCode>RU</RUScat_ru:DestinationCountryCode></EECEDocHeaderAddInfo><CustomsProcedure>ЭК</CustomsProcedure><CustomsModeCode>10</CustomsModeCode><ElectronicDocumentSign>ЭД</ElectronicDocumentSign><RecipientCountryCode>RU</RecipientCountryCode><ESADout_CUGoodsShipment><catESAD_cu:OriginCountryName>РОССИЯ</catESAD_cu:OriginCountryName><catESAD_cu:OriginCountryCode>RU</catESAD_cu:OriginCountryCode><catESAD_cu:TotalGoodsNumber>1</catESAD_cu:TotalGoodsNumber><catESAD_cu:TotalPackageNumber>0</catESAD_cu:TotalPackageNumber><catESAD_cu:TotalSheetNumber>1</catESAD_cu:TotalSheetNumber><ESADout_CUConsignor><cat_ru:OrganizationName>ООО "БАЙКАЛВЭД"</cat_ru:OrganizationName><cat_ru:RFOrganizationFeatures><cat_ru:OGRN>1123850025991</cat_ru:OGRN><cat_ru:INN>3808224590</cat_ru:INN><cat_ru:KPP>380801001</cat_ru:KPP></cat_ru:RFOrganizationFeatures><RUScat_ru:SubjectAddressDetails><RUScat_ru:PostalCode>664007</RUScat_ru:PostalCode><RUScat_ru:CountryCode>RU</RUScat_ru:CountryCode><RUScat_ru:CounryName>РОССИЯ</RUScat_ru:CounryName><RUScat_ru:Region>ИРКУТСКАЯ ОБЛАСТЬ</RUScat_ru:Region><RUScat_ru:City>Г.ИРКУТСК</RUScat_ru:City><RUScat_ru:StreetHouse>УЛ.БАЙКАЛЬСКАЯ,Д.15,ОФ.4</RUScat_ru:StreetHouse></RUScat_ru:SubjectAddressDetails></ESADout_CUConsignor><ESADout_CUConsignee><cat_ru:OrganizationName>ОБЩЕСТВО С ОГРАНИЧЕННОЙ ОТВЕТСТВЕННОСТЬЮ "ЦЗЮНЬ И"</cat_ru:OrganizationName><RUScat_ru:SubjectAddressDetails><RUScat_ru:CountryCode>CN</RUScat_ru:CountryCode><RUScat_ru:CounryName>КИТАЙ</RUScat_ru:CounryName><RUScat_ru:Region>СИЛИНГОЛСКОГО АЙМАКА АРВМ</RUScat_ru:Region><RUScat_ru:City>Г.ЭРЛЯНЬ</RUScat_ru:City><RUScat_ru:StreetHouse>№2 К ЮГУ ОТ УЛ.СИНЬ ХУА, ЗДАНИЕ ПРИ ПОЧТЕ Э2, КВ.2</RUScat_ru:StreetHouse></RUScat_ru:SubjectAddressDetails></ESADout_CUConsignee><ESADout_CUFinancialAdjustingResponsiblePerson><DeclarantEqualFlag>1</DeclarantEqualFlag></ESADout_CUFinancialAdjustingResponsiblePerson><ESADout_CUDeclarant><cat_ru:OrganizationName>ООО "ВУДСТОК"</cat_ru:OrganizationName><cat_ru:RFOrganizationFeatures><cat_ru:OGRN>1173850026130</cat_ru:OGRN><cat_ru:INN>3811447490</cat_ru:INN><cat_ru:KPP>381101001</cat_ru:KPP></cat_ru:RFOrganizationFeatures><RUScat_ru:SubjectAddressDetails><RUScat_ru:PostalCode>664009</RUScat_ru:PostalCode><RUScat_ru:CountryCode>RU</RUScat_ru:CountryCode><RUScat_ru:CounryName>РОССИЯ</RUScat_ru:CounryName><RUScat_ru:Region>ИРКУТСКАЯ ОБЛАСТЬ</RUScat_ru:Region><RUScat_ru:City>Г.ИРКУТСК</RUScat_ru:City><RUScat_ru:StreetHouse>УЛ.ШИРЯМОВА, ДОМ 56</RUScat_ru:StreetHouse></RUScat_ru:SubjectAddressDetails></ESADout_CUDeclarant><ESADout_CUGoodsLocation><InformationTypeCode>99</InformationTypeCode><CustomsOffice>10607040</CustomsOffice><CustomsCountryCode>RU</CustomsCountryCode><Address><RUScat_ru:CountryCode>RU</RUScat_ru:CountryCode><RUScat_ru:CounryName>РОССИЯ</RUScat_ru:CounryName><RUScat_ru:Region>ИРКУТСКАЯ ОБЛАСТЬ</RUScat_ru:Region><RUScat_ru:City>Г.ИРКУТСК</RUScat_ru:City><RUScat_ru:StreetHouse>УЛ.ТРАКТОВАЯ 2Д</RUScat_ru:StreetHouse></Address></ESADout_CUGoodsLocation><ESADout_CUConsigment><catESAD_cu:ContainerIndicator>0</catESAD_cu:ContainerIndicator><catESAD_cu:DispatchCountryCode>RU</catESAD_cu:DispatchCountryCode><catESAD_cu:DispatchCountryName>РОССИЯ</catESAD_cu:DispatchCountryName><catESAD_cu:DestinationCountryCode>CN</catESAD_cu:DestinationCountryCode><catESAD_cu:DestinationCountryName>КИТАЙ</catESAD_cu:DestinationCountryName><ESADout_CUDepartureArrivalTransport><cat_ru:TransportModeCode>20</cat_ru:TransportModeCode><TransportMeansQuantity>1</TransportMeansQuantity><TransportMeans><cat_ru:TransportIdentifier>92664333</cat_ru:TransportIdentifier></TransportMeans></ESADout_CUDepartureArrivalTransport><ESADout_CUBorderTransport><cat_ru:TransportModeCode>20</cat_ru:TransportModeCode></ESADout_CUBorderTransport></ESADout_CUConsigment><ESADout_CUMainContractTerms><catESAD_cu:ContractCurrencyCode>RUB</catESAD_cu:ContractCurrencyCode><catESAD_cu:TotalInvoiceAmount>8320</catESAD_cu:TotalInvoiceAmount><catESAD_cu:TradeCountryCode>CN</catESAD_cu:TradeCountryCode><catESAD_cu:DealFeatureCode>00</catESAD_cu:DealFeatureCode><catESAD_cu:DealNatureCode>010</catESAD_cu:DealNatureCode><catESAD_cu:CUESADDeliveryTerms><cat_ru:DeliveryPlace>РАЗНЫЕ</cat_ru:DeliveryPlace></catESAD_cu:CUESADDeliveryTerms></ESADout_CUMainContractTerms><ESADout_CUGoods><catESAD_cu:GoodsNumeric>1</catESAD_cu:GoodsNumeric><catESAD_cu:GoodsDescription>ЛЕСОМАТЕРИАЛЫ Х/П,РАСПИЛЕННЫЕ ВДОЛЬ,НЕСТРОГАНЫЕ,НЕЛУЩЕНЫЕ,НЕОБТЕСАННЫЕ,НЕШЛИФОВАННЫЕ,Н Е ИМЕЮЩИЕ СОЕДИНЕНИЯ В ШИП,СОСНА ОБЫКНОВЕННАЯ (PINUS SYLVESTRIS L.) ,СОРТ,КАЧЕСТВО,ОТКЛОНЕНИЯ ОПРЕДЕЛЯЮТСЯ СОГЛАСНО ГОСТ 8486-86,24454-80,РАЗМЕРЫ ОПРЕДЕЛЯЮТСЯ СОГЛ</catESAD_cu:GoodsDescription><catESAD_cu:GoodsDescription>АСНО УСЛОВИЯМ КОНТРАКТА,ПРИПУСКИ СОГЛАСНО ГОСТ 6782.1-75. ВЛАЖНОСТЬ ПРИ ОБРАБОТКЕ 50%,ВЛАЖНОСТЬ ПРИ ПОДАЧЕ 50%,ОБЪЕМ ОПРЕДЕЛЯЕТСЯ СОГЛАСНО М 13-24-13 ФР.1.27.2014.17136. ОБЩИЙ ОБЪЕМ ПИЛОМАТЕРИАЛОВ ПО КОНТРАКТУ 30000 ВСЕГО КОЛИЧЕСТВО 409ШТ. ВСЕГО ОБЪ</catESAD_cu:GoodsDescription><catESAD_cu:GoodsDescription>Е М С УЧЕТОМ НОМИНАЛЬНЫХ РАЗМЕРОВ 115.5М3/ОБЪЕМ С УЧЕТОМ ПРЕДЕЛЬНЫХ ОТКЛОНЕНИЙ ОТ НОМИНАЛЬНЫХ РАЗМЕРОВ И ПРИПУСКОВ 119.56М3 СОРТ 1-4,ГОСТ 8486-86,НОМИНАЛЬНАЯ ДЛИНА 4000,4050,4100,4150М; ПРЕДЕЛЬНЫЕ ОТКЛОНЕНИЯ ОТ НОМИНАЛЬНЫХ РАЗМЕРОВ: ПО ДЛИНЕ 50ММ.,ПО</catESAD_cu:GoodsDescription><catESAD_cu:GoodsDescription>Т ОЛЩИНЕ 3ММ.,ПО ШИРИНЕ 3ММ.; ПРИПУСК ПО ТОЛЩИНЕ 0ММ.,ПО ШИРИНЕ 0ММ.;</catESAD_cu:GoodsDescription><catESAD_cu:GrossWeightQuantity>68500</catESAD_cu:GrossWeightQuantity><catESAD_cu:NetWeightQuantity>68345</catESAD_cu:NetWeightQuantity><catESAD_cu:NetWeightQuantity2>0</catESAD_cu:NetWeightQuantity2><catESAD_cu:InvoicedCost>8320</catESAD_cu:InvoicedCost><catESAD_cu:StatisticalCost>112.84</catESAD_cu:StatisticalCost><catESAD_cu:GoodsTNVEDCode>4407119300</catESAD_cu:GoodsTNVEDCode><catESAD_cu:GoodsTraceabilityCode>П</catESAD_cu:GoodsTraceabilityCode><catESAD_cu:OriginCountryCode>RU</catESAD_cu:OriginCountryCode><catESAD_cu:AdditionalSheetCount>1</catESAD_cu:AdditionalSheetCount><catESAD_cu:GoodsGroupDescription><catESAD_cu:GoodsDescription>:ДЛИНА 5000ММ(ОТКЛ.40), ТОЛЩИНА 200ММ(ОТКЛ.0), ШИРИНА 250ММ(ОТКЛ.0), 68 ШТ, 160ДОЛЛ.США/М3-17М3/С ПРЕДЕЛЬНЫМ ОТКЛОНЕНИЕМ ОТ НОМИНАЛЬНЫХ РАЗМЕРОВ</catESAD_cu:GoodsDescription><catESAD_cu:GoodsGroupInformation><catESAD_cu:Manufacturer>СОСНА</catESAD_cu:Manufacturer><catESAD_cu:GoodsStandard>8486-86</catESAD_cu:GoodsStandard><catESAD_cu:GoodsSort>1-3</catESAD_cu:GoodsSort><catESAD_cu:WoodDescriptionDetails><catESAD_cu:WoodSortiment>ПИЛОМАТЕРИАЛ  ОБРЕЗНОЙ</catESAD_cu:WoodSortiment><catESAD_cu:WoodKind>СОСНА</catESAD_cu:WoodKind><catESAD_cu:DeviationDetails><catESAD_cu:LengthMeasure><catESAD_cu:MeasuredAmount>0.04</catESAD_cu:MeasuredAmount><catESAD_cu:MeasureUnitQualifierName>М</catESAD_cu:MeasureUnitQualifierName><catESAD_cu:MeasureUnitQualifierCode>006</catESAD_cu:MeasureUnitQualifierCode></catESAD_cu:LengthMeasure></catESAD_cu:DeviationDetails><catESAD_cu:ContractVolumeMeasure><cat_ru:GoodsQuantity>17</cat_ru:GoodsQuantity><cat_ru:MeasureUnitQualifierName>М3</cat_ru:MeasureUnitQualifierName><cat_ru:MeasureUnitQualifierCode>113</cat_ru:MeasureUnitQualifierCode></catESAD_cu:ContractVolumeMeasure><catESAD_cu:FactVolumeMeasure><cat_ru:GoodsQuantity>17.136</cat_ru:GoodsQuantity><cat_ru:MeasureUnitQualifierName>М3</cat_ru:MeasureUnitQualifierName><cat_ru:MeasureUnitQualifierCode>113</cat_ru:MeasureUnitQualifierCode></catESAD_cu:FactVolumeMeasure></catESAD_cu:WoodDescriptionDetails><catESAD_cu:Dimensions><catESAD_cu:LengthMeasure><catESAD_cu:MeasuredAmount>5</catESAD_cu:MeasuredAmount><catESAD_cu:MeasureUnitQualifierName>М</catESAD_cu:MeasureUnitQualifierName><catESAD_cu:MeasureUnitQualifierCode>006</catESAD_cu:MeasureUnitQualifierCode></catESAD_cu:LengthMeasure><catESAD_cu:WidthMeasure><catESAD_cu:MeasuredAmount>0.25</catESAD_cu:MeasuredAmount><catESAD_cu:MeasureUnitQualifierName>М</catESAD_cu:MeasureUnitQualifierName><catESAD_cu:MeasureUnitQualifierCode>006</catESAD_cu:MeasureUnitQualifierCode></catESAD_cu:WidthMeasure><catESAD_cu:HeightMeasure><catESAD_cu:MeasuredAmount>0.2</catESAD_cu:MeasuredAmount><catESAD_cu:MeasureUnitQualifierName>М</catESAD_cu:MeasureUnitQualifierName><catESAD_cu:MeasureUnitQualifierCode>006</catESAD_cu:MeasureUnitQualifierCode></catESAD_cu:HeightMeasure></catESAD_cu:Dimensions><catESAD_cu:GoodsGroupQuantity><catESAD_cu:GoodsQuantity>17.136</catESAD_cu:GoodsQuantity><catESAD_cu:MeasureUnitQualifierName>М3</catESAD_cu:MeasureUnitQualifierName><catESAD_cu:MeasureUnitQualifierCode>113</catESAD_cu:MeasureUnitQualifierCode></catESAD_cu:GoodsGroupQuantity><catESAD_cu:InvoicedCost>160</catESAD_cu:InvoicedCost></catESAD_cu:GoodsGroupInformation><catESAD_cu:GroupNum>1</catESAD_cu:GroupNum></catESAD_cu:GoodsGroupDescription><catESAD_cu:GoodsGroupDescription><catESAD_cu:GoodsDescription>ДЛИНА 4050ММ(ОТКЛ.40), ТОЛЩИНА 200ММ(ОТКЛ.0), ШИРИНА 250ММ(ОТКЛ.0),  10 ШТ, 160ДОЛЛ.США/М3-2.025М3/С ПРЕДЕЛЬНЫМ ОТКЛОНЕНИЕМ ОТ НОМИНАЛЬНЫХ РАЗМЕРОВ</catESAD_cu:GoodsDescription><catESAD_cu:GoodsGroupInformation><catESAD_cu:Manufacturer>СОСНА</catESAD_cu:Manufacturer><catESAD_cu:GoodsStandard>8486-86</catESAD_cu:GoodsStandard><catESAD_cu:GoodsSort>1-3</catESAD_cu:GoodsSort><catESAD_cu:WoodDescriptionDetails><catESAD_cu:WoodSortiment>ПИЛОМАТЕРИАЛ  ОБРЕЗНОЙ</catESAD_cu:WoodSortiment><catESAD_cu:WoodKind>СОСНА</catESAD_cu:WoodKind><catESAD_cu:DeviationDetails><catESAD_cu:LengthMeasure><catESAD_cu:MeasuredAmount>0.04</catESAD_cu:MeasuredAmount><catESAD_cu:MeasureUnitQualifierName>М</catESAD_cu:MeasureUnitQualifierName><catESAD_cu:MeasureUnitQualifierCode>006</catESAD_cu:MeasureUnitQualifierCode></catESAD_cu:LengthMeasure></catESAD_cu:DeviationDetails><catESAD_cu:ContractVolumeMeasure><cat_ru:GoodsQuantity>2.025</cat_ru:GoodsQuantity><cat_ru:MeasureUnitQualifierName>М3</cat_ru:MeasureUnitQualifierName><cat_ru:MeasureUnitQualifierCode>113</cat_ru:MeasureUnitQualifierCode></catESAD_cu:ContractVolumeMeasure><catESAD_cu:FactVolumeMeasure><cat_ru:GoodsQuantity>2.045</cat_ru:GoodsQuantity><cat_ru:MeasureUnitQualifierName>М3</cat_ru:MeasureUnitQualifierName><cat_ru:MeasureUnitQualifierCode>113</cat_ru:MeasureUnitQualifierCode></catESAD_cu:FactVolumeMeasure></catESAD_cu:WoodDescriptionDetails><catESAD_cu:Dimensions><catESAD_cu:LengthMeasure><catESAD_cu:MeasuredAmount>4.05</catESAD_cu:MeasuredAmount><catESAD_cu:MeasureUnitQualifierName>М</catESAD_cu:MeasureUnitQualifierName><catESAD_cu:MeasureUnitQualifierCode>006</catESAD_cu:MeasureUnitQualifierCode></catESAD_cu:LengthMeasure><catESAD_cu:WidthMeasure><catESAD_cu:MeasuredAmount>0.25</catESAD_cu:MeasuredAmount><catESAD_cu:MeasureUnitQualifierName>М</catESAD_cu:MeasureUnitQualifierName><catESAD_cu:MeasureUnitQualifierCode>006</catESAD_cu:MeasureUnitQualifierCode></catESAD_cu:WidthMeasure><catESAD_cu:HeightMeasure><catESAD_cu:MeasuredAmount>0.2</catESAD_cu:MeasuredAmount><catESAD_cu:MeasureUnitQualifierName>М</catESAD_cu:MeasureUnitQualifierName><catESAD_cu:MeasureUnitQualifierCode>006</catESAD_cu:MeasureUnitQualifierCode></catESAD_cu:HeightMeasure></catESAD_cu:Dimensions><catESAD_cu:GoodsGroupQuantity><catESAD_cu:GoodsQuantity>2.045</catESAD_cu:GoodsQuantity><catESAD_cu:MeasureUnitQualifierName>М3</catESAD_cu:MeasureUnitQualifierName><catESAD_cu:MeasureUnitQualifierCode>113</catESAD_cu:MeasureUnitQualifierCode></catESAD_cu:GoodsGroupQuantity><catESAD_cu:InvoicedCost>160</catESAD_cu:InvoicedCost></catESAD_cu:GoodsGroupInformation><catESAD_cu:GroupNum>2</catESAD_cu:GroupNum></catESAD_cu:GoodsGroupDescription><catESAD_cu:GoodsGroupDescription><catESAD_cu:GoodsDescription>ДЛИНА 4100ММ(ОТКЛ.40), ТОЛЩИНА 200ММ(ОТКЛ.0), ШИРИНА 250ММ(ОТКЛ.0),  5 ШТ, 160ДОЛЛ.США/М3-1.025М3/С ПРЕДЕЛЬНЫМ ОТКЛОНЕНИЕМ ОТ НОМИНАЛЬНЫХ РАЗМЕРОВ</catESAD_cu:GoodsDescription><catESAD_cu:GoodsGroupInformation><catESAD_cu:Manufacturer>СОСНА</catESAD_cu:Manufacturer><catESAD_cu:GoodsStandard>8486-86</catESAD_cu:GoodsStandard><catESAD_cu:GoodsSort>1-3</catESAD_cu:GoodsSort><catESAD_cu:WoodDescriptionDetails><catESAD_cu:WoodSortiment>ПИЛОМАТЕРИАЛ  ОБРЕЗНОЙ</catESAD_cu:WoodSortiment><catESAD_cu:WoodKind>СОСНА</catESAD_cu:WoodKind><catESAD_cu:DeviationDetails><catESAD_cu:LengthMeasure><catESAD_cu:MeasuredAmount>0.04</catESAD_cu:MeasuredAmount><catESAD_cu:MeasureUnitQualifierName>М</catESAD_cu:MeasureUnitQualifierName><catESAD_cu:MeasureUnitQualifierCode>006</catESAD_cu:MeasureUnitQualifierCode></catESAD_cu:LengthMeasure></catESAD_cu:DeviationDetails><catESAD_cu:ContractVolumeMeasure><cat_ru:GoodsQuantity>1.025</cat_ru:GoodsQuantity><cat_ru:MeasureUnitQualifierName>М3</cat_ru:MeasureUnitQualifierName><cat_ru:MeasureUnitQualifierCode>113</cat_ru:MeasureUnitQualifierCode></catESAD_cu:ContractVolumeMeasure><catESAD_cu:FactVolumeMeasure><cat_ru:GoodsQuantity>1.035</cat_ru:GoodsQuantity><cat_ru:MeasureUnitQualifierName>М3</cat_ru:MeasureUnitQualifierName><cat_ru:MeasureUnitQualifierCode>113</cat_ru:MeasureUnitQualifierCode></catESAD_cu:FactVolumeMeasure></catESAD_cu:WoodDescriptionDetails><catESAD_cu:Dimensions><catESAD_cu:LengthMeasure><catESAD_cu:MeasuredAmount>4.1</catESAD_cu:MeasuredAmount><catESAD_cu:MeasureUnitQualifierName>М</catESAD_cu:MeasureUnitQualifierName><catESAD_cu:MeasureUnitQualifierCode>006</catESAD_cu:MeasureUnitQualifierCode></catESAD_cu:LengthMeasure><catESAD_cu:WidthMeasure><catESAD_cu:MeasuredAmount>0.25</catESAD_cu:MeasuredAmount><catESAD_cu:MeasureUnitQualifierName>М</catESAD_cu:MeasureUnitQualifierName><catESAD_cu:MeasureUnitQualifierCode>006</catESAD_cu:MeasureUnitQualifierCode></catESAD_cu:WidthMeasure><catESAD_cu:HeightMeasure><catESAD_cu:MeasuredAmount>0.2</catESAD_cu:MeasuredAmount><catESAD_cu:MeasureUnitQualifierName>М</catESAD_cu:MeasureUnitQualifierName><catESAD_cu:MeasureUnitQualifierCode>006</catESAD_cu:MeasureUnitQualifierCode></catESAD_cu:HeightMeasure></catESAD_cu:Dimensions><catESAD_cu:GoodsGroupQuantity><catESAD_cu:GoodsQuantity>1.035</catESAD_cu:GoodsQuantity><catESAD_cu:MeasureUnitQualifierName>М3</catESAD_cu:MeasureUnitQualifierName><catESAD_cu:MeasureUnitQualifierCode>113</catESAD_cu:MeasureUnitQualifierCode></catESAD_cu:GoodsGroupQuantity><catESAD_cu:InvoicedCost>160</catESAD_cu:InvoicedCost></catESAD_cu:GoodsGroupInformation><catESAD_cu:GroupNum>3</catESAD_cu:GroupNum></catESAD_cu:GoodsGroupDescription><catESAD_cu:GoodsGroupDescription><catESAD_cu:GoodsDescription>ДЛИНА 4150ММ(ОТКЛ.40), ТОЛЩИНА 200ММ(ОТКЛ.0), ШИРИНА 250ММ(ОТКЛ.0),  5 ШТ, 160ДОЛЛ.США/М3-1.038М3/С ПРЕДЕЛЬНЫМ ОТКЛОНЕНИЕМ ОТ НОМИНАЛЬНЫХ РАЗМЕРОВ</catESAD_cu:GoodsDescription><catESAD_cu:GoodsGroupInformation><catESAD_cu:Manufacturer>СОСНА</catESAD_cu:Manufacturer><catESAD_cu:GoodsStandard>8486-86</catESAD_cu:GoodsStandard><catESAD_cu:GoodsSort>1-3</catESAD_cu:GoodsSort><catESAD_cu:WoodDescriptionDetails><catESAD_cu:WoodSortiment>ПИЛОМАТЕРИАЛ  ОБРЕЗНОЙ</catESAD_cu:WoodSortiment><catESAD_cu:WoodKind>СОСНА</catESAD_cu:WoodKind><catESAD_cu:DeviationDetails><catESAD_cu:LengthMeasure><catESAD_cu:MeasuredAmount>0.04</catESAD_cu:MeasuredAmount><catESAD_cu:MeasureUnitQualifierName>М</catESAD_cu:MeasureUnitQualifierName><catESAD_cu:MeasureUnitQualifierCode>006</catESAD_cu:MeasureUnitQualifierCode></catESAD_cu:LengthMeasure></catESAD_cu:DeviationDetails><catESAD_cu:ContractVolumeMeasure><cat_ru:GoodsQuantity>1.038</cat_ru:GoodsQuantity><cat_ru:MeasureUnitQualifierName>М3</cat_ru:MeasureUnitQualifierName><cat_ru:MeasureUnitQualifierCode>113</cat_ru:MeasureUnitQualifierCode></catESAD_cu:ContractVolumeMeasure><catESAD_cu:FactVolumeMeasure><cat_ru:GoodsQuantity>1.0475</cat_ru:GoodsQuantity><cat_ru:MeasureUnitQualifierName>М3</cat_ru:MeasureUnitQualifierName><cat_ru:MeasureUnitQualifierCode>113</cat_ru:MeasureUnitQualifierCode></catESAD_cu:FactVolumeMeasure></catESAD_cu:WoodDescriptionDetails><catESAD_cu:Dimensions><catESAD_cu:LengthMeasure><catESAD_cu:MeasuredAmount>4.15</catESAD_cu:MeasuredAmount><catESAD_cu:MeasureUnitQualifierName>М</catESAD_cu:MeasureUnitQualifierName><catESAD_cu:MeasureUnitQualifierCode>006</catESAD_cu:MeasureUnitQualifierCode></catESAD_cu:LengthMeasure><catESAD_cu:WidthMeasure><catESAD_cu:MeasuredAmount>0.25</catESAD_cu:MeasuredAmount><catESAD_cu:MeasureUnitQualifierName>М</catESAD_cu:MeasureUnitQualifierName><catESAD_cu:MeasureUnitQualifierCode>006</catESAD_cu:MeasureUnitQualifierCode></catESAD_cu:WidthMeasure><catESAD_cu:HeightMeasure><catESAD_cu:MeasuredAmount>0.2</catESAD_cu:MeasuredAmount><catESAD_cu:MeasureUnitQualifierName>М</catESAD_cu:MeasureUnitQualifierName><catESAD_cu:MeasureUnitQualifierCode>006</catESAD_cu:MeasureUnitQualifierCode></catESAD_cu:HeightMeasure></catESAD_cu:Dimensions><catESAD_cu:GoodsGroupQuantity><catESAD_cu:GoodsQuantity>1.0475</catESAD_cu:GoodsQuantity><catESAD_cu:MeasureUnitQualifierName>М3</catESAD_cu:MeasureUnitQualifierName><catESAD_cu:MeasureUnitQualifierCode>113</catESAD_cu:MeasureUnitQualifierCode></catESAD_cu:GoodsGroupQuantity><catESAD_cu:InvoicedCost>160</catESAD_cu:InvoicedCost></catESAD_cu:GoodsGroupInformation><catESAD_cu:GroupNum>4</catESAD_cu:GroupNum></catESAD_cu:GoodsGroupDescription><catESAD_cu:GoodsGroupDescription><catESAD_cu:GoodsDescription>ДЛИНА 4000ММ(ОТКЛ.40), ТОЛЩИНА 205ММ(ОТКЛ.0), ШИРИНА 255ММ(ОТКЛ.0),  5 ШТ, 160ДОЛЛ.США/М3-1.046М3/С ПРЕДЕЛЬНЫМ ОТКЛОНЕНИЕМ ОТ НОМИНАЛЬНЫХ РАЗМЕРОВ</catESAD_cu:GoodsDescription><catESAD_cu:GoodsGroupInformation><catESAD_cu:Manufacturer>СОСНА</catESAD_cu:Manufacturer><catESAD_cu:GoodsStandard>8486-86</catESAD_cu:GoodsStandard><catESAD_cu:GoodsSort>1-3</catESAD_cu:GoodsSort><catESAD_cu:WoodDescriptionDetails><catESAD_cu:WoodSortiment>ПИЛОМАТЕРИАЛ  ОБРЕЗНОЙ</catESAD_cu:WoodSortiment><catESAD_cu:WoodKind>СОСНА</catESAD_cu:WoodKind><catESAD_cu:DeviationDetails><catESAD_cu:LengthMeasure><catESAD_cu:MeasuredAmount>0.04</catESAD_cu:MeasuredAmount><catESAD_cu:MeasureUnitQualifierName>М</catESAD_cu:MeasureUnitQualifierName><catESAD_cu:MeasureUnitQualifierCode>006</catESAD_cu:MeasureUnitQualifierCode></catESAD_cu:LengthMeasure></catESAD_cu:DeviationDetails><catESAD_cu:ContractVolumeMeasure><cat_ru:GoodsQuantity>1.046</cat_ru:GoodsQuantity><cat_ru:MeasureUnitQualifierName>М3</cat_ru:MeasureUnitQualifierName><cat_ru:MeasureUnitQualifierCode>113</cat_ru:MeasureUnitQualifierCode></catESAD_cu:ContractVolumeMeasure><catESAD_cu:FactVolumeMeasure><cat_ru:GoodsQuantity>1.056</cat_ru:GoodsQuantity><cat_ru:MeasureUnitQualifierName>М3</cat_ru:MeasureUnitQualifierName><cat_ru:MeasureUnitQualifierCode>113</cat_ru:MeasureUnitQualifierCode></catESAD_cu:FactVolumeMeasure></catESAD_cu:WoodDescriptionDetails><catESAD_cu:Dimensions><catESAD_cu:LengthMeasure><catESAD_cu:MeasuredAmount>4</catESAD_cu:MeasuredAmount><catESAD_cu:MeasureUnitQualifierName>М</catESAD_cu:MeasureUnitQualifierName><catESAD_cu:MeasureUnitQualifierCode>006</catESAD_cu:MeasureUnitQualifierCode></catESAD_cu:LengthMeasure><catESAD_cu:WidthMeasure><catESAD_cu:MeasuredAmount>0.255</catESAD_cu:MeasuredAmount><catESAD_cu:MeasureUnitQualifierName>М</catESAD_cu:MeasureUnitQualifierName><catESAD_cu:MeasureUnitQualifierCode>006</catESAD_cu:MeasureUnitQualifierCode></catESAD_cu:WidthMeasure><catESAD_cu:HeightMeasure><catESAD_cu:MeasuredAmount>0.205</catESAD_cu:MeasuredAmount><catESAD_cu:MeasureUnitQualifierName>М</catESAD_cu:MeasureUnitQualifierName><catESAD_cu:MeasureUnitQualifierCode>006</catESAD_cu:MeasureUnitQualifierCode></catESAD_cu:HeightMeasure></catESAD_cu:Dimensions><catESAD_cu:GoodsGroupQuantity><catESAD_cu:GoodsQuantity>1.056</catESAD_cu:GoodsQuantity><catESAD_cu:MeasureUnitQualifierName>М3</catESAD_cu:MeasureUnitQualifierName><catESAD_cu:MeasureUnitQualifierCode>113</catESAD_cu:MeasureUnitQualifierCode></catESAD_cu:GoodsGroupQuantity><catESAD_cu:InvoicedCost>160</catESAD_cu:InvoicedCost></catESAD_cu:GoodsGroupInformation><catESAD_cu:GroupNum>5</catESAD_cu:GroupNum></catESAD_cu:GoodsGroupDescription><catESAD_cu:GoodsGroupDescription><catESAD_cu:GoodsDescription>ДЛИНА 4050ММ(ОТКЛ.40), ТОЛЩИНА 205ММ(ОТКЛ.0), ШИРИНА 255ММ(ОТКЛ.0),  5 ШТ, 160ДОЛЛ.США/М3-1.059М3/С ПРЕДЕЛЬНЫМ ОТКЛОНЕНИЕМ ОТ НОМИНАЛЬНЫХ РАЗМЕРОВ</catESAD_cu:GoodsDescription><catESAD_cu:GoodsGroupInformation><catESAD_cu:Manufacturer>СОСНА</catESAD_cu:Manufacturer><catESAD_cu:GoodsStandard>8486-86</catESAD_cu:GoodsStandard><catESAD_cu:GoodsSort>1-3</catESAD_cu:GoodsSort><catESAD_cu:WoodDescriptionDetails><catESAD_cu:WoodSortiment>ПИЛОМАТЕРИАЛ  ОБРЕЗНОЙ</catESAD_cu:WoodSortiment><catESAD_cu:WoodKind>СОСНА</catESAD_cu:WoodKind><catESAD_cu:DeviationDetails><catESAD_cu:LengthMeasure><catESAD_cu:MeasuredAmount>0.04</catESAD_cu:MeasuredAmount><catESAD_cu:MeasureUnitQualifierName>М</catESAD_cu:MeasureUnitQualifierName><catESAD_cu:MeasureUnitQualifierCode>006</catESAD_cu:MeasureUnitQualifierCode></catESAD_cu:LengthMeasure></catESAD_cu:DeviationDetails><catESAD_cu:ContractVolumeMeasure><cat_ru:GoodsQuantity>1.059</cat_ru:GoodsQuantity><cat_ru:MeasureUnitQualifierName>М3</cat_ru:MeasureUnitQualifierName><cat_ru:MeasureUnitQualifierCode>113</cat_ru:MeasureUnitQualifierCode></catESAD_cu:ContractVolumeMeasure><catESAD_cu:FactVolumeMeasure><cat_ru:GoodsQuantity>1.069</cat_ru:GoodsQuantity><cat_ru:MeasureUnitQualifierName>М3</cat_ru:MeasureUnitQualifierName><cat_ru:MeasureUnitQualifierCode>113</cat_ru:MeasureUnitQualifierCode></catESAD_cu:FactVolumeMeasure></catESAD_cu:WoodDescriptionDetails><catESAD_cu:Dimensions><catESAD_cu:LengthMeasure><catESAD_cu:MeasuredAmount>4.05</catESAD_cu:MeasuredAmount><catESAD_cu:MeasureUnitQualifierName>М</catESAD_cu:MeasureUnitQualifierName><catESAD_cu:MeasureUnitQualifierCode>006</catESAD_cu:MeasureUnitQualifierCode></catESAD_cu:LengthMeasure><catESAD_cu:WidthMeasure><catESAD_cu:MeasuredAmount>0.255</catESAD_cu:MeasuredAmount><catESAD_cu:MeasureUnitQualifierName>М</catESAD_cu:MeasureUnitQualifierName><catESAD_cu:MeasureUnitQualifierCode>006</catESAD_cu:MeasureUnitQualifierCode></catESAD_cu:WidthMeasure><catESAD_cu:HeightMeasure><catESAD_cu:MeasuredAmount>0.205</catESAD_cu:MeasuredAmount><catESAD_cu:MeasureUnitQualifierName>М</catESAD_cu:MeasureUnitQualifierName><catESAD_cu:MeasureUnitQualifierCode>006</catESAD_cu:MeasureUnitQualifierCode></catESAD_cu:HeightMeasure></catESAD_cu:Dimensions><catESAD_cu:GoodsGroupQuantity><catESAD_cu:GoodsQuantity>1.069</catESAD_cu:GoodsQuantity><catESAD_cu:MeasureUnitQualifierName>М3</catESAD_cu:MeasureUnitQualifierName><catESAD_cu:MeasureUnitQualifierCode>113</catESAD_cu:MeasureUnitQualifierCode></catESAD_cu:GoodsGroupQuantity><catESAD_cu:InvoicedCost>160</catESAD_cu:InvoicedCost></catESAD_cu:GoodsGroupInformation><catESAD_cu:GroupNum>6</catESAD_cu:GroupNum></catESAD_cu:GoodsGroupDescription><catESAD_cu:GoodsGroupDescription><catESAD_cu:GoodsDescription>ДЛИНА 4100ММ(ОТКЛ.40), ТОЛЩИНА 205ММ(ОТКЛ.0), ШИРИНА 255ММ(ОТКЛ.0),  5 ШТ, 160ДОЛЛ.США/М3-1.072М3/С ПРЕДЕЛЬНЫМ ОТКЛОНЕНИЕМ ОТ НОМИНАЛЬНЫХ РАЗМЕРОВ</catESAD_cu:GoodsDescription><catESAD_cu:GoodsGroupInformation><catESAD_cu:Manufacturer>СОСНА</catESAD_cu:Manufacturer><catESAD_cu:GoodsStandard>8486-86</catESAD_cu:GoodsStandard><catESAD_cu:GoodsSort>1-3</catESAD_cu:GoodsSort><catESAD_cu:WoodDescriptionDetails><catESAD_cu:WoodSortiment>ПИЛОМАТЕРИАЛ  ОБРЕЗНОЙ</catESAD_cu:WoodSortiment><catESAD_cu:WoodKind>СОСНА</catESAD_cu:WoodKind><catESAD_cu:DeviationDetails><catESAD_cu:LengthMeasure><catESAD_cu:MeasuredAmount>0.04</catESAD_cu:MeasuredAmount><catESAD_cu:MeasureUnitQualifierName>М</catESAD_cu:MeasureUnitQualifierName><catESAD_cu:MeasureUnitQualifierCode>006</catESAD_cu:MeasureUnitQualifierCode></catESAD_cu:LengthMeasure></catESAD_cu:DeviationDetails><catESAD_cu:ContractVolumeMeasure><cat_ru:GoodsQuantity>1.072</cat_ru:GoodsQuantity><cat_ru:MeasureUnitQualifierName>М3</cat_ru:MeasureUnitQualifierName><cat_ru:MeasureUnitQualifierCode>113</cat_ru:MeasureUnitQualifierCode></catESAD_cu:ContractVolumeMeasure><catESAD_cu:FactVolumeMeasure><cat_ru:GoodsQuantity>1.082</cat_ru:GoodsQuantity><cat_ru:MeasureUnitQualifierName>М3</cat_ru:MeasureUnitQualifierName><cat_ru:MeasureUnitQualifierCode>113</cat_ru:MeasureUnitQualifierCode></catESAD_cu:FactVolumeMeasure></catESAD_cu:WoodDescriptionDetails><catESAD_cu:Dimensions><catESAD_cu:LengthMeasure><catESAD_cu:MeasuredAmount>4.1</catESAD_cu:MeasuredAmount><catESAD_cu:MeasureUnitQualifierName>М</catESAD_cu:MeasureUnitQualifierName><catESAD_cu:MeasureUnitQualifierCode>006</catESAD_cu:MeasureUnitQualifierCode></catESAD_cu:LengthMeasure><catESAD_cu:WidthMeasure><catESAD_cu:MeasuredAmount>0.255</catESAD_cu:MeasuredAmount><catESAD_cu:MeasureUnitQualifierName>М</catESAD_cu:MeasureUnitQualifierName><catESAD_cu:MeasureUnitQualifierCode>006</catESAD_cu:MeasureUnitQualifierCode></catESAD_cu:WidthMeasure><catESAD_cu:HeightMeasure><catESAD_cu:MeasuredAmount>0.205</catESAD_cu:MeasuredAmount><catESAD_cu:MeasureUnitQualifierName>М</catESAD_cu:MeasureUnitQualifierName><catESAD_cu:MeasureUnitQualifierCode>006</catESAD_cu:MeasureUnitQualifierCode></catESAD_cu:HeightMeasure></catESAD_cu:Dimensions><catESAD_cu:GoodsGroupQuantity><catESAD_cu:GoodsQuantity>1.082</catESAD_cu:GoodsQuantity><catESAD_cu:MeasureUnitQualifierName>М3</catESAD_cu:MeasureUnitQualifierName><catESAD_cu:MeasureUnitQualifierCode>113</catESAD_cu:MeasureUnitQualifierCode></catESAD_cu:GoodsGroupQuantity><catESAD_cu:InvoicedCost>160</catESAD_cu:InvoicedCost></catESAD_cu:GoodsGroupInformation><catESAD_cu:GroupNum>7</catESAD_cu:GroupNum></catESAD_cu:GoodsGroupDescription><catESAD_cu:GoodsGroupDescription><catESAD_cu:GoodsDescription>ДЛИНА 4150ММ(ОТКЛ.40), ТОЛЩИНА 205ММ(ОТКЛ.0), ШИРИНА 255ММ(ОТКЛ.0),  5 ШТ, 160ДОЛЛ.США/М3-1.085М3/С ПРЕДЕЛЬНЫМ ОТКЛОНЕНИЕМ ОТ НОМИНАЛЬНЫХ РАЗМЕРОВ</catESAD_cu:GoodsDescription><catESAD_cu:GoodsGroupInformation><catESAD_cu:Manufacturer>СОСНА</catESAD_cu:Manufacturer><catESAD_cu:GoodsStandard>8486-86</catESAD_cu:GoodsStandard><catESAD_cu:GoodsSort>1-3</catESAD_cu:GoodsSort><catESAD_cu:WoodDescriptionDetails><catESAD_cu:WoodSortiment>ПИЛОМАТЕРИАЛ  ОБРЕЗНОЙ</catESAD_cu:WoodSortiment><catESAD_cu:WoodKind>СОСНА</catESAD_cu:WoodKind><catESAD_cu:DeviationDetails><catESAD_cu:LengthMeasure><catESAD_cu:MeasuredAmount>0.04</catESAD_cu:MeasuredAmount><catESAD_cu:MeasureUnitQualifierName>М</catESAD_cu:MeasureUnitQualifierName><catESAD_cu:MeasureUnitQualifierCode>006</catESAD_cu:MeasureUnitQualifierCode></catESAD_cu:LengthMeasure></catESAD_cu:DeviationDetails><catESAD_cu:ContractVolumeMeasure><cat_ru:GoodsQuantity>1.085</cat_ru:GoodsQuantity><cat_ru:MeasureUnitQualifierName>М3</cat_ru:MeasureUnitQualifierName><cat_ru:MeasureUnitQualifierCode>113</cat_ru:MeasureUnitQualifierCode></catESAD_cu:ContractVolumeMeasure><catESAD_cu:FactVolumeMeasure><cat_ru:GoodsQuantity>1.095</cat_ru:GoodsQuantity><cat_ru:MeasureUnitQualifierName>М3</cat_ru:MeasureUnitQualifierName><cat_ru:MeasureUnitQualifierCode>113</cat_ru:MeasureUnitQualifierCode></catESAD_cu:FactVolumeMeasure></catESAD_cu:WoodDescriptionDetails><catESAD_cu:Dimensions><catESAD_cu:LengthMeasure><catESAD_cu:MeasuredAmount>4.15</catESAD_cu:MeasuredAmount><catESAD_cu:MeasureUnitQualifierName>М</catESAD_cu:MeasureUnitQualifierName><catESAD_cu:MeasureUnitQualifierCode>006</catESAD_cu:MeasureUnitQualifierCode></catESAD_cu:LengthMeasure><catESAD_cu:WidthMeasure><catESAD_cu:MeasuredAmount>0.255</catESAD_cu:MeasuredAmount><catESAD_cu:MeasureUnitQualifierName>М</catESAD_cu:MeasureUnitQualifierName><catESAD_cu:MeasureUnitQualifierCode>006</catESAD_cu:MeasureUnitQualifierCode></catESAD_cu:WidthMeasure><catESAD_cu:HeightMeasure><catESAD_cu:MeasuredAmount>0.205</catESAD_cu:MeasuredAmount><catESAD_cu:MeasureUnitQualifierName>М</catESAD_cu:MeasureUnitQualifierName><catESAD_cu:MeasureUnitQualifierCode>006</catESAD_cu:MeasureUnitQualifierCode></catESAD_cu:HeightMeasure></catESAD_cu:Dimensions><catESAD_cu:GoodsGroupQuantity><catESAD_cu:GoodsQuantity>1.095</catESAD_cu:GoodsQuantity><catESAD_cu:MeasureUnitQualifierName>М3</catESAD_cu:MeasureUnitQualifierName><catESAD_cu:MeasureUnitQualifierCode>113</catESAD_cu:MeasureUnitQualifierCode></catESAD_cu:GoodsGroupQuantity><catESAD_cu:InvoicedCost>160</catESAD_cu:InvoicedCost></catESAD_cu:GoodsGroupInformation><catESAD_cu:GroupNum>8</catESAD_cu:GroupNum></catESAD_cu:GoodsGroupDescription><catESAD_cu:GoodsGroupDescription><catESAD_cu:GoodsDescription>ДЛИНА 4000ММ(ОТКЛ.40), ТОЛЩИНА 250ММ(ОТКЛ.0), ШИРИНА 250ММ(ОТКЛ.0), 118 ШТ, 160ДОЛЛ.США/М3-29.5М3/С ПРЕДЕЛЬНЫМ ОТКЛОНЕНИЕМ ОТ НОМИНАЛЬНЫХ РАЗМЕРОВ</catESAD_cu:GoodsDescription><catESAD_cu:GoodsGroupInformation><catESAD_cu:Manufacturer>СОСНА</catESAD_cu:Manufacturer><catESAD_cu:GoodsStandard>8486-86</catESAD_cu:GoodsStandard><catESAD_cu:GoodsSort>1-3</catESAD_cu:GoodsSort><catESAD_cu:WoodDescriptionDetails><catESAD_cu:WoodSortiment>ПИЛОМАТЕРИАЛ  ОБРЕЗНОЙ</catESAD_cu:WoodSortiment><catESAD_cu:WoodKind>СОСНА</catESAD_cu:WoodKind><catESAD_cu:DeviationDetails><catESAD_cu:LengthMeasure><catESAD_cu:MeasuredAmount>0.04</catESAD_cu:MeasuredAmount><catESAD_cu:MeasureUnitQualifierName>М</catESAD_cu:MeasureUnitQualifierName><catESAD_cu:MeasureUnitQualifierCode>006</catESAD_cu:MeasureUnitQualifierCode></catESAD_cu:LengthMeasure></catESAD_cu:DeviationDetails><catESAD_cu:ContractVolumeMeasure><cat_ru:GoodsQuantity>29.5</cat_ru:GoodsQuantity><cat_ru:MeasureUnitQualifierName>М3</cat_ru:MeasureUnitQualifierName><cat_ru:MeasureUnitQualifierCode>113</cat_ru:MeasureUnitQualifierCode></catESAD_cu:ContractVolumeMeasure><catESAD_cu:FactVolumeMeasure><cat_ru:GoodsQuantity>29.795</cat_ru:GoodsQuantity><cat_ru:MeasureUnitQualifierName>М3</cat_ru:MeasureUnitQualifierName><cat_ru:MeasureUnitQualifierCode>113</cat_ru:MeasureUnitQualifierCode></catESAD_cu:FactVolumeMeasure></catESAD_cu:WoodDescriptionDetails><catESAD_cu:Dimensions><catESAD_cu:LengthMeasure><catESAD_cu:MeasuredAmount>4</catESAD_cu:MeasuredAmount><catESAD_cu:MeasureUnitQualifierName>М</catESAD_cu:MeasureUnitQualifierName><catESAD_cu:MeasureUnitQualifierCode>006</catESAD_cu:MeasureUnitQualifierCode></catESAD_cu:LengthMeasure><catESAD_cu:WidthMeasure><catESAD_cu:MeasuredAmount>0.25</catESAD_cu:MeasuredAmount><catESAD_cu:MeasureUnitQualifierName>М</catESAD_cu:MeasureUnitQualifierName><catESAD_cu:MeasureUnitQualifierCode>006</catESAD_cu:MeasureUnitQualifierCode></catESAD_cu:WidthMeasure><catESAD_cu:HeightMeasure><catESAD_cu:MeasuredAmount>0.25</catESAD_cu:MeasuredAmount><catESAD_cu:MeasureUnitQualifierName>М</catESAD_cu:MeasureUnitQualifierName><catESAD_cu:MeasureUnitQualifierCode>006</catESAD_cu:MeasureUnitQualifierCode></catESAD_cu:HeightMeasure></catESAD_cu:Dimensions><catESAD_cu:GoodsGroupQuantity><catESAD_cu:GoodsQuantity>29.795</catESAD_cu:GoodsQuantity><catESAD_cu:MeasureUnitQualifierName>М3</catESAD_cu:MeasureUnitQualifierName><catESAD_cu:MeasureUnitQualifierCode>113</catESAD_cu:MeasureUnitQualifierCode></catESAD_cu:GoodsGroupQuantity><catESAD_cu:InvoicedCost>160</catESAD_cu:InvoicedCost></catESAD_cu:GoodsGroupInformation><catESAD_cu:GroupNum>9</catESAD_cu:GroupNum></catESAD_cu:GoodsGroupDescription><catESAD_cu:GoodsGroupDescription><catESAD_cu:GoodsDescription>ДЛИНА 4050ММ(ОТКЛ.40), ТОЛЩИНА 250ММ(ОТКЛ.0), ШИРИНА 250ММ(ОТКЛ.0),  10 ШТ, 160ДОЛЛ.США/М3-2.531М3/С ПРЕДЕЛЬНЫМ ОТКЛОНЕНИЕМ ОТ НОМИНАЛЬНЫХ РАЗМЕРОВ</catESAD_cu:GoodsDescription><catESAD_cu:GoodsGroupInformation><catESAD_cu:Manufacturer>СОСНА</catESAD_cu:Manufacturer><catESAD_cu:GoodsStandard>8486-86</catESAD_cu:GoodsStandard><catESAD_cu:GoodsSort>1-4</catESAD_cu:GoodsSort><catESAD_cu:WoodDescriptionDetails><catESAD_cu:WoodSortiment>ПИЛОМАТЕРИАЛ  ОБРЕЗНОЙ</catESAD_cu:WoodSortiment><catESAD_cu:WoodKind>СОСНА</catESAD_cu:WoodKind><catESAD_cu:DeviationDetails><catESAD_cu:LengthMeasure><catESAD_cu:MeasuredAmount>0.04</catESAD_cu:MeasuredAmount><catESAD_cu:MeasureUnitQualifierName>М</catESAD_cu:MeasureUnitQualifierName><catESAD_cu:MeasureUnitQualifierCode>006</catESAD_cu:MeasureUnitQualifierCode></catESAD_cu:LengthMeasure></catESAD_cu:DeviationDetails><catESAD_cu:ContractVolumeMeasure><cat_ru:GoodsQuantity>2.531</cat_ru:GoodsQuantity><cat_ru:MeasureUnitQualifierName>М3</cat_ru:MeasureUnitQualifierName><cat_ru:MeasureUnitQualifierCode>113</cat_ru:MeasureUnitQualifierCode></catESAD_cu:ContractVolumeMeasure><catESAD_cu:FactVolumeMeasure><cat_ru:GoodsQuantity>2.556</cat_ru:GoodsQuantity><cat_ru:MeasureUnitQualifierName>М3</cat_ru:MeasureUnitQualifierName><cat_ru:MeasureUnitQualifierCode>113</cat_ru:MeasureUnitQualifierCode></catESAD_cu:FactVolumeMeasure></catESAD_cu:WoodDescriptionDetails><catESAD_cu:Dimensions><catESAD_cu:LengthMeasure><catESAD_cu:MeasuredAmount>4.05</catESAD_cu:MeasuredAmount><catESAD_cu:MeasureUnitQualifierName>М</catESAD_cu:MeasureUnitQualifierName><catESAD_cu:MeasureUnitQualifierCode>006</catESAD_cu:MeasureUnitQualifierCode></catESAD_cu:LengthMeasure><catESAD_cu:WidthMeasure><catESAD_cu:MeasuredAmount>0.25</catESAD_cu:MeasuredAmount><catESAD_cu:MeasureUnitQualifierName>М</catESAD_cu:MeasureUnitQualifierName><catESAD_cu:MeasureUnitQualifierCode>006</catESAD_cu:MeasureUnitQualifierCode></catESAD_cu:WidthMeasure><catESAD_cu:HeightMeasure><catESAD_cu:MeasuredAmount>0.25</catESAD_cu:MeasuredAmount><catESAD_cu:MeasureUnitQualifierName>М</catESAD_cu:MeasureUnitQualifierName><catESAD_cu:MeasureUnitQualifierCode>006</catESAD_cu:MeasureUnitQualifierCode></catESAD_cu:HeightMeasure></catESAD_cu:Dimensions><catESAD_cu:GoodsGroupQuantity><catESAD_cu:GoodsQuantity>2.556</catESAD_cu:GoodsQuantity><catESAD_cu:MeasureUnitQualifierName>М3</catESAD_cu:MeasureUnitQualifierName><catESAD_cu:MeasureUnitQualifierCode>113</catESAD_cu:MeasureUnitQualifierCode></catESAD_cu:GoodsGroupQuantity><catESAD_cu:InvoicedCost>160</catESAD_cu:InvoicedCost></catESAD_cu:GoodsGroupInformation><catESAD_cu:GroupNum>10</catESAD_cu:GroupNum></catESAD_cu:GoodsGroupDescription><catESAD_cu:GoodsGroupDescription><catESAD_cu:GoodsDescription>ДЛИНА 4100ММ(ОТКЛ.40), ТОЛЩИНА 250ММ(ОТКЛ.0), ШИРИНА 250ММ(ОТКЛ.0),  5 ШТ, 160ДОЛЛ.США/М3-1.281М3/С ПРЕДЕЛЬНЫМ ОТКЛОНЕНИЕМ ОТ НОМИНАЛЬНЫХ РАЗМЕРОВ</catESAD_cu:GoodsDescription><catESAD_cu:GoodsGroupInformation><catESAD_cu:Manufacturer>СОСНА</catESAD_cu:Manufacturer><catESAD_cu:GoodsStandard>8486-86</catESAD_cu:GoodsStandard><catESAD_cu:GoodsSort>1-4</catESAD_cu:GoodsSort><catESAD_cu:WoodDescriptionDetails><catESAD_cu:WoodSortiment>ПИЛОМАТЕРИАЛ  ОБРЕЗНОЙ</catESAD_cu:WoodSortiment><catESAD_cu:WoodKind>СОСНА</catESAD_cu:WoodKind><catESAD_cu:DeviationDetails><catESAD_cu:LengthMeasure><catESAD_cu:MeasuredAmount>0.04</catESAD_cu:MeasuredAmount><catESAD_cu:MeasureUnitQualifierName>М</catESAD_cu:MeasureUnitQualifierName><catESAD_cu:MeasureUnitQualifierCode>006</catESAD_cu:MeasureUnitQualifierCode></catESAD_cu:LengthMeasure></catESAD_cu:DeviationDetails><catESAD_cu:ContractVolumeMeasure><cat_ru:GoodsQuantity>1.281</cat_ru:GoodsQuantity><cat_ru:MeasureUnitQualifierName>М3</cat_ru:MeasureUnitQualifierName><cat_ru:MeasureUnitQualifierCode>113</cat_ru:MeasureUnitQualifierCode></catESAD_cu:ContractVolumeMeasure><catESAD_cu:FactVolumeMeasure><cat_ru:GoodsQuantity>1.294</cat_ru:GoodsQuantity><cat_ru:MeasureUnitQualifierName>М3</cat_ru:MeasureUnitQualifierName><cat_ru:MeasureUnitQualifierCode>113</cat_ru:MeasureUnitQualifierCode></catESAD_cu:FactVolumeMeasure></catESAD_cu:WoodDescriptionDetails><catESAD_cu:Dimensions><catESAD_cu:LengthMeasure><catESAD_cu:MeasuredAmount>4.1</catESAD_cu:MeasuredAmount><catESAD_cu:MeasureUnitQualifierName>М</catESAD_cu:MeasureUnitQualifierName><catESAD_cu:MeasureUnitQualifierCode>006</catESAD_cu:MeasureUnitQualifierCode></catESAD_cu:LengthMeasure><catESAD_cu:WidthMeasure><catESAD_cu:MeasuredAmount>0.25</catESAD_cu:MeasuredAmount><catESAD_cu:MeasureUnitQualifierName>М</catESAD_cu:MeasureUnitQualifierName><catESAD_cu:MeasureUnitQualifierCode>006</catESAD_cu:MeasureUnitQualifierCode></catESAD_cu:WidthMeasure><catESAD_cu:HeightMeasure><catESAD_cu:MeasuredAmount>0.25</catESAD_cu:MeasuredAmount><catESAD_cu:MeasureUnitQualifierName>М</catESAD_cu:MeasureUnitQualifierName><catESAD_cu:MeasureUnitQualifierCode>006</catESAD_cu:MeasureUnitQualifierCode></catESAD_cu:HeightMeasure></catESAD_cu:Dimensions><catESAD_cu:GoodsGroupQuantity><catESAD_cu:GoodsQuantity>1.294</catESAD_cu:GoodsQuantity><catESAD_cu:MeasureUnitQualifierName>М3</catESAD_cu:MeasureUnitQualifierName><catESAD_cu:MeasureUnitQualifierCode>113</catESAD_cu:MeasureUnitQualifierCode></catESAD_cu:GoodsGroupQuantity><catESAD_cu:InvoicedCost>160</catESAD_cu:InvoicedCost></catESAD_cu:GoodsGroupInformation><catESAD_cu:GroupNum>11</catESAD_cu:GroupNum></catESAD_cu:GoodsGroupDescription><catESAD_cu:GoodsGroupDescription><catESAD_cu:GoodsDescription>ДЛИНА 4150ММ(ОТКЛ.40), ТОЛЩИНА 250ММ(ОТКЛ.0), ШИРИНА 250ММ(ОТКЛ.0),  5 ШТ, 160ДОЛЛ.США/М3-1.297М3/С ПРЕДЕЛЬНЫМ ОТКЛОНЕНИЕМ ОТ НОМИНАЛЬНЫХ РАЗМЕРОВ</catESAD_cu:GoodsDescription><catESAD_cu:GoodsGroupInformation><catESAD_cu:Manufacturer>СОСНА</catESAD_cu:Manufacturer><catESAD_cu:GoodsStandard>8486-86</catESAD_cu:GoodsStandard><catESAD_cu:GoodsSort>1-4</catESAD_cu:GoodsSort><catESAD_cu:WoodDescriptionDetails><catESAD_cu:WoodSortiment>ПИЛОМАТЕРИАЛ  ОБРЕЗНОЙ</catESAD_cu:WoodSortiment><catESAD_cu:WoodKind>СОСНА</catESAD_cu:WoodKind><catESAD_cu:DeviationDetails><catESAD_cu:LengthMeasure><catESAD_cu:MeasuredAmount>0.04</catESAD_cu:MeasuredAmount><catESAD_cu:MeasureUnitQualifierName>М</catESAD_cu:MeasureUnitQualifierName><catESAD_cu:MeasureUnitQualifierCode>006</catESAD_cu:MeasureUnitQualifierCode></catESAD_cu:LengthMeasure></catESAD_cu:DeviationDetails><catESAD_cu:ContractVolumeMeasure><cat_ru:GoodsQuantity>1.297</cat_ru:GoodsQuantity><cat_ru:MeasureUnitQualifierName>М3</cat_ru:MeasureUnitQualifierName><cat_ru:MeasureUnitQualifierCode>113</cat_ru:MeasureUnitQualifierCode></catESAD_cu:ContractVolumeMeasure><catESAD_cu:FactVolumeMeasure><cat_ru:GoodsQuantity>1.3095</cat_ru:GoodsQuantity><cat_ru:MeasureUnitQualifierName>М3</cat_ru:MeasureUnitQualifierName><cat_ru:MeasureUnitQualifierCode>113</cat_ru:MeasureUnitQualifierCode></catESAD_cu:FactVolumeMeasure></catESAD_cu:WoodDescriptionDetails><catESAD_cu:Dimensions><catESAD_cu:LengthMeasure><catESAD_cu:MeasuredAmount>4.15</catESAD_cu:MeasuredAmount><catESAD_cu:MeasureUnitQualifierName>М</catESAD_cu:MeasureUnitQualifierName><catESAD_cu:MeasureUnitQualifierCode>006</catESAD_cu:MeasureUnitQualifierCode></catESAD_cu:LengthMeasure><catESAD_cu:WidthMeasure><catESAD_cu:MeasuredAmount>0.25</catESAD_cu:MeasuredAmount><catESAD_cu:MeasureUnitQualifierName>М</catESAD_cu:MeasureUnitQualifierName><catESAD_cu:MeasureUnitQualifierCode>006</catESAD_cu:MeasureUnitQualifierCode></catESAD_cu:WidthMeasure><catESAD_cu:HeightMeasure><catESAD_cu:MeasuredAmount>0.25</catESAD_cu:MeasuredAmount><catESAD_cu:MeasureUnitQualifierName>М</catESAD_cu:MeasureUnitQualifierName><catESAD_cu:MeasureUnitQualifierCode>006</catESAD_cu:MeasureUnitQualifierCode></catESAD_cu:HeightMeasure></catESAD_cu:Dimensions><catESAD_cu:GoodsGroupQuantity><catESAD_cu:GoodsQuantity>1.3095</catESAD_cu:GoodsQuantity><catESAD_cu:MeasureUnitQualifierName>М3</catESAD_cu:MeasureUnitQualifierName><catESAD_cu:MeasureUnitQualifierCode>113</catESAD_cu:MeasureUnitQualifierCode></catESAD_cu:GoodsGroupQuantity><catESAD_cu:InvoicedCost>160</catESAD_cu:InvoicedCost></catESAD_cu:GoodsGroupInformation><catESAD_cu:GroupNum>12</catESAD_cu:GroupNum></catESAD_cu:GoodsGroupDescription><catESAD_cu:GoodsGroupDescription><catESAD_cu:GoodsDescription>ДЛИНА 4000ММ(ОТКЛ.40), ТОЛЩИНА 255ММ(ОТКЛ.0), ШИРИНА 255ММ(ОТКЛ.0),  5 ШТ, 160ДОЛЛ.США/М3-1.301М3/С ПРЕДЕЛЬНЫМ ОТКЛОНЕНИЕМ ОТ НОМИНАЛЬНЫХ РАЗМЕРОВ</catESAD_cu:GoodsDescription><catESAD_cu:GoodsGroupInformation><catESAD_cu:Manufacturer>СОСНА</catESAD_cu:Manufacturer><catESAD_cu:GoodsStandard>8486-86</catESAD_cu:GoodsStandard><catESAD_cu:GoodsSort>1-4</catESAD_cu:GoodsSort><catESAD_cu:WoodDescriptionDetails><catESAD_cu:WoodSortiment>ПИЛОМАТЕРИАЛ  ОБРЕЗНОЙ</catESAD_cu:WoodSortiment><catESAD_cu:WoodKind>СОСНА</catESAD_cu:WoodKind><catESAD_cu:DeviationDetails><catESAD_cu:LengthMeasure><catESAD_cu:MeasuredAmount>0.04</catESAD_cu:MeasuredAmount><catESAD_cu:MeasureUnitQualifierName>М</catESAD_cu:MeasureUnitQualifierName><catESAD_cu:MeasureUnitQualifierCode>006</catESAD_cu:MeasureUnitQualifierCode></catESAD_cu:LengthMeasure></catESAD_cu:DeviationDetails><catESAD_cu:ContractVolumeMeasure><cat_ru:GoodsQuantity>1.301</cat_ru:GoodsQuantity><cat_ru:MeasureUnitQualifierName>М3</cat_ru:MeasureUnitQualifierName><cat_ru:MeasureUnitQualifierCode>113</cat_ru:MeasureUnitQualifierCode></catESAD_cu:ContractVolumeMeasure><catESAD_cu:FactVolumeMeasure><cat_ru:GoodsQuantity>1.3135</cat_ru:GoodsQuantity><cat_ru:MeasureUnitQualifierName>М3</cat_ru:MeasureUnitQualifierName><cat_ru:MeasureUnitQualifierCode>113</cat_ru:MeasureUnitQualifierCode></catESAD_cu:FactVolumeMeasure></catESAD_cu:WoodDescriptionDetails><catESAD_cu:Dimensions><catESAD_cu:LengthMeasure><catESAD_cu:MeasuredAmount>4</catESAD_cu:MeasuredAmount><catESAD_cu:MeasureUnitQualifierName>М</catESAD_cu:MeasureUnitQualifierName><catESAD_cu:MeasureUnitQualifierCode>006</catESAD_cu:MeasureUnitQualifierCode></catESAD_cu:LengthMeasure><catESAD_cu:WidthMeasure><catESAD_cu:MeasuredAmount>0.255</catESAD_cu:MeasuredAmount><catESAD_cu:MeasureUnitQualifierName>М</catESAD_cu:MeasureUnitQualifierName><catESAD_cu:MeasureUnitQualifierCode>006</catESAD_cu:MeasureUnitQualifierCode></catESAD_cu:WidthMeasure><catESAD_cu:HeightMeasure><catESAD_cu:MeasuredAmount>0.255</catESAD_cu:MeasuredAmount><catESAD_cu:MeasureUnitQualifierName>М</catESAD_cu:MeasureUnitQualifierName><catESAD_cu:MeasureUnitQualifierCode>006</catESAD_cu:MeasureUnitQualifierCode></catESAD_cu:HeightMeasure></catESAD_cu:Dimensions><catESAD_cu:GoodsGroupQuantity><catESAD_cu:GoodsQuantity>1.3135</catESAD_cu:GoodsQuantity><catESAD_cu:MeasureUnitQualifierName>М3</catESAD_cu:MeasureUnitQualifierName><catESAD_cu:MeasureUnitQualifierCode>113</catESAD_cu:MeasureUnitQualifierCode></catESAD_cu:GoodsGroupQuantity><catESAD_cu:InvoicedCost>160</catESAD_cu:InvoicedCost></catESAD_cu:GoodsGroupInformation><catESAD_cu:GroupNum>13</catESAD_cu:GroupNum></catESAD_cu:GoodsGroupDescription><catESAD_cu:GoodsGroupDescription><catESAD_cu:GoodsDescription>ДЛИНА 4050ММ(ОТКЛ.40), ТОЛЩИНА 255ММ(ОТКЛ.0), ШИРИНА 255ММ(ОТКЛ.0),  5 ШТ, 160ДОЛЛ.США/М3-1.317М3/С ПРЕДЕЛЬНЫМ ОТКЛОНЕНИЕМ ОТ НОМИНАЛЬНЫХ РАЗМЕРОВ</catESAD_cu:GoodsDescription><catESAD_cu:GoodsGroupInformation><catESAD_cu:Manufacturer>СОСНА</catESAD_cu:Manufacturer><catESAD_cu:GoodsStandard>8486-86</catESAD_cu:GoodsStandard><catESAD_cu:GoodsSort>1-4</catESAD_cu:GoodsSort><catESAD_cu:WoodDescriptionDetails><catESAD_cu:WoodSortiment>ПИЛОМАТЕРИАЛ  ОБРЕЗНОЙ</catESAD_cu:WoodSortiment><catESAD_cu:WoodKind>СОСНА</catESAD_cu:WoodKind><catESAD_cu:DeviationDetails><catESAD_cu:LengthMeasure><catESAD_cu:MeasuredAmount>0.04</catESAD_cu:MeasuredAmount><catESAD_cu:MeasureUnitQualifierName>М</catESAD_cu:MeasureUnitQualifierName><catESAD_cu:MeasureUnitQualifierCode>006</catESAD_cu:MeasureUnitQualifierCode></catESAD_cu:LengthMeasure></catESAD_cu:DeviationDetails><catESAD_cu:ContractVolumeMeasure><cat_ru:GoodsQuantity>1.317</cat_ru:GoodsQuantity><cat_ru:MeasureUnitQualifierName>М3</cat_ru:MeasureUnitQualifierName><cat_ru:MeasureUnitQualifierCode>113</cat_ru:MeasureUnitQualifierCode></catESAD_cu:ContractVolumeMeasure><catESAD_cu:FactVolumeMeasure><cat_ru:GoodsQuantity>1.33</cat_ru:GoodsQuantity><cat_ru:MeasureUnitQualifierName>М3</cat_ru:MeasureUnitQualifierName><cat_ru:MeasureUnitQualifierCode>113</cat_ru:MeasureUnitQualifierCode></catESAD_cu:FactVolumeMeasure></catESAD_cu:WoodDescriptionDetails><catESAD_cu:Dimensions><catESAD_cu:LengthMeasure><catESAD_cu:MeasuredAmount>4.05</catESAD_cu:MeasuredAmount><catESAD_cu:MeasureUnitQualifierName>М</catESAD_cu:MeasureUnitQualifierName><catESAD_cu:MeasureUnitQualifierCode>006</catESAD_cu:MeasureUnitQualifierCode></catESAD_cu:LengthMeasure><catESAD_cu:WidthMeasure><catESAD_cu:MeasuredAmount>0.255</catESAD_cu:MeasuredAmount><catESAD_cu:MeasureUnitQualifierName>М</catESAD_cu:MeasureUnitQualifierName><catESAD_cu:MeasureUnitQualifierCode>006</catESAD_cu:MeasureUnitQualifierCode></catESAD_cu:WidthMeasure><catESAD_cu:HeightMeasure><catESAD_cu:MeasuredAmount>0.255</catESAD_cu:MeasuredAmount><catESAD_cu:MeasureUnitQualifierName>М</catESAD_cu:MeasureUnitQualifierName><catESAD_cu:MeasureUnitQualifierCode>006</catESAD_cu:MeasureUnitQualifierCode></catESAD_cu:HeightMeasure></catESAD_cu:Dimensions><catESAD_cu:GoodsGroupQuantity><catESAD_cu:GoodsQuantity>1.33</catESAD_cu:GoodsQuantity><catESAD_cu:MeasureUnitQualifierName>М3</catESAD_cu:MeasureUnitQualifierName><catESAD_cu:MeasureUnitQualifierCode>113</catESAD_cu:MeasureUnitQualifierCode></catESAD_cu:GoodsGroupQuantity><catESAD_cu:InvoicedCost>160</catESAD_cu:InvoicedCost></catESAD_cu:GoodsGroupInformation><catESAD_cu:GroupNum>14</catESAD_cu:GroupNum></catESAD_cu:GoodsGroupDescription><catESAD_cu:GoodsGroupDescription><catESAD_cu:GoodsDescription>ДЛИНА 4100ММ(ОТКЛ.40), ТОЛЩИНА 255ММ(ОТКЛ.0), ШИРИНА 255ММ(ОТКЛ.0),  5 ШТ, 160ДОЛЛ.США/М3-1.333М3/С ПРЕДЕЛЬНЫМ ОТКЛОНЕНИЕМ ОТ НОМИНАЛЬНЫХ РАЗМЕРОВ</catESAD_cu:GoodsDescription><catESAD_cu:GoodsGroupInformation><catESAD_cu:Manufacturer>СОСНА</catESAD_cu:Manufacturer><catESAD_cu:GoodsStandard>8486-86</catESAD_cu:GoodsStandard><catESAD_cu:GoodsSort>1-4</catESAD_cu:GoodsSort><catESAD_cu:WoodDescriptionDetails><catESAD_cu:WoodSortiment>ПИЛОМАТЕРИАЛ  ОБРЕЗНОЙ</catESAD_cu:WoodSortiment><catESAD_cu:WoodKind>СОСНА</catESAD_cu:WoodKind><catESAD_cu:DeviationDetails><catESAD_cu:LengthMeasure><catESAD_cu:MeasuredAmount>0.04</catESAD_cu:MeasuredAmount><catESAD_cu:MeasureUnitQualifierName>М</catESAD_cu:MeasureUnitQualifierName><catESAD_cu:MeasureUnitQualifierCode>006</catESAD_cu:MeasureUnitQualifierCode></catESAD_cu:LengthMeasure></catESAD_cu:DeviationDetails><catESAD_cu:ContractVolumeMeasure><cat_ru:GoodsQuantity>1.333</cat_ru:GoodsQuantity><cat_ru:MeasureUnitQualifierName>М3</cat_ru:MeasureUnitQualifierName><cat_ru:MeasureUnitQualifierCode>113</cat_ru:MeasureUnitQualifierCode></catESAD_cu:ContractVolumeMeasure><catESAD_cu:FactVolumeMeasure><cat_ru:GoodsQuantity>1.346</cat_ru:GoodsQuantity><cat_ru:MeasureUnitQualifierName>М3</cat_ru:MeasureUnitQualifierName><cat_ru:MeasureUnitQualifierCode>113</cat_ru:MeasureUnitQualifierCode></catESAD_cu:FactVolumeMeasure></catESAD_cu:WoodDescriptionDetails><catESAD_cu:Dimensions><catESAD_cu:LengthMeasure><catESAD_cu:MeasuredAmount>4.1</catESAD_cu:MeasuredAmount><catESAD_cu:MeasureUnitQualifierName>М</catESAD_cu:MeasureUnitQualifierName><catESAD_cu:MeasureUnitQualifierCode>006</catESAD_cu:MeasureUnitQualifierCode></catESAD_cu:LengthMeasure><catESAD_cu:WidthMeasure><catESAD_cu:MeasuredAmount>0.255</catESAD_cu:MeasuredAmount><catESAD_cu:MeasureUnitQualifierName>М</catESAD_cu:MeasureUnitQualifierName><catESAD_cu:MeasureUnitQualifierCode>006</catESAD_cu:MeasureUnitQualifierCode></catESAD_cu:WidthMeasure><catESAD_cu:HeightMeasure><catESAD_cu:MeasuredAmount>0.255</catESAD_cu:MeasuredAmount><catESAD_cu:MeasureUnitQualifierName>М</catESAD_cu:MeasureUnitQualifierName><catESAD_cu:MeasureUnitQualifierCode>006</catESAD_cu:MeasureUnitQualifierCode></catESAD_cu:HeightMeasure></catESAD_cu:Dimensions><catESAD_cu:GoodsGroupQuantity><catESAD_cu:GoodsQuantity>1.346</catESAD_cu:GoodsQuantity><catESAD_cu:MeasureUnitQualifierName>М3</catESAD_cu:MeasureUnitQualifierName><catESAD_cu:MeasureUnitQualifierCode>113</catESAD_cu:MeasureUnitQualifierCode></catESAD_cu:GoodsGroupQuantity><catESAD_cu:InvoicedCost>160</catESAD_cu:InvoicedCost></catESAD_cu:GoodsGroupInformation><catESAD_cu:GroupNum>15</catESAD_cu:GroupNum></catESAD_cu:GoodsGroupDescription><catESAD_cu:GoodsGroupDescription><catESAD_cu:GoodsDescription>ДЛИНА 4150ММ(ОТКЛ.40), ТОЛЩИНА 255ММ(ОТКЛ.0), ШИРИНА 255ММ(ОТКЛ.0),  5 ШТ, 160ДОЛЛ.США/М3-1.349М3/С ПРЕДЕЛЬНЫМ ОТКЛОНЕНИЕМ ОТ НОМИНАЛЬНЫХ РАЗМЕРОВ</catESAD_cu:GoodsDescription><catESAD_cu:GoodsGroupInformation><catESAD_cu:Manufacturer>СОСНА</catESAD_cu:Manufacturer><catESAD_cu:GoodsStandard>8486-86</catESAD_cu:GoodsStandard><catESAD_cu:GoodsSort>1-4</catESAD_cu:GoodsSort><catESAD_cu:WoodDescriptionDetails><catESAD_cu:WoodSortiment>ПИЛОМАТЕРИАЛ  ОБРЕЗНОЙ</catESAD_cu:WoodSortiment><catESAD_cu:WoodKind>СОСНА</catESAD_cu:WoodKind><catESAD_cu:DeviationDetails><catESAD_cu:LengthMeasure><catESAD_cu:MeasuredAmount>0.04</catESAD_cu:MeasuredAmount><catESAD_cu:MeasureUnitQualifierName>М</catESAD_cu:MeasureUnitQualifierName><catESAD_cu:MeasureUnitQualifierCode>006</catESAD_cu:MeasureUnitQualifierCode></catESAD_cu:LengthMeasure></catESAD_cu:DeviationDetails><catESAD_cu:ContractVolumeMeasure><cat_ru:GoodsQuantity>1.349</cat_ru:GoodsQuantity><cat_ru:MeasureUnitQualifierName>М3</cat_ru:MeasureUnitQualifierName><cat_ru:MeasureUnitQualifierCode>113</cat_ru:MeasureUnitQualifierCode></catESAD_cu:ContractVolumeMeasure><catESAD_cu:FactVolumeMeasure><cat_ru:GoodsQuantity>1.3625</cat_ru:GoodsQuantity><cat_ru:MeasureUnitQualifierName>М3</cat_ru:MeasureUnitQualifierName><cat_ru:MeasureUnitQualifierCode>113</cat_ru:MeasureUnitQualifierCode></catESAD_cu:FactVolumeMeasure></catESAD_cu:WoodDescriptionDetails><catESAD_cu:Dimensions><catESAD_cu:LengthMeasure><catESAD_cu:MeasuredAmount>4.15</catESAD_cu:MeasuredAmount><catESAD_cu:MeasureUnitQualifierName>М</catESAD_cu:MeasureUnitQualifierName><catESAD_cu:MeasureUnitQualifierCode>006</catESAD_cu:MeasureUnitQualifierCode></catESAD_cu:LengthMeasure><catESAD_cu:WidthMeasure><catESAD_cu:MeasuredAmount>0.255</catESAD_cu:MeasuredAmount><catESAD_cu:MeasureUnitQualifierName>М</catESAD_cu:MeasureUnitQualifierName><catESAD_cu:MeasureUnitQualifierCode>006</catESAD_cu:MeasureUnitQualifierCode></catESAD_cu:WidthMeasure><catESAD_cu:HeightMeasure><catESAD_cu:MeasuredAmount>0.255</catESAD_cu:MeasuredAmount><catESAD_cu:MeasureUnitQualifierName>М</catESAD_cu:MeasureUnitQualifierName><catESAD_cu:MeasureUnitQualifierCode>006</catESAD_cu:MeasureUnitQualifierCode></catESAD_cu:HeightMeasure></catESAD_cu:Dimensions><catESAD_cu:GoodsGroupQuantity><catESAD_cu:GoodsQuantity>1.3625</catESAD_cu:GoodsQuantity><catESAD_cu:MeasureUnitQualifierName>М3</catESAD_cu:MeasureUnitQualifierName><catESAD_cu:MeasureUnitQualifierCode>113</catESAD_cu:MeasureUnitQualifierCode></catESAD_cu:GoodsGroupQuantity><catESAD_cu:InvoicedCost>160</catESAD_cu:InvoicedCost></catESAD_cu:GoodsGroupInformation><catESAD_cu:GroupNum>16</catESAD_cu:GroupNum></catESAD_cu:GoodsGroupDescription><catESAD_cu:GoodsGroupDescription><catESAD_cu:GoodsDescription>ДЛИНА 4000ММ(ОТКЛ.40), ТОЛЩИНА 250ММ(ОТКЛ.0), ШИРИНА 300ММ(ОТКЛ.0),  16 ШТ, 160ДОЛЛ.США/М3-4.8М3/С ПРЕДЕЛЬНЫМ ОТКЛОНЕНИЕМ ОТ НОМИНАЛЬНЫХ РАЗМЕРОВ</catESAD_cu:GoodsDescription><catESAD_cu:GoodsGroupInformation><catESAD_cu:Manufacturer>СОСНА</catESAD_cu:Manufacturer><catESAD_cu:GoodsStandard>8486-86</catESAD_cu:GoodsStandard><catESAD_cu:GoodsSort>1-4</catESAD_cu:GoodsSort><catESAD_cu:WoodDescriptionDetails><catESAD_cu:WoodSortiment>ПИЛОМАТЕРИАЛ  ОБРЕЗНОЙ</catESAD_cu:WoodSortiment><catESAD_cu:WoodKind>СОСНА</catESAD_cu:WoodKind><catESAD_cu:DeviationDetails><catESAD_cu:LengthMeasure><catESAD_cu:MeasuredAmount>0.04</catESAD_cu:MeasuredAmount><catESAD_cu:MeasureUnitQualifierName>М</catESAD_cu:MeasureUnitQualifierName><catESAD_cu:MeasureUnitQualifierCode>006</catESAD_cu:MeasureUnitQualifierCode></catESAD_cu:LengthMeasure></catESAD_cu:DeviationDetails><catESAD_cu:ContractVolumeMeasure><cat_ru:GoodsQuantity>4.8</cat_ru:GoodsQuantity><cat_ru:MeasureUnitQualifierName>М3</cat_ru:MeasureUnitQualifierName><cat_ru:MeasureUnitQualifierCode>113</cat_ru:MeasureUnitQualifierCode></catESAD_cu:ContractVolumeMeasure><catESAD_cu:FactVolumeMeasure><cat_ru:GoodsQuantity>4.848</cat_ru:GoodsQuantity><cat_ru:MeasureUnitQualifierName>М3</cat_ru:MeasureUnitQualifierName><cat_ru:MeasureUnitQualifierCode>113</cat_ru:MeasureUnitQualifierCode></catESAD_cu:FactVolumeMeasure></catESAD_cu:WoodDescriptionDetails><catESAD_cu:Dimensions><catESAD_cu:LengthMeasure><catESAD_cu:MeasuredAmount>4</catESAD_cu:MeasuredAmount><catESAD_cu:MeasureUnitQualifierName>М</catESAD_cu:MeasureUnitQualifierName><catESAD_cu:MeasureUnitQualifierCode>006</catESAD_cu:MeasureUnitQualifierCode></catESAD_cu:LengthMeasure><catESAD_cu:WidthMeasure><catESAD_cu:MeasuredAmount>0.3</catESAD_cu:MeasuredAmount><catESAD_cu:MeasureUnitQualifierName>М</catESAD_cu:MeasureUnitQualifierName><catESAD_cu:MeasureUnitQualifierCode>006</catESAD_cu:MeasureUnitQualifierCode></catESAD_cu:WidthMeasure><catESAD_cu:HeightMeasure><catESAD_cu:MeasuredAmount>0.25</catESAD_cu:MeasuredAmount><catESAD_cu:MeasureUnitQualifierName>М</catESAD_cu:MeasureUnitQualifierName><catESAD_cu:MeasureUnitQualifierCode>006</catESAD_cu:MeasureUnitQualifierCode></catESAD_cu:HeightMeasure></catESAD_cu:Dimensions><catESAD_cu:GoodsGroupQuantity><catESAD_cu:GoodsQuantity>4.848</catESAD_cu:GoodsQuantity><catESAD_cu:MeasureUnitQualifierName>М3</catESAD_cu:MeasureUnitQualifierName><catESAD_cu:MeasureUnitQualifierCode>113</catESAD_cu:MeasureUnitQualifierCode></catESAD_cu:GoodsGroupQuantity><catESAD_cu:InvoicedCost>160</catESAD_cu:InvoicedCost></catESAD_cu:GoodsGroupInformation><catESAD_cu:GroupNum>17</catESAD_cu:GroupNum></catESAD_cu:GoodsGroupDescription><catESAD_cu:GoodsGroupDescription><catESAD_cu:GoodsDescription>ДЛИНА 4050ММ(ОТКЛ.40), ТОЛЩИНА 250ММ(ОТКЛ.0), ШИРИНА 300ММ(ОТКЛ.0),  10 ШТ, 160ДОЛЛ.США/М3-3.038М3/С ПРЕДЕЛЬНЫМ ОТКЛОНЕНИЕМ ОТ НОМИНАЛЬНЫХ РАЗМЕРОВ</catESAD_cu:GoodsDescription><catESAD_cu:GoodsGroupInformation><catESAD_cu:Manufacturer>СОСНА</catESAD_cu:Manufacturer><catESAD_cu:GoodsStandard>8486-86</catESAD_cu:GoodsStandard><catESAD_cu:GoodsSort>1-4</catESAD_cu:GoodsSort><catESAD_cu:WoodDescriptionDetails><catESAD_cu:WoodSortiment>ПИЛОМАТЕРИАЛ  ОБРЕЗНОЙ</catESAD_cu:WoodSortiment><catESAD_cu:WoodKind>СОСНА</catESAD_cu:WoodKind><catESAD_cu:DeviationDetails><catESAD_cu:LengthMeasure><catESAD_cu:MeasuredAmount>0.04</catESAD_cu:MeasuredAmount><catESAD_cu:MeasureUnitQualifierName>М</catESAD_cu:MeasureUnitQualifierName><catESAD_cu:MeasureUnitQualifierCode>006</catESAD_cu:MeasureUnitQualifierCode></catESAD_cu:LengthMeasure></catESAD_cu:DeviationDetails><catESAD_cu:ContractVolumeMeasure><cat_ru:GoodsQuantity>3.038</cat_ru:GoodsQuantity><cat_ru:MeasureUnitQualifierName>М3</cat_ru:MeasureUnitQualifierName><cat_ru:MeasureUnitQualifierCode>113</cat_ru:MeasureUnitQualifierCode></catESAD_cu:ContractVolumeMeasure><catESAD_cu:FactVolumeMeasure><cat_ru:GoodsQuantity>3.068</cat_ru:GoodsQuantity><cat_ru:MeasureUnitQualifierName>М3</cat_ru:MeasureUnitQualifierName><cat_ru:MeasureUnitQualifierCode>113</cat_ru:MeasureUnitQualifierCode></catESAD_cu:FactVolumeMeasure></catESAD_cu:WoodDescriptionDetails><catESAD_cu:Dimensions><catESAD_cu:LengthMeasure><catESAD_cu:MeasuredAmount>4.05</catESAD_cu:MeasuredAmount><catESAD_cu:MeasureUnitQualifierName>М</catESAD_cu:MeasureUnitQualifierName><catESAD_cu:MeasureUnitQualifierCode>006</catESAD_cu:MeasureUnitQualifierCode></catESAD_cu:LengthMeasure><catESAD_cu:WidthMeasure><catESAD_cu:MeasuredAmount>0.3</catESAD_cu:MeasuredAmount><catESAD_cu:MeasureUnitQualifierName>М</catESAD_cu:MeasureUnitQualifierName><catESAD_cu:MeasureUnitQualifierCode>006</catESAD_cu:MeasureUnitQualifierCode></catESAD_cu:WidthMeasure><catESAD_cu:HeightMeasure><catESAD_cu:MeasuredAmount>0.25</catESAD_cu:MeasuredAmount><catESAD_cu:MeasureUnitQualifierName>М</catESAD_cu:MeasureUnitQualifierName><catESAD_cu:MeasureUnitQualifierCode>006</catESAD_cu:MeasureUnitQualifierCode></catESAD_cu:HeightMeasure></catESAD_cu:Dimensions><catESAD_cu:GoodsGroupQuantity><catESAD_cu:GoodsQuantity>3.068</catESAD_cu:GoodsQuantity><catESAD_cu:MeasureUnitQualifierName>М3</catESAD_cu:MeasureUnitQualifierName><catESAD_cu:MeasureUnitQualifierCode>113</catESAD_cu:MeasureUnitQualifierCode></catESAD_cu:GoodsGroupQuantity><catESAD_cu:InvoicedCost>160</catESAD_cu:InvoicedCost></catESAD_cu:GoodsGroupInformation><catESAD_cu:GroupNum>18</catESAD_cu:GroupNum></catESAD_cu:GoodsGroupDescription><catESAD_cu:GoodsGroupDescription><catESAD_cu:GoodsDescription>ДЛИНА 4100ММ(ОТКЛ.40), ТОЛЩИНА 250ММ(ОТКЛ.0), ШИРИНА 300ММ(ОТКЛ.0),  5 ШТ, 160ДОЛЛ.США/М3-1.538М3/С ПРЕДЕЛЬНЫМ ОТКЛОНЕНИЕМ ОТ НОМИНАЛЬНЫХ РАЗМЕРОВ</catESAD_cu:GoodsDescription><catESAD_cu:GoodsGroupInformation><catESAD_cu:Manufacturer>СОСНА</catESAD_cu:Manufacturer><catESAD_cu:GoodsStandard>8486-86</catESAD_cu:GoodsStandard><catESAD_cu:GoodsSort>1-4</catESAD_cu:GoodsSort><catESAD_cu:WoodDescriptionDetails><catESAD_cu:WoodSortiment>ПИЛОМАТЕРИАЛ  ОБРЕЗНОЙ</catESAD_cu:WoodSortiment><catESAD_cu:WoodKind>СОСНА</catESAD_cu:WoodKind><catESAD_cu:DeviationDetails><catESAD_cu:LengthMeasure><catESAD_cu:MeasuredAmount>0.04</catESAD_cu:MeasuredAmount><catESAD_cu:MeasureUnitQualifierName>М</catESAD_cu:MeasureUnitQualifierName><catESAD_cu:MeasureUnitQualifierCode>006</catESAD_cu:MeasureUnitQualifierCode></catESAD_cu:LengthMeasure></catESAD_cu:DeviationDetails><catESAD_cu:ContractVolumeMeasure><cat_ru:GoodsQuantity>1.538</cat_ru:GoodsQuantity><cat_ru:MeasureUnitQualifierName>М3</cat_ru:MeasureUnitQualifierName><cat_ru:MeasureUnitQualifierCode>113</cat_ru:MeasureUnitQualifierCode></catESAD_cu:ContractVolumeMeasure><catESAD_cu:FactVolumeMeasure><cat_ru:GoodsQuantity>1.5525</cat_ru:GoodsQuantity><cat_ru:MeasureUnitQualifierName>М3</cat_ru:MeasureUnitQualifierName><cat_ru:MeasureUnitQualifierCode>113</cat_ru:MeasureUnitQualifierCode></catESAD_cu:FactVolumeMeasure></catESAD_cu:WoodDescriptionDetails><catESAD_cu:Dimensions><catESAD_cu:LengthMeasure><catESAD_cu:MeasuredAmount>4.1</catESAD_cu:MeasuredAmount><catESAD_cu:MeasureUnitQualifierName>М</catESAD_cu:MeasureUnitQualifierName><catESAD_cu:MeasureUnitQualifierCode>006</catESAD_cu:MeasureUnitQualifierCode></catESAD_cu:LengthMeasure><catESAD_cu:WidthMeasure><catESAD_cu:MeasuredAmount>0.3</catESAD_cu:MeasuredAmount><catESAD_cu:MeasureUnitQualifierName>М</catESAD_cu:MeasureUnitQualifierName><catESAD_cu:MeasureUnitQualifierCode>006</catESAD_cu:MeasureUnitQualifierCode></catESAD_cu:WidthMeasure><catESAD_cu:HeightMeasure><catESAD_cu:MeasuredAmount>0.25</catESAD_cu:MeasuredAmount><catESAD_cu:MeasureUnitQualifierName>М</catESAD_cu:MeasureUnitQualifierName><catESAD_cu:MeasureUnitQualifierCode>006</catESAD_cu:MeasureUnitQualifierCode></catESAD_cu:HeightMeasure></catESAD_cu:Dimensions><catESAD_cu:GoodsGroupQuantity><catESAD_cu:GoodsQuantity>1.5525</catESAD_cu:GoodsQuantity><catESAD_cu:MeasureUnitQualifierName>М3</catESAD_cu:MeasureUnitQualifierName><catESAD_cu:MeasureUnitQualifierCode>113</catESAD_cu:MeasureUnitQualifierCode></catESAD_cu:GoodsGroupQuantity><catESAD_cu:InvoicedCost>160</catESAD_cu:InvoicedCost></catESAD_cu:GoodsGroupInformation><catESAD_cu:GroupNum>19</catESAD_cu:GroupNum></catESAD_cu:GoodsGroupDescription><catESAD_cu:GoodsGroupDescription><catESAD_cu:GoodsDescription>ДЛИНА 4150ММ(ОТКЛ.40), ТОЛЩИНА 250ММ(ОТКЛ.0), ШИРИНА 300ММ(ОТКЛ.0),  5 ШТ, 160ДОЛЛ.США/М3-1.556М3/С ПРЕДЕЛЬНЫМ ОТКЛОНЕНИЕМ ОТ НОМИНАЛЬНЫХ РАЗМЕРОВ</catESAD_cu:GoodsDescription><catESAD_cu:GoodsGroupInformation><catESAD_cu:Manufacturer>СОСНА</catESAD_cu:Manufacturer><catESAD_cu:GoodsStandard>8486-86</catESAD_cu:GoodsStandard><catESAD_cu:GoodsSort>1-4</catESAD_cu:GoodsSort><catESAD_cu:WoodDescriptionDetails><catESAD_cu:WoodSortiment>ПИЛОМАТЕРИАЛ  ОБРЕЗНОЙ</catESAD_cu:WoodSortiment><catESAD_cu:WoodKind>СОСНА</catESAD_cu:WoodKind><catESAD_cu:DeviationDetails><catESAD_cu:LengthMeasure><catESAD_cu:MeasuredAmount>0.04</catESAD_cu:MeasuredAmount><catESAD_cu:MeasureUnitQualifierName>М</catESAD_cu:MeasureUnitQualifierName><catESAD_cu:MeasureUnitQualifierCode>006</catESAD_cu:MeasureUnitQualifierCode></catESAD_cu:LengthMeasure></catESAD_cu:DeviationDetails><catESAD_cu:ContractVolumeMeasure><cat_ru:GoodsQuantity>1.556</cat_ru:GoodsQuantity><cat_ru:MeasureUnitQualifierName>М3</cat_ru:MeasureUnitQualifierName><cat_ru:MeasureUnitQualifierCode>113</cat_ru:MeasureUnitQualifierCode></catESAD_cu:ContractVolumeMeasure><catESAD_cu:FactVolumeMeasure><cat_ru:GoodsQuantity>1.5715</cat_ru:GoodsQuantity><cat_ru:MeasureUnitQualifierName>М3</cat_ru:MeasureUnitQualifierName><cat_ru:MeasureUnitQualifierCode>113</cat_ru:MeasureUnitQualifierCode></catESAD_cu:FactVolumeMeasure></catESAD_cu:WoodDescriptionDetails><catESAD_cu:Dimensions><catESAD_cu:LengthMeasure><catESAD_cu:MeasuredAmount>4.15</catESAD_cu:MeasuredAmount><catESAD_cu:MeasureUnitQualifierName>М</catESAD_cu:MeasureUnitQualifierName><catESAD_cu:MeasureUnitQualifierCode>006</catESAD_cu:MeasureUnitQualifierCode></catESAD_cu:LengthMeasure><catESAD_cu:WidthMeasure><catESAD_cu:MeasuredAmount>0.3</catESAD_cu:MeasuredAmount><catESAD_cu:MeasureUnitQualifierName>М</catESAD_cu:MeasureUnitQualifierName><catESAD_cu:MeasureUnitQualifierCode>006</catESAD_cu:MeasureUnitQualifierCode></catESAD_cu:WidthMeasure><catESAD_cu:HeightMeasure><catESAD_cu:MeasuredAmount>0.25</catESAD_cu:MeasuredAmount><catESAD_cu:MeasureUnitQualifierName>М</catESAD_cu:MeasureUnitQualifierName><catESAD_cu:MeasureUnitQualifierCode>006</catESAD_cu:MeasureUnitQualifierCode></catESAD_cu:HeightMeasure></catESAD_cu:Dimensions><catESAD_cu:GoodsGroupQuantity><catESAD_cu:GoodsQuantity>1.5715</catESAD_cu:GoodsQuantity><catESAD_cu:MeasureUnitQualifierName>М3</catESAD_cu:MeasureUnitQualifierName><catESAD_cu:MeasureUnitQualifierCode>113</catESAD_cu:MeasureUnitQualifierCode></catESAD_cu:GoodsGroupQuantity><catESAD_cu:InvoicedCost>160</catESAD_cu:InvoicedCost></catESAD_cu:GoodsGroupInformation><catESAD_cu:GroupNum>20</catESAD_cu:GroupNum></catESAD_cu:GoodsGroupDescription><catESAD_cu:GoodsGroupDescription><catESAD_cu:GoodsDescription>ДЛИНА 4000ММ(ОТКЛ.40), ТОЛЩИНА 255ММ(ОТКЛ.0), ШИРИНА 305ММ(ОТКЛ.0),  5 ШТ, 160ДОЛЛ.США/М3-1.556М3/С ПРЕДЕЛЬНЫМ ОТКЛОНЕНИЕМ ОТ НОМИНАЛЬНЫХ РАЗМЕРОВ</catESAD_cu:GoodsDescription><catESAD_cu:GoodsGroupInformation><catESAD_cu:Manufacturer>СОСНА</catESAD_cu:Manufacturer><catESAD_cu:GoodsStandard>8486-86</catESAD_cu:GoodsStandard><catESAD_cu:GoodsSort>1-4</catESAD_cu:GoodsSort><catESAD_cu:WoodDescriptionDetails><catESAD_cu:WoodSortiment>ПИЛОМАТЕРИАЛ  ОБРЕЗНОЙ</catESAD_cu:WoodSortiment><catESAD_cu:WoodKind>СОСНА</catESAD_cu:WoodKind><catESAD_cu:DeviationDetails><catESAD_cu:LengthMeasure><catESAD_cu:MeasuredAmount>0.04</catESAD_cu:MeasuredAmount><catESAD_cu:MeasureUnitQualifierName>М</catESAD_cu:MeasureUnitQualifierName><catESAD_cu:MeasureUnitQualifierCode>006</catESAD_cu:MeasureUnitQualifierCode></catESAD_cu:LengthMeasure></catESAD_cu:DeviationDetails><catESAD_cu:ContractVolumeMeasure><cat_ru:GoodsQuantity>1.556</cat_ru:GoodsQuantity><cat_ru:MeasureUnitQualifierName>М3</cat_ru:MeasureUnitQualifierName><cat_ru:MeasureUnitQualifierCode>113</cat_ru:MeasureUnitQualifierCode></catESAD_cu:ContractVolumeMeasure><catESAD_cu:FactVolumeMeasure><cat_ru:GoodsQuantity>1.571</cat_ru:GoodsQuantity><cat_ru:MeasureUnitQualifierName>М3</cat_ru:MeasureUnitQualifierName><cat_ru:MeasureUnitQualifierCode>113</cat_ru:MeasureUnitQualifierCode></catESAD_cu:FactVolumeMeasure></catESAD_cu:WoodDescriptionDetails><catESAD_cu:Dimensions><catESAD_cu:LengthMeasure><catESAD_cu:MeasuredAmount>4</catESAD_cu:MeasuredAmount><catESAD_cu:MeasureUnitQualifierName>М</catESAD_cu:MeasureUnitQualifierName><catESAD_cu:MeasureUnitQualifierCode>006</catESAD_cu:MeasureUnitQualifierCode></catESAD_cu:LengthMeasure><catESAD_cu:WidthMeasure><catESAD_cu:MeasuredAmount>0.305</catESAD_cu:MeasuredAmount><catESAD_cu:MeasureUnitQualifierName>М</catESAD_cu:MeasureUnitQualifierName><catESAD_cu:MeasureUnitQualifierCode>006</catESAD_cu:MeasureUnitQualifierCode></catESAD_cu:WidthMeasure><catESAD_cu:HeightMeasure><catESAD_cu:MeasuredAmount>0.255</catESAD_cu:MeasuredAmount><catESAD_cu:MeasureUnitQualifierName>М</catESAD_cu:MeasureUnitQualifierName><catESAD_cu:MeasureUnitQualifierCode>006</catESAD_cu:MeasureUnitQualifierCode></catESAD_cu:HeightMeasure></catESAD_cu:Dimensions><catESAD_cu:GoodsGroupQuantity><catESAD_cu:GoodsQuantity>1.571</catESAD_cu:GoodsQuantity><catESAD_cu:MeasureUnitQualifierName>М3</catESAD_cu:MeasureUnitQualifierName><catESAD_cu:MeasureUnitQualifierCode>113</catESAD_cu:MeasureUnitQualifierCode></catESAD_cu:GoodsGroupQuantity><catESAD_cu:InvoicedCost>160</catESAD_cu:InvoicedCost></catESAD_cu:GoodsGroupInformation><catESAD_cu:GroupNum>21</catESAD_cu:GroupNum></catESAD_cu:GoodsGroupDescription><catESAD_cu:Preferencii><catESAD_cu:CustomsTax>--</catESAD_cu:CustomsTax><catESAD_cu:CustomsDuty>--</catESAD_cu:CustomsDuty><catESAD_cu:Excise>-</catESAD_cu:Excise><catESAD_cu:Rate>--</catESAD_cu:Rate></catESAD_cu:Preferencii><LanguageGoods>RU</LanguageGoods><ESADout_CUPresentedDocument><cat_ru:PrDocumentName>ЖЕЛЕЗНОДОРОЖНАЯ НАКЛАДНАЯ</cat_ru:PrDocumentName><cat_ru:PrDocumentNumber>25326393</cat_ru:PrDocumentNumber><catESAD_cu:PresentedDocumentModeCode>02013</catESAD_cu:PresentedDocumentModeCode><catESAD_cu:RecordID>24E6153C-EEAB-4461-A20C-D39B0397D083</catESAD_cu:RecordID><RUDECLcat:DocumentPresentingDetails><RUDECLcat:DocPresentKindCode>0</RUDECLcat:DocPresentKindCode><RUDECLcat:PresentedDocumentModeCode>02013</RUDECLcat:PresentedDocumentModeCode></RUDECLcat:DocumentPresentingDetails></ESADout_CUPresentedDocument><ESADout_CUPresentedDocument><cat_ru:PrDocumentName>ДОГОВОР (КОНТРАКТ), ЗАКЛЮЧЕННЫЙ ПРИ СОВЕРШЕНИИ ВНЕШНЕЭКОНОМИЧЕСКОЙ СДЕЛКИ</cat_ru:PrDocumentName><cat_ru:PrDocumentNumber>JY-2014-001</cat_ru:PrDocumentNumber><cat_ru:PrDocumentDate>2017-10-31</cat_ru:PrDocumentDate><catESAD_cu:PresentedDocumentModeCode>03011</catESAD_cu:PresentedDocumentModeCode><catESAD_cu:RecordID>BBB023BE-2034-4A33-94B0-6CEF569C7382</catESAD_cu:RecordID><RUDECLcat:DocumentPresentingDetails><RUDECLcat:DocPresentKindCode>2</RUDECLcat:DocPresentKindCode><RUDECLcat:PresentedDocumentModeCode>03011</RUDECLcat:PresentedDocumentModeCode><RUDECLcat:CustomsDocIdDetails><cat_ru:CustomsCode>10607040</cat_ru:CustomsCode><cat_ru:RegistrationDate>2017-11-13</cat_ru:RegistrationDate><cat_ru:GTDNumber>0019318</cat_ru:GTDNumber></RUDECLcat:CustomsDocIdDetails></RUDECLcat:DocumentPresentingDetails></ESADout_CUPresentedDocument><ESADout_CUPresentedDocument><cat_ru:PrDocumentName>ДОКУМЕНТЫ, ВНОСЯЩИЕ ИЗМЕНЕНИЯ И (ИЛИ) ДОПОЛНЕНИЯ К ДОКУМЕНТУ, СВЕДЕНИЯ О КОТОРОМ УКАЗАНЫ ПОД КОДОМ 03011</cat_ru:PrDocumentName><cat_ru:PrDocumentNumber>1</cat_ru:PrDocumentNumber><cat_ru:PrDocumentDate>2017-10-31</cat_ru:PrDocumentDate><catESAD_cu:PresentedDocumentModeCode>03012</catESAD_cu:PresentedDocumentModeCode><catESAD_cu:RecordID>E517AF4F-E7F5-4FF6-B442-B8AFBF884FEA</catESAD_cu:RecordID><RUDECLcat:DocumentPresentingDetails><RUDECLcat:DocPresentKindCode>2</RUDECLcat:DocPresentKindCode><RUDECLcat:PresentedDocumentModeCode>03012</RUDECLcat:PresentedDocumentModeCode><RUDECLcat:CustomsDocIdDetails><cat_ru:CustomsCode>10607040</cat_ru:CustomsCode><cat_ru:RegistrationDate>2017-11-13</cat_ru:RegistrationDate><cat_ru:GTDNumber>0019318</cat_ru:GTDNumber></RUDECLcat:CustomsDocIdDetails></RUDECLcat:DocumentPresentingDetails></ESADout_CUPresentedDocument><ESADout_CUPresentedDocument><cat_ru:PrDocumentName>ДОКУМЕНТЫ, ВНОСЯЩИЕ ИЗМЕНЕНИЯ И (ИЛИ) ДОПОЛНЕНИЯ К ДОКУМЕНТУ, СВЕДЕНИЯ О КОТОРОМ УКАЗАНЫ ПОД КОДОМ 03011</cat_ru:PrDocumentName><cat_ru:PrDocumentNumber>2</cat_ru:PrDocumentNumber><cat_ru:PrDocumentDate>2017-11-02</cat_ru:PrDocumentDate><catESAD_cu:PresentedDocumentModeCode>03012</catESAD_cu:PresentedDocumentModeCode><catESAD_cu:RecordID>4E8BA833-DD0B-4038-A5C2-29227259D034</catESAD_cu:RecordID><RUDECLcat:DocumentPresentingDetails><RUDECLcat:DocPresentKindCode>2</RUDECLcat:DocPresentKindCode><RUDECLcat:PresentedDocumentModeCode>03012</RUDECLcat:PresentedDocumentModeCode><RUDECLcat:CustomsDocIdDetails><cat_ru:CustomsCode>10607040</cat_ru:CustomsCode><cat_ru:RegistrationDate>2017-11-13</cat_ru:RegistrationDate><cat_ru:GTDNumber>0019318</cat_ru:GTDNumber></RUDECLcat:CustomsDocIdDetails></RUDECLcat:DocumentPresentingDetails></ESADout_CUPresentedDocument><ESADout_CUPresentedDocument><cat_ru:PrDocumentName>УСТАВ</cat_ru:PrDocumentName><cat_ru:PrDocumentNumber>Б/Н</cat_ru:PrDocumentNumber><cat_ru:PrDocumentDate>2017-07-10</cat_ru:PrDocumentDate><catESAD_cu:PresentedDocumentModeCode>04011</catESAD_cu:PresentedDocumentModeCode><catESAD_cu:RecordID>6C135796-32BB-4B8D-A3FB-55C476FAACEC</catESAD_cu:RecordID><RUDECLcat:DocumentPresentingDetails><RUDECLcat:DocPresentKindCode>2</RUDECLcat:DocPresentKindCode><RUDECLcat:PresentedDocumentModeCode>04011</RUDECLcat:PresentedDocumentModeCode><RUDECLcat:CustomsDocIdDetails><cat_ru:CustomsCode>10607040</cat_ru:CustomsCode><cat_ru:RegistrationDate>2017-11-08</cat_ru:RegistrationDate><cat_ru:GTDNumber>0019045</cat_ru:GTDNumber></RUDECLcat:CustomsDocIdDetails></RUDECLcat:DocumentPresentingDetails></ESADout_CUPresentedDocument><SupplementaryGoodsQuantity><cat_ru:GoodsQuantity>78.48</cat_ru:GoodsQuantity><cat_ru:MeasureUnitQualifierName>М3</cat_ru:MeasureUnitQualifierName><cat_ru:MeasureUnitQualifierCode>113</cat_ru:MeasureUnitQualifierCode></SupplementaryGoodsQuantity><ESADGoodsPackaging><catESAD_cu:PakageQuantity>0</catESAD_cu:PakageQuantity><catESAD_cu:PakageTypeCode>0</catESAD_cu:PakageTypeCode><catESAD_cu:PakagePartQuantity>0</catESAD_cu:PakagePartQuantity></ESADGoodsPackaging><ESADCustomsProcedure><catESAD_cu:MainCustomsModeCode>10</catESAD_cu:MainCustomsModeCode><catESAD_cu:PrecedingCustomsModeCode>00</catESAD_cu:PrecedingCustomsModeCode><catESAD_cu:GoodsTransferFeature>000</catESAD_cu:GoodsTransferFeature></ESADCustomsProcedure></ESADout_CUGoods></ESADout_CUGoodsShipment><FilledPerson><RUDECLcat:SigningDetails><cat_ru:PersonSurname>ПОПОВ</cat_ru:PersonSurname><cat_ru:PersonName>ИВАН</cat_ru:PersonName><cat_ru:PersonMiddleName>ВАСИЛЬЕВИЧ</cat_ru:PersonMiddleName><cat_ru:PersonPost>МАСТЕР ПОГРУЗКИ</cat_ru:PersonPost><RUScat_ru:CommunicationDetails><cat_ru:Phone>89642289296</cat_ru:Phone></RUScat_ru:CommunicationDetails><RUScat_ru:SigningDate>2021-12-20T00:00:00</RUScat_ru:SigningDate></RUDECLcat:SigningDetails><RUDECLcat:SignatoryPersonIdentityDetails><RUScat_ru:IdentityCardCode>21</RUScat_ru:IdentityCardCode><RUScat_ru:IdentityCardName>ПАСРФ</RUScat_ru:IdentityCardName><RUScat_ru:IdentityCardSeries>25 04</RUScat_ru:IdentityCardSeries><RUScat_ru:IdentityCardNumber>370166</RUScat_ru:IdentityCardNumber><RUScat_ru:IdentityCardDate>2004-12-24</RUScat_ru:IdentityCardDate><RUScat_ru:OrganizationName>КУЙБЫШЕВСКИМ РОВД Г. ИРКУТСКА</RUScat_ru:OrganizationName></RUDECLcat:SignatoryPersonIdentityDetails><RUDECLcat:PowerOfAttorneyDetails><cat_ru:PrDocumentName>ДОВЕРЕННОСТЬ</cat_ru:PrDocumentName><cat_ru:PrDocumentNumber>2</cat_ru:PrDocumentNumber><cat_ru:PrDocumentDate>2018-01-04</cat_ru:PrDocumentDate><RUScat_ru:DocStartDate>2018-01-04</RUScat_ru:DocStartDate><RUScat_ru:DocValidityDate>2018-12-31</RUScat_ru:DocValidityDate></RUDECLcat:PowerOfAttorneyDetails></FilledPerson></ESADout_CU></DocBody></ContainerDoc></ED_Container><!--Local=10210000/201221/0000011-->