<?xml version="1.0" encoding="utf-8"?><ED_Container xmlns:cat_ru="urn:customs.ru:CommonAggregateTypes:5.10.0" DocumentModeID="1006058E" xmlns="urn:customs.ru:Information:ExchangeDocuments:ED_Container:5.13.1"><cat_ru:DocumentID>614C79C1-972B-46A0-AE28-6DE18A03805D</cat_ru:DocumentID><ContainerDoc><DocBody><ESADout_CU xmlns:RUScat_ru="urn:customs.ru:RUSCommonAggregateTypes:5.16.0" xmlns:cat_ru="urn:customs.ru:CommonAggregateTypes:5.10.0" xmlns:RUDECLcat="urn:customs.ru:RUDeclCommonAggregateTypesCust:5.17.0" xmlns:catESAD_cu="urn:customs.ru:CUESADCommonAggregateTypesCust:5.17.0" DocumentModeID="1006107E" xmlns="urn:customs.ru:Information:CustomsDocuments:ESADout_CU:5.17.0"><cat_ru:DocumentID>3AC6C4E3-611D-4573-A776-E1546D13E3AD</cat_ru:DocumentID><EECEDocHeaderAddInfo><RUScat_ru:EDocCode>R.036</RUScat_ru:EDocCode><RUScat_ru:EDocDateTime>2021-12-20T00:00:00</RUScat_ru:EDocDateTime><RUScat_ru:LanguageCode>RU</RUScat_ru:LanguageCode><RUScat_ru:SourceCountryCode>RU</RUScat_ru:SourceCountryCode><RUScat_ru:DestinationCountryCode>RU</RUScat_ru:DestinationCountryCode></EECEDocHeaderAddInfo><CustomsProcedure>ЭК</CustomsProcedure><CustomsModeCode>10</CustomsModeCode><ElectronicDocumentSign>ЭД</ElectronicDocumentSign><RecipientCountryCode>RU</RecipientCountryCode><ESADout_CUGoodsShipment><catESAD_cu:OriginCountryName>РОССИЯ</catESAD_cu:OriginCountryName><catESAD_cu:OriginCountryCode>RU</catESAD_cu:OriginCountryCode><catESAD_cu:SpecificationNumber>1</catESAD_cu:SpecificationNumber><catESAD_cu:SpecificationListNumber>1</catESAD_cu:SpecificationListNumber><catESAD_cu:TotalGoodsNumber>3</catESAD_cu:TotalGoodsNumber><catESAD_cu:TotalPackageNumber>0</catESAD_cu:TotalPackageNumber><catESAD_cu:TotalSheetNumber>2</catESAD_cu:TotalSheetNumber><catESAD_cu:TotalCustCost>258264.58</catESAD_cu:TotalCustCost><catESAD_cu:CustCostCurrencyCode>RUB</catESAD_cu:CustCostCurrencyCode><ESADout_CUConsignor><cat_ru:OrganizationName>ООО "АЛЬЯНС СТРОЙ КАПИТАЛ"</cat_ru:OrganizationName><cat_ru:RFOrganizationFeatures><cat_ru:OGRN>1133817000976</cat_ru:OGRN><cat_ru:INN>3817042902</cat_ru:INN><cat_ru:KPP>381701001</cat_ru:KPP></cat_ru:RFOrganizationFeatures><RUScat_ru:SubjectAddressDetails><RUScat_ru:PostalCode>666685</RUScat_ru:PostalCode><RUScat_ru:CountryCode>RU</RUScat_ru:CountryCode><RUScat_ru:CounryName>РОССИЯ</RUScat_ru:CounryName><RUScat_ru:Region>ИРКУТСКАЯ ОБЛАСТЬ</RUScat_ru:Region><RUScat_ru:City>Г.УСТЬ-ИЛИМСК</RUScat_ru:City><RUScat_ru:StreetHouse>УЛ.МОЛОДЕЖНАЯ ДОМ 16, ОФИС 421</RUScat_ru:StreetHouse></RUScat_ru:SubjectAddressDetails></ESADout_CUConsignor><ESADout_CUConsignee><cat_ru:OrganizationName>МАНЬЧЖУРСКАЯ ТОРГОВАЯ КОМПАНИЯ "ХЭНЖУНЬТУНЦЗЭ"</cat_ru:OrganizationName><RUScat_ru:SubjectAddressDetails><RUScat_ru:CountryCode>CN</RUScat_ru:CountryCode><RUScat_ru:CounryName>КИТАЙ</RUScat_ru:CounryName><RUScat_ru:City>Г.МАНЬЧЖУРИЯ</RUScat_ru:City><RUScat_ru:StreetHouse>ФУХАО СТРОИТЕЛЬСТВО 5 ДОМ №1-4</RUScat_ru:StreetHouse></RUScat_ru:SubjectAddressDetails></ESADout_CUConsignee><ESADout_CUFinancialAdjustingResponsiblePerson><cat_ru:OrganizationName>ООО "АЛЬЯНС СТРОЙ КАПИТАЛ"</cat_ru:OrganizationName><cat_ru:RFOrganizationFeatures><cat_ru:OGRN>1133817000976</cat_ru:OGRN><cat_ru:INN>3817042902</cat_ru:INN><cat_ru:KPP>381701001</cat_ru:KPP></cat_ru:RFOrganizationFeatures><RUScat_ru:SubjectAddressDetails><RUScat_ru:PostalCode>666685</RUScat_ru:PostalCode><RUScat_ru:CountryCode>RU</RUScat_ru:CountryCode><RUScat_ru:CounryName>РОССИЯ</RUScat_ru:CounryName><RUScat_ru:Region>ИРКУТСКАЯ ОБЛАСТЬ</RUScat_ru:Region><RUScat_ru:City>Г.УСТЬ-ИЛИМСК</RUScat_ru:City><RUScat_ru:StreetHouse>УЛ.МОЛОДЕЖНАЯ ДОМ 16, ОФИС 421</RUScat_ru:StreetHouse></RUScat_ru:SubjectAddressDetails></ESADout_CUFinancialAdjustingResponsiblePerson><ESADout_CUDeclarant><cat_ru:OrganizationName>ООО "АЛЬЯНС СТРОЙ КАПИТАЛ"</cat_ru:OrganizationName><cat_ru:RFOrganizationFeatures><cat_ru:OGRN>1133817000976</cat_ru:OGRN><cat_ru:INN>3817042902</cat_ru:INN><cat_ru:KPP>381701001</cat_ru:KPP></cat_ru:RFOrganizationFeatures><RUScat_ru:SubjectAddressDetails><RUScat_ru:PostalCode>666685</RUScat_ru:PostalCode><RUScat_ru:CountryCode>RU</RUScat_ru:CountryCode><RUScat_ru:CounryName>РОССИЯ</RUScat_ru:CounryName><RUScat_ru:Region>ИРКУТСКАЯ ОБЛАСТЬ</RUScat_ru:Region><RUScat_ru:City>Г.УСТЬ-ИЛИМСК</RUScat_ru:City><RUScat_ru:StreetHouse>УЛ.МОЛОДЕЖНАЯ ДОМ 16, ОФИС 421</RUScat_ru:StreetHouse></RUScat_ru:SubjectAddressDetails></ESADout_CUDeclarant><ESADout_CUGoodsLocation><InformationTypeCode>99</InformationTypeCode><CustomsOffice>10607110</CustomsOffice><CustomsCountryCode>RU</CustomsCountryCode><Address><RUScat_ru:CountryCode>RU</RUScat_ru:CountryCode><RUScat_ru:CounryName>РОССИЯ</RUScat_ru:CounryName><RUScat_ru:Region>ИРКУТСКАЯ ОБЛАСТЬ</RUScat_ru:Region><RUScat_ru:City>Г.УСТЬ-ИЛИМСК</RUScat_ru:City><RUScat_ru:StreetHouse>ПРОМПЛОЩАДКА ЛПК ТУПИК №409</RUScat_ru:StreetHouse></Address></ESADout_CUGoodsLocation><ESADout_CUConsigment><catESAD_cu:ContainerIndicator>0</catESAD_cu:ContainerIndicator><catESAD_cu:DispatchCountryCode>RU</catESAD_cu:DispatchCountryCode><catESAD_cu:DispatchCountryName>РОССИЯ</catESAD_cu:DispatchCountryName><catESAD_cu:DestinationCountryCode>CN</catESAD_cu:DestinationCountryCode><catESAD_cu:DestinationCountryName>КИТАЙ</catESAD_cu:DestinationCountryName><catESAD_cu:BorderCustomsOffice><cat_ru:Code>10612120</cat_ru:Code><cat_ru:CustomsCountryCode>643</cat_ru:CustomsCountryCode></catESAD_cu:BorderCustomsOffice><ESADout_CUDepartureArrivalTransport><cat_ru:TransportModeCode>20</cat_ru:TransportModeCode><TransportMeansQuantity>1</TransportMeansQuantity><TransportMeans><cat_ru:TransportIdentifier>54827902</cat_ru:TransportIdentifier></TransportMeans></ESADout_CUDepartureArrivalTransport><ESADout_CUBorderTransport><cat_ru:TransportModeCode>20</cat_ru:TransportModeCode></ESADout_CUBorderTransport></ESADout_CUConsigment><ESADout_CUMainContractTerms><catESAD_cu:ContractCurrencyCode>USD</catESAD_cu:ContractCurrencyCode><catESAD_cu:ContractCurrencyRate>73.733</catESAD_cu:ContractCurrencyRate><catESAD_cu:TotalInvoiceAmount>4875.68</catESAD_cu:TotalInvoiceAmount><catESAD_cu:TradeCountryCode>CN</catESAD_cu:TradeCountryCode><catESAD_cu:DealFeatureCode>00</catESAD_cu:DealFeatureCode><catESAD_cu:DealNatureCode>010</catESAD_cu:DealNatureCode><catESAD_cu:CUESADDeliveryTerms><cat_ru:DeliveryPlace>ЗАБАЙКАЛЬСК</cat_ru:DeliveryPlace><cat_ru:DeliveryTermsStringCode>DAP</cat_ru:DeliveryTermsStringCode></catESAD_cu:CUESADDeliveryTerms></ESADout_CUMainContractTerms><ESADout_CUGoods><catESAD_cu:GoodsNumeric>1</catESAD_cu:GoodsNumeric><catESAD_cu:GoodsDescription>ЛЕСОМАТЕРИАЛЫ КРУГЛЫЕ ХВОЙНЫХ ПОРОД ИЗ ЕЛИ СИБИРСКОЙ (PICEA OBOVATA) С РАЗМЕРОМ НАИБОЛЬШЕГО ПОПЕРЕЧНОГО СЕЧЕНИЯ НЕ МЕНЕЕ 15СМ,НЕОКОРЕННЫЕ БРЕВНА БЕЗ ЧЕРНОВОЙ ОБРАБОТКИ,НЕБРУСОВАННЫЕ,НЕОБРАБОТАННЫЕ КОНСЕРВАНТОМ ВСЕГО КОЛИЧЕСТВО 163ШТ. ВСЕГО ОБЪЕМ С УЧ</catESAD_cu:GoodsDescription><catESAD_cu:GoodsDescription>ЕТОМ НОМИНАЛЬНЫХ РАЗМЕРОВ 41.839М3 ОБЩИЙ ОБЪМ ПО КОНТРАКТУ 5000М3 СОРТ 1-2,ГОСТ 9463-88,ДЛИНА 4.1М; ПРИПУСК НА ВЕЛИЧИНУ УСУШКИ: ПО ДЛИНЕ 100ММ;</catESAD_cu:GoodsDescription><catESAD_cu:GrossWeightQuantity>18223</catESAD_cu:GrossWeightQuantity><catESAD_cu:NetWeightQuantity>17803</catESAD_cu:NetWeightQuantity><catESAD_cu:NetWeightQuantity2>0</catESAD_cu:NetWeightQuantity2><catESAD_cu:InvoicedCost>1372.98</catESAD_cu:InvoicedCost><catESAD_cu:StatisticalCost>1372.98</catESAD_cu:StatisticalCost><catESAD_cu:GoodsTNVEDCode>4407113800</catESAD_cu:GoodsTNVEDCode><catESAD_cu:OriginCountryCode>RU</catESAD_cu:OriginCountryCode><catESAD_cu:AdditionalSheetCount>1</catESAD_cu:AdditionalSheetCount><catESAD_cu:GoodsGroupDescription><catESAD_cu:GoodsDescription>:ДЛ.4.1ММ.(ПРИП.100ММ),ТЛ.16-24СМ,Ш.20-28СМ,163ШТ.,70ДОЛ.США/М3</catESAD_cu:GoodsDescription><catESAD_cu:GoodsGroupInformation><catESAD_cu:Manufacturer>ИП ДЖАНХОТОВ А.В.</catESAD_cu:Manufacturer><catESAD_cu:TradeMark>ОТСУТСТВУЕТ</catESAD_cu:TradeMark><catESAD_cu:GoodsStandard>9463-88,2708-75,2292-88</catESAD_cu:GoodsStandard><catESAD_cu:GoodsSort>1-2</catESAD_cu:GoodsSort><catESAD_cu:WoodDescriptionDetails><catESAD_cu:WoodKind>ЕЛИ СИБИРСКОЙ</catESAD_cu:WoodKind></catESAD_cu:WoodDescriptionDetails><catESAD_cu:GoodsGroupQuantity><catESAD_cu:GoodsQuantity>19.614</catESAD_cu:GoodsQuantity><catESAD_cu:MeasureUnitQualifierName>М3</catESAD_cu:MeasureUnitQualifierName><catESAD_cu:MeasureUnitQualifierCode>113</catESAD_cu:MeasureUnitQualifierCode></catESAD_cu:GoodsGroupQuantity><catESAD_cu:InvoicedCost>0</catESAD_cu:InvoicedCost></catESAD_cu:GoodsGroupInformation><catESAD_cu:GroupNum>1</catESAD_cu:GroupNum></catESAD_cu:GoodsGroupDescription><catESAD_cu:Preferencii><catESAD_cu:CustomsTax>--</catESAD_cu:CustomsTax><catESAD_cu:CustomsDuty>--</catESAD_cu:CustomsDuty><catESAD_cu:Excise>-</catESAD_cu:Excise><catESAD_cu:Rate>--</catESAD_cu:Rate></catESAD_cu:Preferencii><LanguageGoods>RU</LanguageGoods><ESADout_CUPresentedDocument><cat_ru:PrDocumentName>ЖЕЛЕЗНОДОРОЖНАЯ НАКЛАДНАЯ</cat_ru:PrDocumentName><cat_ru:PrDocumentNumber>25306924</cat_ru:PrDocumentNumber><catESAD_cu:PresentedDocumentModeCode>02013</catESAD_cu:PresentedDocumentModeCode><catESAD_cu:RecordID>642000EC-EE3A-4B66-8DBC-CD8655BFAE62</catESAD_cu:RecordID><RUDECLcat:DocumentPresentingDetails><RUDECLcat:DocPresentKindCode>0</RUDECLcat:DocPresentKindCode><RUDECLcat:PresentedDocumentModeCode>02013</RUDECLcat:PresentedDocumentModeCode></RUDECLcat:DocumentPresentingDetails></ESADout_CUPresentedDocument><ESADout_CUPresentedDocument><cat_ru:PrDocumentName>ДОГОВОР (КОНТРАКТ), ЗАКЛЮЧЕННЫЙ ПРИ СОВЕРШЕНИИ ВНЕШНЕЭКОНОМИЧЕСКОЙ СДЕЛКИ</cat_ru:PrDocumentName><cat_ru:PrDocumentNumber>LM-2014/1</cat_ru:PrDocumentNumber><cat_ru:PrDocumentDate>2017-12-01</cat_ru:PrDocumentDate><catESAD_cu:PresentedDocumentModeCode>03011</catESAD_cu:PresentedDocumentModeCode><catESAD_cu:RecordID>A0510B40-077E-485B-ABB4-C45C0EC087FB</catESAD_cu:RecordID><RUDECLcat:DocumentPresentingDetails><RUDECLcat:DocPresentKindCode>1</RUDECLcat:DocPresentKindCode><RUDECLcat:PresentedDocumentModeCode>03011</RUDECLcat:PresentedDocumentModeCode></RUDECLcat:DocumentPresentingDetails></ESADout_CUPresentedDocument><ESADout_CUPresentedDocument><cat_ru:PrDocumentName>ДОПОЛНИТЕЛЬНОЕ СОГЛАШЕНИЕ</cat_ru:PrDocumentName><cat_ru:PrDocumentNumber>1</cat_ru:PrDocumentNumber><cat_ru:PrDocumentDate>2018-06-25</cat_ru:PrDocumentDate><catESAD_cu:PresentedDocumentModeCode>03012</catESAD_cu:PresentedDocumentModeCode><catESAD_cu:RecordID>EE070CBE-F62B-4AC1-A23A-E80B4108FDD3</catESAD_cu:RecordID><RUDECLcat:DocumentPresentingDetails><RUDECLcat:DocPresentKindCode>1</RUDECLcat:DocPresentKindCode><RUDECLcat:PresentedDocumentModeCode>03012</RUDECLcat:PresentedDocumentModeCode></RUDECLcat:DocumentPresentingDetails></ESADout_CUPresentedDocument><ESADout_CUPresentedDocument><cat_ru:PrDocumentName>УСТАВ</cat_ru:PrDocumentName><cat_ru:PrDocumentNumber>Б/Н</cat_ru:PrDocumentNumber><cat_ru:PrDocumentDate>2017-04-21</cat_ru:PrDocumentDate><catESAD_cu:PresentedDocumentModeCode>04011</catESAD_cu:PresentedDocumentModeCode><catESAD_cu:RecordID>D35F88CF-90EA-4848-9F32-32A64F480BE0</catESAD_cu:RecordID><RUDECLcat:DocumentPresentingDetails><RUDECLcat:DocPresentKindCode>1</RUDECLcat:DocPresentKindCode><RUDECLcat:PresentedDocumentModeCode>04011</RUDECLcat:PresentedDocumentModeCode></RUDECLcat:DocumentPresentingDetails></ESADout_CUPresentedDocument><ESADout_CUCustomsPaymentCalculation><catESAD_cu:PaymentModeCode>1010</catESAD_cu:PaymentModeCode><catESAD_cu:PaymentAmount>1550</catESAD_cu:PaymentAmount><catESAD_cu:PaymentCurrencyCode>643</catESAD_cu:PaymentCurrencyCode><catESAD_cu:TaxBase>258264.58</catESAD_cu:TaxBase><catESAD_cu:TaxBaseCurrencyCode>643</catESAD_cu:TaxBaseCurrencyCode><catESAD_cu:Rate>1550</catESAD_cu:Rate><catESAD_cu:RateTypeCode>*</catESAD_cu:RateTypeCode><catESAD_cu:RateCurrencyCode>643</catESAD_cu:RateCurrencyCode><catESAD_cu:RateUseDate>2021-12-20</catESAD_cu:RateUseDate><catESAD_cu:PaymentCode>ИУ</catESAD_cu:PaymentCode></ESADout_CUCustomsPaymentCalculation><SupplementaryGoodsQuantity><cat_ru:GoodsQuantity>19.61</cat_ru:GoodsQuantity><cat_ru:MeasureUnitQualifierName>М3</cat_ru:MeasureUnitQualifierName><cat_ru:MeasureUnitQualifierCode>113</cat_ru:MeasureUnitQualifierCode></SupplementaryGoodsQuantity><ESADGoodsPackaging><catESAD_cu:PakageQuantity>0</catESAD_cu:PakageQuantity><catESAD_cu:PakageTypeCode>0</catESAD_cu:PakageTypeCode><catESAD_cu:PakagePartQuantity>0</catESAD_cu:PakagePartQuantity><catESAD_cu:PackagePalleteInformation><catESAD_cu:InfoKindCode>2</catESAD_cu:InfoKindCode><catESAD_cu:PalleteCode>LG</catESAD_cu:PalleteCode><catESAD_cu:PalleteQuantity>0</catESAD_cu:PalleteQuantity></catESAD_cu:PackagePalleteInformation></ESADGoodsPackaging><ESADCustomsProcedure><catESAD_cu:MainCustomsModeCode>10</catESAD_cu:MainCustomsModeCode><catESAD_cu:PrecedingCustomsModeCode>00</catESAD_cu:PrecedingCustomsModeCode><catESAD_cu:GoodsTransferFeature>000</catESAD_cu:GoodsTransferFeature></ESADCustomsProcedure></ESADout_CUGoods><ESADout_CUGoods><catESAD_cu:GoodsNumeric>2</catESAD_cu:GoodsNumeric><catESAD_cu:GoodsDescription>ЛЕСОМАТЕРИАЛЫ КРУГЛЫЕ ХВОЙНЫХ ПОРОД ИЗ ЕЛИ СИБИРСКОЙ (PICEA OBOVATA) С РАЗМЕРОМ НАИБОЛЬШЕГО ПОПЕРЕЧНОГО СЕЧЕНИЯ МЕНЕЕ 15СМ,НЕОКОРЕННЫЕ БРЕВНА БЕЗ ЧЕРНОВОЙ ОБРАБОТКИ,НЕБРУСОВАННЫЕ,НЕОБРАБОТАННЫЕ КОНСЕРВАНТОМ ВСЕГО 718ШТ. ВСЕГО ОБЪЕМ С УЧЕТОМ НОМИНАЛЬН</catESAD_cu:GoodsDescription><catESAD_cu:GoodsDescription>ОЙ ДЛИНЫ И БЕЗ КОРЫ 49.41М3/С УЧЕТОМ ФАКТИЧЕСКОЙ ДЛИНЫ И С УЧЕТОМ КОРЫ 56.439М3 ОБЩИЙ ОБЪМ ПО КОНТРАКТУ 5000М3 СОРТ 1-2,ГОСТ 9463-88,2708-75,2292-88,НОМИНАЛЬНАЯ ДЛИНА 4.1М./ДЛИНА С УЧЕТОМ МАКСИМАЛЬНОГО ПРИПУСКА НА РАСПИЛОВКУ 4.2М. ДИАПАЗОН ТОЛЩИН В В</catESAD_cu:GoodsDescription><catESAD_cu:GoodsDescription>ЕРХНЕМ ТОРЦЕ: 12-14СМ. ДИАПАЗОН ТОЛЩИН В НИЖНЕМ ТОРЦЕ: 16-18СМ.</catESAD_cu:GoodsDescription><catESAD_cu:GrossWeightQuantity>46277</catESAD_cu:GrossWeightQuantity><catESAD_cu:NetWeightQuantity>45209</catESAD_cu:NetWeightQuantity><catESAD_cu:NetWeightQuantity2>0</catESAD_cu:NetWeightQuantity2><catESAD_cu:InvoicedCost>3458.7</catESAD_cu:InvoicedCost><catESAD_cu:CustomsCost>255020.33</catESAD_cu:CustomsCost><catESAD_cu:StatisticalCost>3458.7</catESAD_cu:StatisticalCost><catESAD_cu:GoodsTNVEDCode>4403249000</catESAD_cu:GoodsTNVEDCode><catESAD_cu:OriginCountryCode>RU</catESAD_cu:OriginCountryCode><catESAD_cu:AdditionalSheetCount>2</catESAD_cu:AdditionalSheetCount><catESAD_cu:GoodsGroupDescription><catESAD_cu:GoodsDescription>:- СОРТ 1-2, Д.12-14СМ,70ДОЛ.США/М3-НОМИНАЛЬНЫЙ ОБЪЕМ 49.41М3/ОБЪЕМ С КОРОЙ 56.439М3, ШТ.718</catESAD_cu:GoodsDescription><catESAD_cu:GoodsGroupInformation><catESAD_cu:Manufacturer>ИП ДЖАНХОТОВ А.В.</catESAD_cu:Manufacturer><catESAD_cu:TradeMark>ОТСУТСТВУЕТ</catESAD_cu:TradeMark><catESAD_cu:GoodsStandard>9463-88,2708-75, 2292-88,ФР.1.27.2011.10631</catESAD_cu:GoodsStandard><catESAD_cu:GoodsSort>1-2</catESAD_cu:GoodsSort><catESAD_cu:WoodDescriptionDetails><catESAD_cu:WoodSortiment>ПИЛОВОЧНИК</catESAD_cu:WoodSortiment><catESAD_cu:WoodKind>ЕЛИ СИБИРСКОЙ</catESAD_cu:WoodKind></catESAD_cu:WoodDescriptionDetails><catESAD_cu:GoodsGroupQuantity><catESAD_cu:GoodsQuantity>56.439</catESAD_cu:GoodsQuantity><catESAD_cu:MeasureUnitQualifierName>М3</catESAD_cu:MeasureUnitQualifierName><catESAD_cu:MeasureUnitQualifierCode>113</catESAD_cu:MeasureUnitQualifierCode></catESAD_cu:GoodsGroupQuantity><catESAD_cu:InvoicedCost>0</catESAD_cu:InvoicedCost></catESAD_cu:GoodsGroupInformation><catESAD_cu:GroupNum>1</catESAD_cu:GroupNum></catESAD_cu:GoodsGroupDescription><catESAD_cu:Preferencii><catESAD_cu:CustomsTax>ОО</catESAD_cu:CustomsTax><catESAD_cu:CustomsDuty>ОО</catESAD_cu:CustomsDuty><catESAD_cu:Excise>-</catESAD_cu:Excise><catESAD_cu:Rate>--</catESAD_cu:Rate></catESAD_cu:Preferencii><LanguageGoods>RU</LanguageGoods><ESADout_CUPresentedDocument><cat_ru:PrDocumentName>ЖЕЛЕЗНОДОРОЖНАЯ НАКЛАДНАЯ</cat_ru:PrDocumentName><cat_ru:PrDocumentNumber>25306924</cat_ru:PrDocumentNumber><catESAD_cu:PresentedDocumentModeCode>02013</catESAD_cu:PresentedDocumentModeCode><catESAD_cu:RecordID>642000EC-EE3A-4B66-8DBC-CD8655BFAE62</catESAD_cu:RecordID><RUDECLcat:DocumentPresentingDetails><RUDECLcat:DocPresentKindCode>0</RUDECLcat:DocPresentKindCode><RUDECLcat:PresentedDocumentModeCode>02013</RUDECLcat:PresentedDocumentModeCode></RUDECLcat:DocumentPresentingDetails></ESADout_CUPresentedDocument><ESADout_CUPresentedDocument><cat_ru:PrDocumentName>ДОГОВОР (КОНТРАКТ), ЗАКЛЮЧЕННЫЙ ПРИ СОВЕРШЕНИИ ВНЕШНЕЭКОНОМИЧЕСКОЙ СДЕЛКИ</cat_ru:PrDocumentName><cat_ru:PrDocumentNumber>LM-2014/1</cat_ru:PrDocumentNumber><cat_ru:PrDocumentDate>2017-12-01</cat_ru:PrDocumentDate><catESAD_cu:PresentedDocumentModeCode>03011</catESAD_cu:PresentedDocumentModeCode><catESAD_cu:RecordID>A0510B40-077E-485B-ABB4-C45C0EC087FB</catESAD_cu:RecordID><RUDECLcat:DocumentPresentingDetails><RUDECLcat:DocPresentKindCode>1</RUDECLcat:DocPresentKindCode><RUDECLcat:PresentedDocumentModeCode>03011</RUDECLcat:PresentedDocumentModeCode></RUDECLcat:DocumentPresentingDetails></ESADout_CUPresentedDocument><ESADout_CUPresentedDocument><cat_ru:PrDocumentName>ДОПОЛНИТЕЛЬНОЕ СОГЛАШЕНИЕ</cat_ru:PrDocumentName><cat_ru:PrDocumentNumber>1</cat_ru:PrDocumentNumber><cat_ru:PrDocumentDate>2018-06-25</cat_ru:PrDocumentDate><catESAD_cu:PresentedDocumentModeCode>03012</catESAD_cu:PresentedDocumentModeCode><catESAD_cu:RecordID>EE070CBE-F62B-4AC1-A23A-E80B4108FDD3</catESAD_cu:RecordID><RUDECLcat:DocumentPresentingDetails><RUDECLcat:DocPresentKindCode>1</RUDECLcat:DocPresentKindCode><RUDECLcat:PresentedDocumentModeCode>03012</RUDECLcat:PresentedDocumentModeCode></RUDECLcat:DocumentPresentingDetails></ESADout_CUPresentedDocument><ESADout_CUPresentedDocument><cat_ru:PrDocumentName>УСТАВ</cat_ru:PrDocumentName><cat_ru:PrDocumentNumber>Б/Н</cat_ru:PrDocumentNumber><cat_ru:PrDocumentDate>2017-04-21</cat_ru:PrDocumentDate><catESAD_cu:PresentedDocumentModeCode>04011</catESAD_cu:PresentedDocumentModeCode><catESAD_cu:RecordID>D35F88CF-90EA-4848-9F32-32A64F480BE0</catESAD_cu:RecordID><RUDECLcat:DocumentPresentingDetails><RUDECLcat:DocPresentKindCode>1</RUDECLcat:DocPresentKindCode><RUDECLcat:PresentedDocumentModeCode>04011</RUDECLcat:PresentedDocumentModeCode></RUDECLcat:DocumentPresentingDetails></ESADout_CUPresentedDocument><ESADout_CUPresentedDocument><cat_ru:PrDocumentName>СВИДЕТЕЛЬСТВО О ПОСТАНОВКЕ НА УЧЕТ</cat_ru:PrDocumentName><cat_ru:PrDocumentDate>2013-08-09</cat_ru:PrDocumentDate><catESAD_cu:PresentedDocumentModeCode>04011</catESAD_cu:PresentedDocumentModeCode><catESAD_cu:RecordID>22B6C941-D914-4064-A23C-900C235D1F56</catESAD_cu:RecordID><RUDECLcat:DocumentPresentingDetails><RUDECLcat:DocPresentKindCode>1</RUDECLcat:DocPresentKindCode><RUDECLcat:PresentedDocumentModeCode>04011</RUDECLcat:PresentedDocumentModeCode></RUDECLcat:DocumentPresentingDetails></ESADout_CUPresentedDocument><ESADout_CUCustomsPaymentCalculation><catESAD_cu:PaymentModeCode>3050</catESAD_cu:PaymentModeCode><catESAD_cu:PaymentAmount>260151.35</catESAD_cu:PaymentAmount><catESAD_cu:PaymentCurrencyCode>643</catESAD_cu:PaymentCurrencyCode><catESAD_cu:TaxBase>56.44</catESAD_cu:TaxBase><catESAD_cu:TaxBaseTNVEDQualifierCode>113</catESAD_cu:TaxBaseTNVEDQualifierCode><catESAD_cu:Rate>55.2</catESAD_cu:Rate><catESAD_cu:RateTypeCode>*</catESAD_cu:RateTypeCode><catESAD_cu:RateCurrencyCode>978</catESAD_cu:RateCurrencyCode><catESAD_cu:RateTNVEDQualifierCode>113</catESAD_cu:RateTNVEDQualifierCode><catESAD_cu:WeightingFactor>1</catESAD_cu:WeightingFactor><catESAD_cu:ComparisonOperationsSign>1</catESAD_cu:ComparisonOperationsSign><catESAD_cu:Rate2>80</catESAD_cu:Rate2><catESAD_cu:RateTypeCode2>%</catESAD_cu:RateTypeCode2><catESAD_cu:ComparisonResult>false</catESAD_cu:ComparisonResult><catESAD_cu:RateUseDate>2021-12-20</catESAD_cu:RateUseDate><catESAD_cu:PaymentCode>ИУ</catESAD_cu:PaymentCode></ESADout_CUCustomsPaymentCalculation><SupplementaryGoodsQuantity><cat_ru:GoodsQuantity>56.44</cat_ru:GoodsQuantity><cat_ru:MeasureUnitQualifierName>М3</cat_ru:MeasureUnitQualifierName><cat_ru:MeasureUnitQualifierCode>113</cat_ru:MeasureUnitQualifierCode></SupplementaryGoodsQuantity><ESADGoodsPackaging><catESAD_cu:PakageQuantity>0</catESAD_cu:PakageQuantity><catESAD_cu:PakageTypeCode>0</catESAD_cu:PakageTypeCode><catESAD_cu:PakagePartQuantity>0</catESAD_cu:PakagePartQuantity><catESAD_cu:PackagePalleteInformation><catESAD_cu:InfoKindCode>2</catESAD_cu:InfoKindCode><catESAD_cu:PalleteCode>LG</catESAD_cu:PalleteCode><catESAD_cu:PalleteQuantity>0</catESAD_cu:PalleteQuantity></catESAD_cu:PackagePalleteInformation></ESADGoodsPackaging><ESADCustomsProcedure><catESAD_cu:MainCustomsModeCode>10</catESAD_cu:MainCustomsModeCode><catESAD_cu:PrecedingCustomsModeCode>00</catESAD_cu:PrecedingCustomsModeCode><catESAD_cu:GoodsTransferFeature>000</catESAD_cu:GoodsTransferFeature></ESADCustomsProcedure></ESADout_CUGoods><ESADout_CUGoods><catESAD_cu:GoodsNumeric>3</catESAD_cu:GoodsNumeric><catESAD_cu:GoodsDescription>ЛЕСОМАТЕРИАЛЫ КРУГЛЫЕ ХВОЙНЫХ ПОРОД ИЗ ЕЛИ СИБИРСКОЙ (PICEA OBOVATA) С РАЗМЕРОМ НАИБОЛЬШЕГО ПОПЕРЕЧНОГО СЕЧЕНИЯ НЕ МЕНЕЕ 15СМ,НЕОКОРЕННЫЕ БРЕВНА БЕЗ ЧЕРНОВОЙ ОБРАБОТКИ,НЕБРУСОВАННЫЕ,НЕОБРАБОТАННЫЕ КОНСЕРВАНТОМ ВСЕГО 2ШТ. ВСЕГО ОБЪЕМ С УЧЕТОМ НОМИНАЛЬ</catESAD_cu:GoodsDescription><catESAD_cu:GoodsDescription>НОЙ ДЛИНЫ И БЕЗ КОРЫ 0.55М3/С УЧЕТОМ ФАКТИЧЕСКОЙ ДЛИНЫ И С УЧЕТОМ КОРЫ 0.61М3 ОБЩИЙ ОБЪМ ПО КОНТРАКТУ 5000М3 СОРТ 1-2,ГОСТ 9463-88,2708-75,2292-88,НОМИНАЛЬНАЯ ДЛИНА 4.1М./ДЛИНА С УЧЕТОМ МАКСИМАЛЬНОГО ПРИПУСКА НА РАСПИЛОВКУ 4.2М. ДИАПА ЗОН ТОЛЩИН В ВЕ</catESAD_cu:GoodsDescription><catESAD_cu:GoodsDescription>РХНЕМ ТОРЦЕ: 26-28СМ. ДИАПАЗОН ТОЛЩИН В НИЖНЕМ ТОРЦЕ: 30-32СМ.</catESAD_cu:GoodsDescription><catESAD_cu:GrossWeightQuantity>500</catESAD_cu:GrossWeightQuantity><catESAD_cu:NetWeightQuantity>488</catESAD_cu:NetWeightQuantity><catESAD_cu:NetWeightQuantity2>0</catESAD_cu:NetWeightQuantity2><catESAD_cu:InvoicedCost>44</catESAD_cu:InvoicedCost><catESAD_cu:CustomsCost>3244.25</catESAD_cu:CustomsCost><catESAD_cu:StatisticalCost>44</catESAD_cu:StatisticalCost><catESAD_cu:GoodsTNVEDCode>4403239100</catESAD_cu:GoodsTNVEDCode><catESAD_cu:OriginCountryCode>RU</catESAD_cu:OriginCountryCode><catESAD_cu:CustomsCostCorrectMethod>1</catESAD_cu:CustomsCostCorrectMethod><catESAD_cu:AdditionalSheetCount>2</catESAD_cu:AdditionalSheetCount><catESAD_cu:GoodsGroupDescription><catESAD_cu:GoodsDescription>:- СОРТ 1-2, Д.26-28СМ,80ДОЛ.США/М3-НОМИНАЛЬНЫЙ ОБЪЕМ 0.55М3/ОБЪЕМ С КОРОЙ 0.61М3 ШТ.2</catESAD_cu:GoodsDescription><catESAD_cu:GoodsGroupInformation><catESAD_cu:Manufacturer>ИП ДЖАНХОТОВ А.В.</catESAD_cu:Manufacturer><catESAD_cu:TradeMark>ОТСУТСТВУЕТ</catESAD_cu:TradeMark><catESAD_cu:GoodsStandard>9463-88,2708-75, 2292-88,ФР.1.27.2011.10631</catESAD_cu:GoodsStandard><catESAD_cu:GoodsSort>1-2</catESAD_cu:GoodsSort><catESAD_cu:WoodDescriptionDetails><catESAD_cu:WoodSortiment>ПИЛОВОЧНИК</catESAD_cu:WoodSortiment><catESAD_cu:WoodKind>ЕЛИ СИБИРСКОЙ</catESAD_cu:WoodKind></catESAD_cu:WoodDescriptionDetails><catESAD_cu:GoodsGroupQuantity><catESAD_cu:GoodsQuantity>0.61</catESAD_cu:GoodsQuantity><catESAD_cu:MeasureUnitQualifierName>М3</catESAD_cu:MeasureUnitQualifierName><catESAD_cu:MeasureUnitQualifierCode>113</catESAD_cu:MeasureUnitQualifierCode></catESAD_cu:GoodsGroupQuantity><catESAD_cu:InvoicedCost>0</catESAD_cu:InvoicedCost></catESAD_cu:GoodsGroupInformation><catESAD_cu:GroupNum>1</catESAD_cu:GroupNum></catESAD_cu:GoodsGroupDescription><catESAD_cu:Preferencii><catESAD_cu:CustomsTax>ОО</catESAD_cu:CustomsTax><catESAD_cu:CustomsDuty>ОО</catESAD_cu:CustomsDuty><catESAD_cu:Excise>-</catESAD_cu:Excise><catESAD_cu:Rate>--</catESAD_cu:Rate></catESAD_cu:Preferencii><LanguageGoods>RU</LanguageGoods><ESADout_CUPresentedDocument><cat_ru:PrDocumentName>ЖЕЛЕЗНОДОРОЖНАЯ НАКЛАДНАЯ</cat_ru:PrDocumentName><cat_ru:PrDocumentNumber>25306924</cat_ru:PrDocumentNumber><catESAD_cu:PresentedDocumentModeCode>02013</catESAD_cu:PresentedDocumentModeCode><catESAD_cu:RecordID>642000EC-EE3A-4B66-8DBC-CD8655BFAE62</catESAD_cu:RecordID><RUDECLcat:DocumentPresentingDetails><RUDECLcat:DocPresentKindCode>0</RUDECLcat:DocPresentKindCode><RUDECLcat:PresentedDocumentModeCode>02013</RUDECLcat:PresentedDocumentModeCode></RUDECLcat:DocumentPresentingDetails></ESADout_CUPresentedDocument><ESADout_CUPresentedDocument><cat_ru:PrDocumentName>ДОГОВОР (КОНТРАКТ), ЗАКЛЮЧЕННЫЙ ПРИ СОВЕРШЕНИИ ВНЕШНЕЭКОНОМИЧЕСКОЙ СДЕЛКИ</cat_ru:PrDocumentName><cat_ru:PrDocumentNumber>LM-2014/1</cat_ru:PrDocumentNumber><cat_ru:PrDocumentDate>2017-12-01</cat_ru:PrDocumentDate><catESAD_cu:PresentedDocumentModeCode>03011</catESAD_cu:PresentedDocumentModeCode><catESAD_cu:RecordID>A0510B40-077E-485B-ABB4-C45C0EC087FB</catESAD_cu:RecordID><RUDECLcat:DocumentPresentingDetails><RUDECLcat:DocPresentKindCode>1</RUDECLcat:DocPresentKindCode><RUDECLcat:PresentedDocumentModeCode>03011</RUDECLcat:PresentedDocumentModeCode></RUDECLcat:DocumentPresentingDetails></ESADout_CUPresentedDocument><ESADout_CUPresentedDocument><cat_ru:PrDocumentName>ДОПОЛНИТЕЛЬНОЕ СОГЛАШЕНИЕ</cat_ru:PrDocumentName><cat_ru:PrDocumentNumber>1</cat_ru:PrDocumentNumber><cat_ru:PrDocumentDate>2018-06-25</cat_ru:PrDocumentDate><catESAD_cu:PresentedDocumentModeCode>03012</catESAD_cu:PresentedDocumentModeCode><catESAD_cu:RecordID>EE070CBE-F62B-4AC1-A23A-E80B4108FDD3</catESAD_cu:RecordID><RUDECLcat:DocumentPresentingDetails><RUDECLcat:DocPresentKindCode>1</RUDECLcat:DocPresentKindCode><RUDECLcat:PresentedDocumentModeCode>03012</RUDECLcat:PresentedDocumentModeCode></RUDECLcat:DocumentPresentingDetails></ESADout_CUPresentedDocument><ESADout_CUPresentedDocument><cat_ru:PrDocumentName>УСТАВ</cat_ru:PrDocumentName><cat_ru:PrDocumentNumber>Б/Н</cat_ru:PrDocumentNumber><cat_ru:PrDocumentDate>2017-04-21</cat_ru:PrDocumentDate><catESAD_cu:PresentedDocumentModeCode>04011</catESAD_cu:PresentedDocumentModeCode><catESAD_cu:RecordID>D35F88CF-90EA-4848-9F32-32A64F480BE0</catESAD_cu:RecordID><RUDECLcat:DocumentPresentingDetails><RUDECLcat:DocPresentKindCode>1</RUDECLcat:DocPresentKindCode><RUDECLcat:PresentedDocumentModeCode>04011</RUDECLcat:PresentedDocumentModeCode></RUDECLcat:DocumentPresentingDetails></ESADout_CUPresentedDocument><ESADout_CUPresentedDocument><cat_ru:PrDocumentName>СВИДЕТЕЛЬСТВО О ПОСТАНОВКЕ НА УЧЕТ</cat_ru:PrDocumentName><cat_ru:PrDocumentDate>2013-08-09</cat_ru:PrDocumentDate><catESAD_cu:PresentedDocumentModeCode>04011</catESAD_cu:PresentedDocumentModeCode><catESAD_cu:RecordID>22B6C941-D914-4064-A23C-900C235D1F56</catESAD_cu:RecordID><RUDECLcat:DocumentPresentingDetails><RUDECLcat:DocPresentKindCode>1</RUDECLcat:DocPresentKindCode><RUDECLcat:PresentedDocumentModeCode>04011</RUDECLcat:PresentedDocumentModeCode></RUDECLcat:DocumentPresentingDetails></ESADout_CUPresentedDocument><ESADout_CUCustomsPaymentCalculation><catESAD_cu:PaymentModeCode>3050</catESAD_cu:PaymentModeCode><catESAD_cu:PaymentAmount>11246.8</catESAD_cu:PaymentAmount><catESAD_cu:PaymentCurrencyCode>643</catESAD_cu:PaymentCurrencyCode><catESAD_cu:TaxBase>2.44</catESAD_cu:TaxBase><catESAD_cu:TaxBaseTNVEDQualifierCode>113</catESAD_cu:TaxBaseTNVEDQualifierCode><catESAD_cu:Rate>55.2</catESAD_cu:Rate><catESAD_cu:RateTypeCode>*</catESAD_cu:RateTypeCode><catESAD_cu:RateCurrencyCode>978</catESAD_cu:RateCurrencyCode><catESAD_cu:RateTNVEDQualifierCode>113</catESAD_cu:RateTNVEDQualifierCode><catESAD_cu:WeightingFactor>1</catESAD_cu:WeightingFactor><catESAD_cu:ComparisonOperationsSign>1</catESAD_cu:ComparisonOperationsSign><catESAD_cu:Rate2>80</catESAD_cu:Rate2><catESAD_cu:RateTypeCode2>%</catESAD_cu:RateTypeCode2><catESAD_cu:ComparisonResult>false</catESAD_cu:ComparisonResult><catESAD_cu:RateUseDate>2021-12-20</catESAD_cu:RateUseDate><catESAD_cu:PaymentCode>ИУ</catESAD_cu:PaymentCode></ESADout_CUCustomsPaymentCalculation><SupplementaryGoodsQuantity><cat_ru:GoodsQuantity>0.61</cat_ru:GoodsQuantity><cat_ru:MeasureUnitQualifierName>М3</cat_ru:MeasureUnitQualifierName><cat_ru:MeasureUnitQualifierCode>113</cat_ru:MeasureUnitQualifierCode></SupplementaryGoodsQuantity><ESADGoodsPackaging><catESAD_cu:PakageQuantity>0</catESAD_cu:PakageQuantity><catESAD_cu:PakageTypeCode>0</catESAD_cu:PakageTypeCode><catESAD_cu:PakagePartQuantity>0</catESAD_cu:PakagePartQuantity><catESAD_cu:PackagePalleteInformation><catESAD_cu:InfoKindCode>2</catESAD_cu:InfoKindCode><catESAD_cu:PalleteCode>LG</catESAD_cu:PalleteCode><catESAD_cu:PalleteQuantity>0</catESAD_cu:PalleteQuantity></catESAD_cu:PackagePalleteInformation></ESADGoodsPackaging><ESADCustomsProcedure><catESAD_cu:MainCustomsModeCode>10</catESAD_cu:MainCustomsModeCode><catESAD_cu:PrecedingCustomsModeCode>00</catESAD_cu:PrecedingCustomsModeCode><catESAD_cu:GoodsTransferFeature>000</catESAD_cu:GoodsTransferFeature></ESADCustomsProcedure></ESADout_CUGoods><ESADout_CUPayments><ESADout_CUCustomsPayment><catESAD_cu:PaymentModeCode>1010</catESAD_cu:PaymentModeCode><catESAD_cu:PaymentAmount>1550</catESAD_cu:PaymentAmount><catESAD_cu:PaymentCurrencyCode>643</catESAD_cu:PaymentCurrencyCode><catESAD_cu:CurrencyRate>1</catESAD_cu:CurrencyRate><RFOrganizationFeatures><cat_ru:INN>3817042902</cat_ru:INN></RFOrganizationFeatures></ESADout_CUCustomsPayment><ESADout_CUCustomsPayment><catESAD_cu:PaymentModeCode>3050</catESAD_cu:PaymentModeCode><catESAD_cu:PaymentAmount>271398.15</catESAD_cu:PaymentAmount><catESAD_cu:PaymentCurrencyCode>643</catESAD_cu:PaymentCurrencyCode><catESAD_cu:CurrencyRate>1</catESAD_cu:CurrencyRate><RFOrganizationFeatures><cat_ru:INN>3817042902</cat_ru:INN></RFOrganizationFeatures></ESADout_CUCustomsPayment></ESADout_CUPayments></ESADout_CUGoodsShipment><FilledPerson><RUDECLcat:SigningDetails><cat_ru:PersonSurname>ШЕСТАКОВА</cat_ru:PersonSurname><cat_ru:PersonName>ВИКТОРИЯ</cat_ru:PersonName><cat_ru:PersonMiddleName>ОДЕГОВНА</cat_ru:PersonMiddleName><cat_ru:PersonPost>ГЕНЕРАЛЬНЫЙ ДИРЕКТОР</cat_ru:PersonPost><RUScat_ru:CommunicationDetails><cat_ru:Phone>89149534458</cat_ru:Phone></RUScat_ru:CommunicationDetails><RUScat_ru:SigningDate>2021-12-20T00:00:00</RUScat_ru:SigningDate></RUDECLcat:SigningDetails><RUDECLcat:SignatoryPersonIdentityDetails><RUScat_ru:IdentityCardCode>21</RUScat_ru:IdentityCardCode><RUScat_ru:IdentityCardName>ПАСРФ</RUScat_ru:IdentityCardName><RUScat_ru:IdentityCardSeries>25 09</RUScat_ru:IdentityCardSeries><RUScat_ru:IdentityCardNumber>289895</RUScat_ru:IdentityCardNumber><RUScat_ru:IdentityCardDate>2009-12-19</RUScat_ru:IdentityCardDate><RUScat_ru:OrganizationName>ОТДЕЛОМ УФМС РОССИИ ПО ИРКУТСКОЙ ОБЛАСТИ В ГОР.УСТЬ-ИЛИМСКЕ И УСТЬ-ИЛИМСКОМ Р-НЕ</RUScat_ru:OrganizationName></RUDECLcat:SignatoryPersonIdentityDetails></FilledPerson></ESADout_CU></DocBody></ContainerDoc></ED_Container><!--Local=10210000/201221/0000023-->