"id","code"
"a033e688-24ce-44fa-8bf8-12f5af253cf8","04"
"23fb8efe-394f-4261-9670-6b9ec0bd0e51","05"
"a810bfb8-243f-4aab-b2e7-29eea06a3123","06"
"a8f8378b-4f9c-4d58-86bc-19b19b39863a","07"
"82930fdc-64c0-4fce-927b-1eec57bc5a7c","08"
"4027428a-4372-4edb-b2d0-a93b839cd205","00"
"e8c8ce95-d802-40bd-b13f-0d144951ee3d","09"
"01f108e2-614f-4c8d-8d41-81c6235de19d","10"
"6624bcc9-c8f3-454f-ae24-a729724e9361","11"
"0f99dc50-afe6-4cbb-b6d8-402b250afc72","01"
"2fd57415-5e67-4a9e-b334-4d36c8471e63","02"
"daf3aac2-28e7-4db2-8734-d1f2bc65544b","03"
"d18dab1b-8c64-4297-9438-a14f9a5afa1b","12"
