<?xml version="1.0" encoding="utf-8"?><ED_Container xmlns:cat_ru="urn:customs.ru:CommonAggregateTypes:5.10.0" DocumentModeID="1006058E" xmlns="urn:customs.ru:Information:ExchangeDocuments:ED_Container:5.13.1"><cat_ru:DocumentID>3C7CC95F-8E49-410F-A20D-1FA3964B8FC9</cat_ru:DocumentID><ContainerDoc><DocBody><ESADout_CU xmlns:RUScat_ru="urn:customs.ru:RUSCommonAggregateTypes:5.16.0" xmlns:cat_ru="urn:customs.ru:CommonAggregateTypes:5.10.0" xmlns:RUDECLcat="urn:customs.ru:RUDeclCommonAggregateTypesCust:5.17.0" xmlns:catESAD_cu="urn:customs.ru:CUESADCommonAggregateTypesCust:5.17.0" DocumentModeID="1006107E" xmlns="urn:customs.ru:Information:CustomsDocuments:ESADout_CU:5.17.0"><cat_ru:DocumentID>5688C290-22AE-4C1B-B188-B6793667D7B6</cat_ru:DocumentID><EECEDocHeaderAddInfo><RUScat_ru:EDocCode>R.036</RUScat_ru:EDocCode><RUScat_ru:EDocDateTime>2021-12-20T00:00:00</RUScat_ru:EDocDateTime><RUScat_ru:LanguageCode>RU</RUScat_ru:LanguageCode><RUScat_ru:SourceCountryCode>RU</RUScat_ru:SourceCountryCode><RUScat_ru:DestinationCountryCode>RU</RUScat_ru:DestinationCountryCode></EECEDocHeaderAddInfo><CustomsProcedure>ИМ</CustomsProcedure><CustomsModeCode>40</CustomsModeCode><RecipientCountryCode>RU</RecipientCountryCode><ESADout_CUGoodsShipment><catESAD_cu:OriginCountryName>ЛАТВИЯ</catESAD_cu:OriginCountryName><catESAD_cu:OriginCountryCode>LV</catESAD_cu:OriginCountryCode><catESAD_cu:TotalGoodsNumber>1</catESAD_cu:TotalGoodsNumber><catESAD_cu:TotalPackageNumber>115</catESAD_cu:TotalPackageNumber><catESAD_cu:TotalSheetNumber>1</catESAD_cu:TotalSheetNumber><catESAD_cu:TotalCustCost>1875468.4</catESAD_cu:TotalCustCost><catESAD_cu:CustCostCurrencyCode>RUB</catESAD_cu:CustCostCurrencyCode><ESADout_CUConsignor><cat_ru:OrganizationName>„ GREEN CIRCLE CUTLERY" SIA</cat_ru:OrganizationName><RUScat_ru:SubjectAddressDetails><RUScat_ru:PostalCode>LV-1010</RUScat_ru:PostalCode><RUScat_ru:CountryCode>LV</RUScat_ru:CountryCode><RUScat_ru:CounryName>ЛАТВИЯ</RUScat_ru:CounryName><RUScat_ru:City>RIGA</RUScat_ru:City><RUScat_ru:StreetHouse>GERTRUDES STR. 10-17</RUScat_ru:StreetHouse></RUScat_ru:SubjectAddressDetails></ESADout_CUConsignor><ESADout_CUConsignee><RUDECLcat:EqualIndicator>1</RUDECLcat:EqualIndicator></ESADout_CUConsignee><ESADout_CUFinancialAdjustingResponsiblePerson><DeclarantEqualFlag>1</DeclarantEqualFlag></ESADout_CUFinancialAdjustingResponsiblePerson><ESADout_CUDeclarant><cat_ru:OrganizationName>ООО "РОМАШКА"</cat_ru:OrganizationName><cat_ru:RFOrganizationFeatures><cat_ru:OGRN>1027739762269</cat_ru:OGRN><cat_ru:INN>7713026678</cat_ru:INN><cat_ru:KPP>771301001</cat_ru:KPP></cat_ru:RFOrganizationFeatures><RUScat_ru:SubjectAddressDetails><RUScat_ru:PostalCode>127238</RUScat_ru:PostalCode><RUScat_ru:CountryCode>RU</RUScat_ru:CountryCode><RUScat_ru:CounryName>РОССИЯ</RUScat_ru:CounryName><RUScat_ru:City>МОСКВА</RUScat_ru:City><RUScat_ru:StreetHouse>ДМИТРОВСКОЕ Ш., Д. 55, К1, ОФИС 6</RUScat_ru:StreetHouse></RUScat_ru:SubjectAddressDetails></ESADout_CUDeclarant><ESADout_CUGoodsLocation><InformationTypeCode>11</InformationTypeCode><CustomsOffice>10013070</CustomsOffice><CustomsCountryCode>RU</CustomsCountryCode><RegisterDocumentIdDetails><catESAD_cu:DocId>10013/200111/10045/5</catESAD_cu:DocId></RegisterDocumentIdDetails><Address><RUScat_ru:PostalCode>143090</RUScat_ru:PostalCode><RUScat_ru:CountryCode>RU</RUScat_ru:CountryCode><RUScat_ru:CounryName>РОССИЯ</RUScat_ru:CounryName><RUScat_ru:Region>МОСКОВКАЯ ОБЛАСТЬ</RUScat_ru:Region><RUScat_ru:City>Г. КРАСНОЗНАМЕНСК</RUScat_ru:City><RUScat_ru:StreetHouse>УЛ. БЕРЕЗОВАЯ АЛЛЕЯ, Д. 5</RUScat_ru:StreetHouse></Address></ESADout_CUGoodsLocation><ESADout_CUConsigment><catESAD_cu:ContainerIndicator>0</catESAD_cu:ContainerIndicator><catESAD_cu:DispatchCountryCode>LV</catESAD_cu:DispatchCountryCode><catESAD_cu:DispatchCountryName>ЛАТВИЯ</catESAD_cu:DispatchCountryName><catESAD_cu:DestinationCountryCode>RU</catESAD_cu:DestinationCountryCode><catESAD_cu:DestinationCountryName>РОССИЯ</catESAD_cu:DestinationCountryName><catESAD_cu:BorderCustomsOffice><cat_ru:Code>10102040</cat_ru:Code><cat_ru:OfficeName>Т/П МАПП НОВЫЕ ЮРКОВИЧИ</cat_ru:OfficeName><cat_ru:CustomsCountryCode>643</cat_ru:CustomsCountryCode></catESAD_cu:BorderCustomsOffice><ESADout_CUDepartureArrivalTransport><cat_ru:TransportModeCode>31</cat_ru:TransportModeCode><cat_ru:TransportNationalityCode>RU</cat_ru:TransportNationalityCode><TransportMeansQuantity>2</TransportMeansQuantity><TransportMeans><cat_ru:TransportIdentifier>В273АК</cat_ru:TransportIdentifier><cat_ru:TransportMeansNationalityCode>RU</cat_ru:TransportMeansNationalityCode><catESAD_cu:FirstTrailerRegId>ВА1245</catESAD_cu:FirstTrailerRegId></TransportMeans></ESADout_CUDepartureArrivalTransport><ESADout_CUBorderTransport><cat_ru:TransportModeCode>30</cat_ru:TransportModeCode><cat_ru:TransportNationalityCode>RU</cat_ru:TransportNationalityCode><TransportMeansQuantity>1</TransportMeansQuantity><TransportMeans><cat_ru:TransportIdentifier>В273АК</cat_ru:TransportIdentifier><cat_ru:TransportMeansNationalityCode>RU</cat_ru:TransportMeansNationalityCode></TransportMeans></ESADout_CUBorderTransport></ESADout_CUConsigment><ESADout_CUMainContractTerms><catESAD_cu:ContractCurrencyCode>EUR</catESAD_cu:ContractCurrencyCode><catESAD_cu:ContractCurrencyRate>83.5026</catESAD_cu:ContractCurrencyRate><catESAD_cu:TotalInvoiceAmount>22460</catESAD_cu:TotalInvoiceAmount><catESAD_cu:TradeCountryCode>LV</catESAD_cu:TradeCountryCode><catESAD_cu:DealFeatureCode>00</catESAD_cu:DealFeatureCode><catESAD_cu:DealNatureCode>010</catESAD_cu:DealNatureCode><catESAD_cu:CUESADDeliveryTerms><cat_ru:DeliveryPlace>МОСКВА</cat_ru:DeliveryPlace><cat_ru:DeliveryTermsStringCode>CPT</cat_ru:DeliveryTermsStringCode></catESAD_cu:CUESADDeliveryTerms></ESADout_CUMainContractTerms><ESADout_CUGoods><catESAD_cu:GoodsNumeric>1</catESAD_cu:GoodsNumeric><catESAD_cu:GoodsDescription>-ПРИНАДЛЕЖНОСТИ СТОЛОВЫЕ И КУХОННЫЕ, ИЗ ДРЕВЕСИНЫ (БЕРЕЗОВОГО ШПОНА)- ЛОЖКИ, ВИЛКИ, СТОЛОВЫЕ НОЖИ, ТАРЕЛКИ:</catESAD_cu:GoodsDescription><catESAD_cu:GrossWeightQuantity>1320</catESAD_cu:GrossWeightQuantity><catESAD_cu:NetWeightQuantity>1260</catESAD_cu:NetWeightQuantity><catESAD_cu:NetWeightQuantity2>0</catESAD_cu:NetWeightQuantity2><catESAD_cu:InvoicedCost>22460</catESAD_cu:InvoicedCost><catESAD_cu:CustomsCost>1875468.4</catESAD_cu:CustomsCost><catESAD_cu:StatisticalCost>25435.94</catESAD_cu:StatisticalCost><catESAD_cu:GoodsTNVEDCode>4419190000</catESAD_cu:GoodsTNVEDCode><catESAD_cu:OriginCountryCode>LV</catESAD_cu:OriginCountryCode><catESAD_cu:CustomsCostCorrectMethod>1</catESAD_cu:CustomsCostCorrectMethod><catESAD_cu:AdditionalSheetCount>1</catESAD_cu:AdditionalSheetCount><catESAD_cu:GoodsGroupDescription><catESAD_cu:GoodsDescription>:ВИЛКА ДЕРЕВЯННАЯ ОДНОРАЗОВАЯ (ДЛИННЫЙ ЗУБ), РАЗМЕР 160 ММ, 3000 ШТ В КОРОБКЕ (30 УП. ПО 100 ШТ), АРТИКУЛ 00-00000881</catESAD_cu:GoodsDescription><catESAD_cu:GoodsGroupInformation><catESAD_cu:Manufacturer>„ GREEN CIRCLE CUTLERY" SIA</catESAD_cu:Manufacturer><catESAD_cu:TradeMark>GREEN CIRCLE CUTLERY</catESAD_cu:TradeMark><catESAD_cu:GoodsMark>ОТСУТСТВУЕТ</catESAD_cu:GoodsMark><catESAD_cu:GoodsModel>ОТСУТСТВУЕТ</catESAD_cu:GoodsModel><catESAD_cu:GoodsGroupQuantity><catESAD_cu:GoodsQuantity>249000</catESAD_cu:GoodsQuantity><catESAD_cu:MeasureUnitQualifierName>ШТ</catESAD_cu:MeasureUnitQualifierName><catESAD_cu:MeasureUnitQualifierCode>796</catESAD_cu:MeasureUnitQualifierCode></catESAD_cu:GoodsGroupQuantity></catESAD_cu:GoodsGroupInformation><catESAD_cu:GroupNum>1</catESAD_cu:GroupNum></catESAD_cu:GoodsGroupDescription><catESAD_cu:GoodsGroupDescription><catESAD_cu:GoodsDescription>ВИЛКА ДЕРЕВЯННАЯ ОДНОРАЗОВАЯ (ДЛИННЫЙ ЗУБ), РАЗМЕР 160 ММ, 3000 ШТ В КОРОБКЕ (30 УП. ПО 100 ШТ), АРТИКУЛ 00-00000881</catESAD_cu:GoodsDescription><catESAD_cu:GoodsGroupInformation><catESAD_cu:Manufacturer>„ GREEN CIRCLE CUTLERY" SIA</catESAD_cu:Manufacturer><catESAD_cu:TradeMark>GREEN CIRCLE CUTLERY</catESAD_cu:TradeMark><catESAD_cu:GoodsMark>ОТСУТСТВУЕТ</catESAD_cu:GoodsMark><catESAD_cu:GoodsModel>ОТСУТСТВУЕТ</catESAD_cu:GoodsModel><catESAD_cu:GoodsGroupQuantity><catESAD_cu:GoodsQuantity>176000</catESAD_cu:GoodsQuantity><catESAD_cu:MeasureUnitQualifierName>ШТ</catESAD_cu:MeasureUnitQualifierName><catESAD_cu:MeasureUnitQualifierCode>796</catESAD_cu:MeasureUnitQualifierCode></catESAD_cu:GoodsGroupQuantity></catESAD_cu:GoodsGroupInformation><catESAD_cu:GroupNum>2</catESAD_cu:GroupNum></catESAD_cu:GoodsGroupDescription><catESAD_cu:GoodsGroupDescription><catESAD_cu:GoodsDescription>ЛОЖКА ДЕРЕВЯННАЯ ОДНОРАЗОВАЯ, РАЗМЕР 110 ММ, 5500ШТ. В КОРОБКЕ (55 УП. ПО 100ШТ.). АРТИКУЛ 00-00000888</catESAD_cu:GoodsDescription><catESAD_cu:GroupNum>3</catESAD_cu:GroupNum></catESAD_cu:GoodsGroupDescription><catESAD_cu:Preferencii><catESAD_cu:CustomsTax>ОО</catESAD_cu:CustomsTax><catESAD_cu:CustomsDuty>ОО</catESAD_cu:CustomsDuty><catESAD_cu:Excise>-</catESAD_cu:Excise><catESAD_cu:Rate>ОО</catESAD_cu:Rate></catESAD_cu:Preferencii><LanguageGoods>RU</LanguageGoods><ESADout_CUPresentedDocument><cat_ru:PrDocumentName>ДЕКЛАРАЦИЯ О СООТВЕТСТВИИ</cat_ru:PrDocumentName><cat_ru:PrDocumentNumber>ТС N RU Д-TH.АГ52.В.11781</cat_ru:PrDocumentNumber><cat_ru:PrDocumentDate>2016-07-06</cat_ru:PrDocumentDate><catESAD_cu:PresentedDocumentModeCode>01191</catESAD_cu:PresentedDocumentModeCode><catESAD_cu:DocumentBeginActionsDate>2016-07-06</catESAD_cu:DocumentBeginActionsDate><catESAD_cu:DocumentEndActionsDate>2019-07-05</catESAD_cu:DocumentEndActionsDate><catESAD_cu:RecordID>B1C9143F-0D40-41F4-9368-C5EEE7E64DB4</catESAD_cu:RecordID><RUDECLcat:DocumentPresentingDetails><RUDECLcat:DocPresentKindCode>1</RUDECLcat:DocPresentKindCode><RUDECLcat:PresentedDocumentModeCode>01191</RUDECLcat:PresentedDocumentModeCode></RUDECLcat:DocumentPresentingDetails></ESADout_CUPresentedDocument><ESADout_CUPresentedDocument><cat_ru:PrDocumentName>АВИАНАКЛАДНАЯ</cat_ru:PrDocumentName><cat_ru:PrDocumentNumber>555-62691646</cat_ru:PrDocumentNumber><cat_ru:PrDocumentDate>2016-09-08</cat_ru:PrDocumentDate><catESAD_cu:PresentedDocumentModeCode>02017</catESAD_cu:PresentedDocumentModeCode><catESAD_cu:RecordID>506344CB-50F7-4DD5-A783-849FB49C95C7</catESAD_cu:RecordID><RUDECLcat:DocumentPresentingDetails><RUDECLcat:DocPresentKindCode>1</RUDECLcat:DocPresentKindCode><RUDECLcat:PresentedDocumentModeCode>02017</RUDECLcat:PresentedDocumentModeCode></RUDECLcat:DocumentPresentingDetails></ESADout_CUPresentedDocument><ESADout_CUPresentedDocument><cat_ru:PrDocumentName>КОНТРАКТ</cat_ru:PrDocumentName><cat_ru:PrDocumentNumber>18</cat_ru:PrDocumentNumber><cat_ru:PrDocumentDate>2015-11-01</cat_ru:PrDocumentDate><catESAD_cu:PresentedDocumentModeCode>03011</catESAD_cu:PresentedDocumentModeCode><catESAD_cu:RecordID>48173792-DD07-4A01-97F3-527633425B0E</catESAD_cu:RecordID><RUDECLcat:DocumentPresentingDetails><RUDECLcat:DocPresentKindCode>1</RUDECLcat:DocPresentKindCode><RUDECLcat:PresentedDocumentModeCode>03011</RUDECLcat:PresentedDocumentModeCode></RUDECLcat:DocumentPresentingDetails></ESADout_CUPresentedDocument><ESADout_CUPresentedDocument><cat_ru:PrDocumentName>ДОПОЛНИТЕЛЬНОЕ СОГЛАШЕНИЕ</cat_ru:PrDocumentName><cat_ru:PrDocumentNumber>2</cat_ru:PrDocumentNumber><cat_ru:PrDocumentDate>2015-12-20</cat_ru:PrDocumentDate><catESAD_cu:PresentedDocumentModeCode>03012</catESAD_cu:PresentedDocumentModeCode><catESAD_cu:RecordID>64776CE3-D112-4A55-ADEA-8C2DB0046BFD</catESAD_cu:RecordID><RUDECLcat:DocumentPresentingDetails><RUDECLcat:DocPresentKindCode>1</RUDECLcat:DocPresentKindCode><RUDECLcat:PresentedDocumentModeCode>03012</RUDECLcat:PresentedDocumentModeCode></RUDECLcat:DocumentPresentingDetails></ESADout_CUPresentedDocument><ESADout_CUPresentedDocument><cat_ru:PrDocumentName>ДОПОЛНИТЕЛЬНОЕ СОГЛАШЕНИЕ</cat_ru:PrDocumentName><cat_ru:PrDocumentNumber>3</cat_ru:PrDocumentNumber><cat_ru:PrDocumentDate>2015-12-20</cat_ru:PrDocumentDate><catESAD_cu:PresentedDocumentModeCode>03012</catESAD_cu:PresentedDocumentModeCode><catESAD_cu:RecordID>478A1351-9AE9-4F3C-9FEE-4E544BED2668</catESAD_cu:RecordID><RUDECLcat:DocumentPresentingDetails><RUDECLcat:DocPresentKindCode>1</RUDECLcat:DocPresentKindCode><RUDECLcat:PresentedDocumentModeCode>03012</RUDECLcat:PresentedDocumentModeCode></RUDECLcat:DocumentPresentingDetails></ESADout_CUPresentedDocument><ESADout_CUCustomsPaymentCalculation><catESAD_cu:PaymentModeCode>1010</catESAD_cu:PaymentModeCode><catESAD_cu:PaymentAmount>8530</catESAD_cu:PaymentAmount><catESAD_cu:PaymentCurrencyCode>643</catESAD_cu:PaymentCurrencyCode><catESAD_cu:TaxBase>1875468.4</catESAD_cu:TaxBase><catESAD_cu:TaxBaseCurrencyCode>643</catESAD_cu:TaxBaseCurrencyCode><catESAD_cu:Rate>8530</catESAD_cu:Rate><catESAD_cu:RateTypeCode>*</catESAD_cu:RateTypeCode><catESAD_cu:RateCurrencyCode>643</catESAD_cu:RateCurrencyCode><catESAD_cu:RateUseDate>2021-12-20</catESAD_cu:RateUseDate><catESAD_cu:PaymentCode>ИУ</catESAD_cu:PaymentCode></ESADout_CUCustomsPaymentCalculation><ESADout_CUCustomsPaymentCalculation><catESAD_cu:PaymentModeCode>2010</catESAD_cu:PaymentModeCode><catESAD_cu:PaymentAmount>150037.47</catESAD_cu:PaymentAmount><catESAD_cu:PaymentCurrencyCode>643</catESAD_cu:PaymentCurrencyCode><catESAD_cu:TaxBase>1875468.4</catESAD_cu:TaxBase><catESAD_cu:TaxBaseCurrencyCode>643</catESAD_cu:TaxBaseCurrencyCode><catESAD_cu:Rate>8</catESAD_cu:Rate><catESAD_cu:RateTypeCode>%</catESAD_cu:RateTypeCode><catESAD_cu:RateUseDate>2021-12-20</catESAD_cu:RateUseDate><catESAD_cu:PaymentCode>ИУ</catESAD_cu:PaymentCode></ESADout_CUCustomsPaymentCalculation><ESADout_CUCustomsPaymentCalculation><catESAD_cu:PaymentModeCode>5010</catESAD_cu:PaymentModeCode><catESAD_cu:PaymentAmount>405101.17</catESAD_cu:PaymentAmount><catESAD_cu:PaymentCurrencyCode>643</catESAD_cu:PaymentCurrencyCode><catESAD_cu:TaxBase>2025505.87</catESAD_cu:TaxBase><catESAD_cu:TaxBaseCurrencyCode>643</catESAD_cu:TaxBaseCurrencyCode><catESAD_cu:Rate>20</catESAD_cu:Rate><catESAD_cu:RateTypeCode>%</catESAD_cu:RateTypeCode><catESAD_cu:RateUseDate>2021-12-20</catESAD_cu:RateUseDate><catESAD_cu:PaymentCode>ИУ</catESAD_cu:PaymentCode></ESADout_CUCustomsPaymentCalculation><ESADGoodsPackaging><catESAD_cu:PakageQuantity>115</catESAD_cu:PakageQuantity><catESAD_cu:PakageTypeCode>1</catESAD_cu:PakageTypeCode><catESAD_cu:PakagePartQuantity>0</catESAD_cu:PakagePartQuantity><catESAD_cu:PackagePalleteInformation><catESAD_cu:InfoKindCode>0</catESAD_cu:InfoKindCode><catESAD_cu:PalleteCode>CT</catESAD_cu:PalleteCode><catESAD_cu:PalleteQuantity>115</catESAD_cu:PalleteQuantity></catESAD_cu:PackagePalleteInformation></ESADGoodsPackaging><ESADCustomsProcedure><catESAD_cu:MainCustomsModeCode>40</catESAD_cu:MainCustomsModeCode><catESAD_cu:PrecedingCustomsModeCode>00</catESAD_cu:PrecedingCustomsModeCode><catESAD_cu:GoodsTransferFeature>000</catESAD_cu:GoodsTransferFeature></ESADCustomsProcedure></ESADout_CUGoods><ESADout_CUPayments><ESADout_CUCustomsPayment><catESAD_cu:PaymentModeCode>1010</catESAD_cu:PaymentModeCode><catESAD_cu:PaymentAmount>8530</catESAD_cu:PaymentAmount><catESAD_cu:PaymentCurrencyCode>643</catESAD_cu:PaymentCurrencyCode><catESAD_cu:CurrencyRate>1</catESAD_cu:CurrencyRate><RFOrganizationFeatures><cat_ru:INN>7713026678</cat_ru:INN></RFOrganizationFeatures></ESADout_CUCustomsPayment><ESADout_CUCustomsPayment><catESAD_cu:PaymentModeCode>2010</catESAD_cu:PaymentModeCode><catESAD_cu:PaymentAmount>150037.47</catESAD_cu:PaymentAmount><catESAD_cu:PaymentCurrencyCode>643</catESAD_cu:PaymentCurrencyCode><catESAD_cu:CurrencyRate>1</catESAD_cu:CurrencyRate><RFOrganizationFeatures><cat_ru:INN>7713026678</cat_ru:INN></RFOrganizationFeatures></ESADout_CUCustomsPayment><ESADout_CUCustomsPayment><catESAD_cu:PaymentModeCode>5010</catESAD_cu:PaymentModeCode><catESAD_cu:PaymentAmount>405101.17</catESAD_cu:PaymentAmount><catESAD_cu:PaymentCurrencyCode>643</catESAD_cu:PaymentCurrencyCode><catESAD_cu:CurrencyRate>1</catESAD_cu:CurrencyRate><RFOrganizationFeatures><cat_ru:INN>7713026678</cat_ru:INN></RFOrganizationFeatures></ESADout_CUCustomsPayment></ESADout_CUPayments></ESADout_CUGoodsShipment><FilledPerson><RUDECLcat:SigningDetails><cat_ru:PersonSurname>СВЕТЛОВА</cat_ru:PersonSurname><cat_ru:PersonName>МАРИЯ</cat_ru:PersonName><cat_ru:PersonMiddleName>ЮРЬЕВНА</cat_ru:PersonMiddleName><cat_ru:PersonPost>СПЕЦИАЛИСТ</cat_ru:PersonPost><RUScat_ru:CommunicationDetails><cat_ru:Phone>79031719838</cat_ru:Phone><cat_ru:E_mail>MASHASWEETLOVE@GMAIL.COM</cat_ru:E_mail></RUScat_ru:CommunicationDetails><RUScat_ru:SigningDate>2021-12-20T00:00:00</RUScat_ru:SigningDate></RUDECLcat:SigningDetails><RUDECLcat:PowerOfAttorneyDetails><cat_ru:PrDocumentNumber>01</cat_ru:PrDocumentNumber><cat_ru:PrDocumentDate>2021-04-04</cat_ru:PrDocumentDate><RUScat_ru:DocStartDate>2021-04-04</RUScat_ru:DocStartDate><RUScat_ru:DocValidityDate>2021-12-31</RUScat_ru:DocValidityDate><RUScat_ru:DocKindCode>11003</RUScat_ru:DocKindCode></RUDECLcat:PowerOfAttorneyDetails></FilledPerson></ESADout_CU></DocBody></ContainerDoc></ED_Container><!--ND=АРТИКУЛЫ--><!--Local=10210000/201221/0000020-->