<?xml version="1.0" encoding="utf-8"?><ED_Container xmlns:cat_ru="urn:customs.ru:CommonAggregateTypes:5.10.0" DocumentModeID="1006058E" xmlns="urn:customs.ru:Information:ExchangeDocuments:ED_Container:5.13.1"><cat_ru:DocumentID>C061FD66-A324-4D65-AAA3-5AE39F53A012</cat_ru:DocumentID><ContainerDoc><DocBody><ESADout_CU xmlns:RUScat_ru="urn:customs.ru:RUSCommonAggregateTypes:5.16.0" xmlns:cat_ru="urn:customs.ru:CommonAggregateTypes:5.10.0" xmlns:RUDECLcat="urn:customs.ru:RUDeclCommonAggregateTypesCust:5.17.0" xmlns:catESAD_cu="urn:customs.ru:CUESADCommonAggregateTypesCust:5.17.0" DocumentModeID="1006107E" xmlns="urn:customs.ru:Information:CustomsDocuments:ESADout_CU:5.17.0"><cat_ru:DocumentID>59A50502-3D4B-44AF-BF63-B99A11040D72</cat_ru:DocumentID><EECEDocHeaderAddInfo><RUScat_ru:EDocCode>R.036</RUScat_ru:EDocCode><RUScat_ru:EDocDateTime>2021-12-20T00:00:00</RUScat_ru:EDocDateTime><RUScat_ru:LanguageCode>RU</RUScat_ru:LanguageCode><RUScat_ru:SourceCountryCode>RU</RUScat_ru:SourceCountryCode><RUScat_ru:DestinationCountryCode>RU</RUScat_ru:DestinationCountryCode></EECEDocHeaderAddInfo><CustomsProcedure>ИМ</CustomsProcedure><CustomsModeCode>40</CustomsModeCode><ElectronicDocumentSign>ЭД</ElectronicDocumentSign><RecipientCountryCode>RU</RecipientCountryCode><ESADout_CUGoodsShipment><catESAD_cu:OriginCountryName>ГЕРМАНИЯ</catESAD_cu:OriginCountryName><catESAD_cu:OriginCountryCode>DE</catESAD_cu:OriginCountryCode><catESAD_cu:TotalGoodsNumber>3</catESAD_cu:TotalGoodsNumber><catESAD_cu:TotalPackageNumber>3</catESAD_cu:TotalPackageNumber><catESAD_cu:TotalSheetNumber>2</catESAD_cu:TotalSheetNumber><catESAD_cu:TotalCustCost>64177.6</catESAD_cu:TotalCustCost><catESAD_cu:CustCostCurrencyCode>RUB</catESAD_cu:CustCostCurrencyCode><ESADout_CUConsignor><cat_ru:OrganizationName>GERRANG GMBH</cat_ru:OrganizationName><RUScat_ru:SubjectAddressDetails><RUScat_ru:PostalCode>D-58229</RUScat_ru:PostalCode><RUScat_ru:CountryCode>DE</RUScat_ru:CountryCode><RUScat_ru:CounryName>ГЕРМАНИЯ</RUScat_ru:CounryName><RUScat_ru:City>MANNHEIM</RUScat_ru:City><RUScat_ru:StreetHouse>ELSA-BRANDSTROM-STRASSE 3</RUScat_ru:StreetHouse></RUScat_ru:SubjectAddressDetails></ESADout_CUConsignor><ESADout_CUConsignee><RUDECLcat:EqualIndicator>1</RUDECLcat:EqualIndicator></ESADout_CUConsignee><ESADout_CUFinancialAdjustingResponsiblePerson><DeclarantEqualFlag>1</DeclarantEqualFlag></ESADout_CUFinancialAdjustingResponsiblePerson><ESADout_CUDeclarant><cat_ru:OrganizationName>ООО "СТМ"</cat_ru:OrganizationName><cat_ru:RFOrganizationFeatures><cat_ru:OGRN>1027809233374</cat_ru:OGRN><cat_ru:INN>7825679650</cat_ru:INN><cat_ru:KPP>782501001</cat_ru:KPP></cat_ru:RFOrganizationFeatures><RUScat_ru:SubjectAddressDetails><RUScat_ru:PostalCode>197022</RUScat_ru:PostalCode><RUScat_ru:CountryCode>RU</RUScat_ru:CountryCode><RUScat_ru:CounryName>РОССИЯ</RUScat_ru:CounryName><RUScat_ru:City>САНКТ-ПЕТЕРБУРГ</RUScat_ru:City><RUScat_ru:StreetHouse>УЛ. АКАДЕМИКА ПАВЛОВА, Д.5</RUScat_ru:StreetHouse></RUScat_ru:SubjectAddressDetails></ESADout_CUDeclarant><ESADout_CUGoodsLocation><InformationTypeCode>11</InformationTypeCode><CustomsOffice>10221010</CustomsOffice><CustomsCountryCode>RU</CustomsCountryCode><RegisterDocumentIdDetails><catESAD_cu:DocId>10221/280416/10020/2</catESAD_cu:DocId></RegisterDocumentIdDetails><Address><RUScat_ru:CountryCode>RU</RUScat_ru:CountryCode><RUScat_ru:CounryName>РОССИЯ</RUScat_ru:CounryName><RUScat_ru:City>САНКТ-ПЕТЕРБУРГ</RUScat_ru:City><RUScat_ru:StreetHouse>УЛ. ПИЛОТОВ, Д. 56 ЛИТ "А", ПОМ. 101</RUScat_ru:StreetHouse></Address></ESADout_CUGoodsLocation><ESADout_CUConsigment><catESAD_cu:ContainerIndicator>0</catESAD_cu:ContainerIndicator><catESAD_cu:DispatchCountryCode>DE</catESAD_cu:DispatchCountryCode><catESAD_cu:DispatchCountryName>ГЕРМАНИЯ</catESAD_cu:DispatchCountryName><catESAD_cu:DestinationCountryCode>RU</catESAD_cu:DestinationCountryCode><catESAD_cu:DestinationCountryName>РОССИЯ</catESAD_cu:DestinationCountryName><catESAD_cu:BorderCustomsOffice><cat_ru:Code>10221010</cat_ru:Code><cat_ru:OfficeName>Т/П ПУЛКОВСКИЙ</cat_ru:OfficeName><cat_ru:CustomsCountryCode>643</cat_ru:CustomsCountryCode></catESAD_cu:BorderCustomsOffice><ESADout_CUDepartureArrivalTransport><cat_ru:TransportModeCode>40</cat_ru:TransportModeCode></ESADout_CUDepartureArrivalTransport><ESADout_CUBorderTransport><cat_ru:TransportModeCode>40</cat_ru:TransportModeCode><cat_ru:TransportNationalityCode>RU</cat_ru:TransportNationalityCode><TransportMeansQuantity>1</TransportMeansQuantity><TransportMeans><cat_ru:TransportIdentifier>RU612</cat_ru:TransportIdentifier><cat_ru:TransportMeansNationalityCode>RU</cat_ru:TransportMeansNationalityCode></TransportMeans></ESADout_CUBorderTransport></ESADout_CUConsigment><ESADout_CUMainContractTerms><catESAD_cu:ContractCurrencyCode>EUR</catESAD_cu:ContractCurrencyCode><catESAD_cu:ContractCurrencyRate>83.5026</catESAD_cu:ContractCurrencyRate><catESAD_cu:TotalInvoiceAmount>238.57</catESAD_cu:TotalInvoiceAmount><catESAD_cu:TradeCountryCode>DE</catESAD_cu:TradeCountryCode><catESAD_cu:DealFeatureCode>00</catESAD_cu:DealFeatureCode><catESAD_cu:DealNatureCode>010</catESAD_cu:DealNatureCode><catESAD_cu:CUESADDeliveryTerms><cat_ru:DeliveryPlace>МАНГЕЙМ</cat_ru:DeliveryPlace><cat_ru:DeliveryTermsStringCode>FCA</cat_ru:DeliveryTermsStringCode></catESAD_cu:CUESADDeliveryTerms></ESADout_CUMainContractTerms><ESADout_CUGoods><catESAD_cu:GoodsNumeric>1</catESAD_cu:GoodsNumeric><catESAD_cu:GoodsDescription>БОЛТЫ С ШЕСТИГРАННОЙ ГОЛОВКОЙ ИЗ ЧЕРНЫХ МЕТАЛЛОВ С ПРЕДЕЛОМ ПРОЧНОСТИ НА РАСТЯЖЕНИЕ 800 МПА И БОЛЕЕ ДЛЯ СЕЛЬСКОХОЗЯЙСТВЕННОЙ ТЕХНИКИ:</catESAD_cu:GoodsDescription><catESAD_cu:GrossWeightQuantity>29.151</catESAD_cu:GrossWeightQuantity><catESAD_cu:NetWeightQuantity>24.28</catESAD_cu:NetWeightQuantity><catESAD_cu:InvoicedCost>114.18</catESAD_cu:InvoicedCost><catESAD_cu:CustomsCost>30425.01</catESAD_cu:CustomsCost><catESAD_cu:StatisticalCost>412.64</catESAD_cu:StatisticalCost><catESAD_cu:GoodsTNVEDCode>7318158900</catESAD_cu:GoodsTNVEDCode><catESAD_cu:OriginCountryCode>DE</catESAD_cu:OriginCountryCode><catESAD_cu:CustomsCostCorrectMethod>1</catESAD_cu:CustomsCostCorrectMethod><catESAD_cu:AdditionalSheetCount>1</catESAD_cu:AdditionalSheetCount><catESAD_cu:GoodsGroupDescription><catESAD_cu:GoodsDescription>:НОМИН. НАРУЖН. ДИАМ. РЕЗЬБЫ 16ММ, ДОП. ЭЛ-ТЫ КОНСТРУКЦ. (ПАЗЫ,ПРОТОЧКИ,ПРОРЕЗИ,ОТВЕРСТИЯ,НАСЕЧКИ,ВЫСТУПЫ НА ГОЛОВКЕ/СТЕРЖНЕ) ОТСУТСТВ., БЕЗ ФЛАНЦА, БЕЗ ЗАОСТРЕНН. КОНЦА СТРЕЖНЯ, НЕКОРРОЗИОННОСТОЙКАЯ СТАЛЬ</catESAD_cu:GoodsDescription><catESAD_cu:GoodsGroupInformation><catESAD_cu:Manufacturer>GERRANG GMBH</catESAD_cu:Manufacturer><catESAD_cu:TradeMark>GERRANG</catESAD_cu:TradeMark><catESAD_cu:GoodsMark>GERRANG</catESAD_cu:GoodsMark><catESAD_cu:GoodsModel>ОТСУТСТВУЕТ</catESAD_cu:GoodsModel><catESAD_cu:GoodsMarking>19M912</catESAD_cu:GoodsMarking><catESAD_cu:GoodsGroupQuantity><catESAD_cu:GoodsQuantity>50</catESAD_cu:GoodsQuantity><catESAD_cu:MeasureUnitQualifierName>ШТ</catESAD_cu:MeasureUnitQualifierName><catESAD_cu:MeasureUnitQualifierCode>796</catESAD_cu:MeasureUnitQualifierCode></catESAD_cu:GoodsGroupQuantity></catESAD_cu:GoodsGroupInformation><catESAD_cu:GroupNum>1</catESAD_cu:GroupNum></catESAD_cu:GoodsGroupDescription><catESAD_cu:Preferencii><catESAD_cu:CustomsTax>ОО</catESAD_cu:CustomsTax><catESAD_cu:CustomsDuty>ОО</catESAD_cu:CustomsDuty><catESAD_cu:Excise>-</catESAD_cu:Excise><catESAD_cu:Rate>ОО</catESAD_cu:Rate></catESAD_cu:Preferencii><LanguageGoods>RU</LanguageGoods><ESADout_CUPresentedDocument><cat_ru:PrDocumentName>АВИАНАКЛАДНАЯ</cat_ru:PrDocumentName><cat_ru:PrDocumentNumber>580-10655304</cat_ru:PrDocumentNumber><cat_ru:PrDocumentDate>2018-04-07</cat_ru:PrDocumentDate><catESAD_cu:PresentedDocumentModeCode>02017</catESAD_cu:PresentedDocumentModeCode><catESAD_cu:RecordID>EA4CEC8F-A8E5-4302-B8B9-680223FE57BB</catESAD_cu:RecordID><RUDECLcat:DocumentPresentingDetails><RUDECLcat:DocPresentKindCode>1</RUDECLcat:DocPresentKindCode><RUDECLcat:PresentedDocumentModeCode>02017</RUDECLcat:PresentedDocumentModeCode></RUDECLcat:DocumentPresentingDetails></ESADout_CUPresentedDocument><ESADout_CUPresentedDocument><cat_ru:PrDocumentName>ДОГОВОР (КОНТРАКТ)</cat_ru:PrDocumentName><cat_ru:PrDocumentNumber>60505</cat_ru:PrDocumentNumber><cat_ru:PrDocumentDate>2016-04-13</cat_ru:PrDocumentDate><catESAD_cu:PresentedDocumentModeCode>03011</catESAD_cu:PresentedDocumentModeCode><catESAD_cu:RecordID>550706A2-4277-42D0-BAF3-847A87DEA59C</catESAD_cu:RecordID><RUDECLcat:DocumentPresentingDetails><RUDECLcat:DocPresentKindCode>0</RUDECLcat:DocPresentKindCode><RUDECLcat:PresentedDocumentModeCode>03011</RUDECLcat:PresentedDocumentModeCode></RUDECLcat:DocumentPresentingDetails></ESADout_CUPresentedDocument><ESADout_CUPresentedDocument><cat_ru:PrDocumentName>ДОПОЛНЕНИЕ К ДОГОВОРУ</cat_ru:PrDocumentName><cat_ru:PrDocumentNumber>1</cat_ru:PrDocumentNumber><cat_ru:PrDocumentDate>2017-02-24</cat_ru:PrDocumentDate><catESAD_cu:PresentedDocumentModeCode>03012</catESAD_cu:PresentedDocumentModeCode><catESAD_cu:RecordID>AA78006C-8F6C-4E13-9C93-EF977FF1CE2B</catESAD_cu:RecordID><RUDECLcat:DocumentPresentingDetails><RUDECLcat:DocPresentKindCode>0</RUDECLcat:DocPresentKindCode><RUDECLcat:PresentedDocumentModeCode>03012</RUDECLcat:PresentedDocumentModeCode></RUDECLcat:DocumentPresentingDetails></ESADout_CUPresentedDocument><ESADout_CUPresentedDocument><cat_ru:PrDocumentName>СВИДЕТЕЛЬСТВО ИМНС О ВНЕСЕНИИ В ЕГРЮЛ</cat_ru:PrDocumentName><cat_ru:PrDocumentNumber>1027809233374</cat_ru:PrDocumentNumber><cat_ru:PrDocumentDate>2016-05-26</cat_ru:PrDocumentDate><catESAD_cu:PresentedDocumentModeCode>04011</catESAD_cu:PresentedDocumentModeCode><catESAD_cu:RecordID>DBD39408-0CEF-461B-9EF6-7640F261B4AD</catESAD_cu:RecordID><RUDECLcat:DocumentPresentingDetails><RUDECLcat:DocPresentKindCode>2</RUDECLcat:DocPresentKindCode><RUDECLcat:PresentedDocumentModeCode>04011</RUDECLcat:PresentedDocumentModeCode><RUDECLcat:CustomsDocIdDetails><cat_ru:CustomsCode>10000000</cat_ru:CustomsCode><cat_ru:RegistrationDate>2015-09-27</cat_ru:RegistrationDate><cat_ru:GTDNumber>0052910</cat_ru:GTDNumber></RUDECLcat:CustomsDocIdDetails></RUDECLcat:DocumentPresentingDetails></ESADout_CUPresentedDocument><ESADout_CUPresentedDocument><cat_ru:PrDocumentName>СВИДЕТЕЛЬСТВО ИНН</cat_ru:PrDocumentName><cat_ru:PrDocumentNumber>78 25679650</cat_ru:PrDocumentNumber><cat_ru:PrDocumentDate>2016-05-26</cat_ru:PrDocumentDate><catESAD_cu:PresentedDocumentModeCode>04011</catESAD_cu:PresentedDocumentModeCode><catESAD_cu:RecordID>8A43C1A1-CF85-44CE-82C2-EF698BC759F3</catESAD_cu:RecordID><RUDECLcat:DocumentPresentingDetails><RUDECLcat:DocPresentKindCode>2</RUDECLcat:DocPresentKindCode><RUDECLcat:PresentedDocumentModeCode>04011</RUDECLcat:PresentedDocumentModeCode><RUDECLcat:CustomsDocIdDetails><cat_ru:CustomsCode>10000000</cat_ru:CustomsCode><cat_ru:RegistrationDate>2015-09-27</cat_ru:RegistrationDate><cat_ru:GTDNumber>0052910</cat_ru:GTDNumber></RUDECLcat:CustomsDocIdDetails></RUDECLcat:DocumentPresentingDetails></ESADout_CUPresentedDocument><ESADout_CUCustomsPaymentCalculation><catESAD_cu:PaymentModeCode>1010</catESAD_cu:PaymentModeCode><catESAD_cu:PaymentAmount>775</catESAD_cu:PaymentAmount><catESAD_cu:PaymentCurrencyCode>643</catESAD_cu:PaymentCurrencyCode><catESAD_cu:TaxBase>64177.6</catESAD_cu:TaxBase><catESAD_cu:TaxBaseCurrencyCode>643</catESAD_cu:TaxBaseCurrencyCode><catESAD_cu:Rate>775</catESAD_cu:Rate><catESAD_cu:RateTypeCode>*</catESAD_cu:RateTypeCode><catESAD_cu:RateCurrencyCode>643</catESAD_cu:RateCurrencyCode><catESAD_cu:RateUseDate>2021-12-20</catESAD_cu:RateUseDate><catESAD_cu:PaymentCode>ИУ</catESAD_cu:PaymentCode></ESADout_CUCustomsPaymentCalculation><ESADout_CUCustomsPaymentCalculation><catESAD_cu:PaymentModeCode>2010</catESAD_cu:PaymentModeCode><catESAD_cu:PaymentAmount>2434</catESAD_cu:PaymentAmount><catESAD_cu:PaymentCurrencyCode>643</catESAD_cu:PaymentCurrencyCode><catESAD_cu:TaxBase>30425.01</catESAD_cu:TaxBase><catESAD_cu:TaxBaseCurrencyCode>643</catESAD_cu:TaxBaseCurrencyCode><catESAD_cu:Rate>8</catESAD_cu:Rate><catESAD_cu:RateTypeCode>%</catESAD_cu:RateTypeCode><catESAD_cu:RateUseDate>2021-12-20</catESAD_cu:RateUseDate><catESAD_cu:PaymentCode>ИУ</catESAD_cu:PaymentCode></ESADout_CUCustomsPaymentCalculation><ESADout_CUCustomsPaymentCalculation><catESAD_cu:PaymentModeCode>5010</catESAD_cu:PaymentModeCode><catESAD_cu:PaymentAmount>6571.8</catESAD_cu:PaymentAmount><catESAD_cu:PaymentCurrencyCode>643</catESAD_cu:PaymentCurrencyCode><catESAD_cu:TaxBase>32859.01</catESAD_cu:TaxBase><catESAD_cu:TaxBaseCurrencyCode>643</catESAD_cu:TaxBaseCurrencyCode><catESAD_cu:Rate>20</catESAD_cu:Rate><catESAD_cu:RateTypeCode>%</catESAD_cu:RateTypeCode><catESAD_cu:RateUseDate>2021-12-20</catESAD_cu:RateUseDate><catESAD_cu:PaymentCode>ИУ</catESAD_cu:PaymentCode></ESADout_CUCustomsPaymentCalculation><ESADGoodsPackaging><catESAD_cu:PakageQuantity>1</catESAD_cu:PakageQuantity><catESAD_cu:PakageTypeCode>1</catESAD_cu:PakageTypeCode><catESAD_cu:PackagePalleteInformation><catESAD_cu:InfoKindCode>0</catESAD_cu:InfoKindCode><catESAD_cu:PalleteCode>DC</catESAD_cu:PalleteCode><catESAD_cu:PalleteQuantity>1</catESAD_cu:PalleteQuantity></catESAD_cu:PackagePalleteInformation><catESAD_cu:PackagePalleteInformation><catESAD_cu:InfoKindCode>1</catESAD_cu:InfoKindCode><catESAD_cu:PalleteCode>PA</catESAD_cu:PalleteCode></catESAD_cu:PackagePalleteInformation><catESAD_cu:PackagePalleteInformation><catESAD_cu:InfoKindCode>3</catESAD_cu:InfoKindCode><catESAD_cu:PalleteCode>PX</catESAD_cu:PalleteCode><catESAD_cu:PalleteQuantity>1</catESAD_cu:PalleteQuantity><catESAD_cu:CargoDescriptionText>ОБЩИМ ВЕСОМ 20 КГ</catESAD_cu:CargoDescriptionText></catESAD_cu:PackagePalleteInformation></ESADGoodsPackaging><ESADCustomsProcedure><catESAD_cu:MainCustomsModeCode>40</catESAD_cu:MainCustomsModeCode><catESAD_cu:PrecedingCustomsModeCode>00</catESAD_cu:PrecedingCustomsModeCode><catESAD_cu:GoodsTransferFeature>000</catESAD_cu:GoodsTransferFeature></ESADCustomsProcedure></ESADout_CUGoods><ESADout_CUGoods><catESAD_cu:GoodsNumeric>2</catESAD_cu:GoodsNumeric><catESAD_cu:GoodsDescription>ГАЙКИ САМОСТОПОРЯЩИЕСЯ ИЗ ЧЕРНЫХ МЕТАЛЛОВ С НАРЕЗАННОЙ РЕЗЬБОЙ ДЛЯ СЕЛЬСКОХОЗЯЙСТВЕННОЙ ТЕХНИКИ:</catESAD_cu:GoodsDescription><catESAD_cu:GrossWeightQuantity>3.014</catESAD_cu:GrossWeightQuantity><catESAD_cu:NetWeightQuantity>2.25</catESAD_cu:NetWeightQuantity><catESAD_cu:InvoicedCost>65.2</catESAD_cu:InvoicedCost><catESAD_cu:CustomsCost>7603.75</catESAD_cu:CustomsCost><catESAD_cu:StatisticalCost>103.13</catESAD_cu:StatisticalCost><catESAD_cu:GoodsTNVEDCode>7318165000</catESAD_cu:GoodsTNVEDCode><catESAD_cu:OriginCountryCode>DE</catESAD_cu:OriginCountryCode><catESAD_cu:CustomsCostCorrectMethod>1</catESAD_cu:CustomsCostCorrectMethod><catESAD_cu:AdditionalSheetCount>2</catESAD_cu:AdditionalSheetCount><catESAD_cu:GoodsGroupDescription><catESAD_cu:GoodsDescription>:С ДЮЙМОВОЙ РЕЗЬБОЙ, ШЕСТИГРАННАЯ, НОМИНАЛ. ВНУТР. ДИАМ. РЕЗЬБЫ 6ММ, ДОП. ЭЛЕМЕНТЫ КОНСТРУКЦ. (ПАЗЫ, ПРОТОЧКИ, ПРОРЕЗИ, ОТВЕРСТИЯ, НАСЕЧКИ, ВЫСТУПЫ) ОТСУТСТВУЮТ, БЕЗ ФЛАНЦА, БЕЗ БУРТА, НЕ КОЛПАЧКОВАЯ, НЕКОРРОЗИОННОСТОЙКАЯ СТАЛЬ</catESAD_cu:GoodsDescription><catESAD_cu:GoodsGroupInformation><catESAD_cu:Manufacturer>GERRANG GMBH</catESAD_cu:Manufacturer><catESAD_cu:TradeMark>GERRANG</catESAD_cu:TradeMark><catESAD_cu:GoodsMark>GERRANG</catESAD_cu:GoodsMark><catESAD_cu:GoodsModel>ОТСУТСТВУЕТ</catESAD_cu:GoodsModel><catESAD_cu:GoodsMarking>14M739</catESAD_cu:GoodsMarking><catESAD_cu:GoodsGroupQuantity><catESAD_cu:GoodsQuantity>500</catESAD_cu:GoodsQuantity><catESAD_cu:MeasureUnitQualifierName>ШТ</catESAD_cu:MeasureUnitQualifierName><catESAD_cu:MeasureUnitQualifierCode>796</catESAD_cu:MeasureUnitQualifierCode></catESAD_cu:GoodsGroupQuantity></catESAD_cu:GoodsGroupInformation><catESAD_cu:GroupNum>1</catESAD_cu:GroupNum></catESAD_cu:GoodsGroupDescription><catESAD_cu:Preferencii><catESAD_cu:CustomsTax>ОО</catESAD_cu:CustomsTax><catESAD_cu:CustomsDuty>ОО</catESAD_cu:CustomsDuty><catESAD_cu:Excise>-</catESAD_cu:Excise><catESAD_cu:Rate>ОО</catESAD_cu:Rate></catESAD_cu:Preferencii><LanguageGoods>RU</LanguageGoods><ESADout_CUPresentedDocument><cat_ru:PrDocumentName>АВИАНАКЛАДНАЯ</cat_ru:PrDocumentName><cat_ru:PrDocumentNumber>580-10655304</cat_ru:PrDocumentNumber><cat_ru:PrDocumentDate>2018-04-07</cat_ru:PrDocumentDate><catESAD_cu:PresentedDocumentModeCode>02017</catESAD_cu:PresentedDocumentModeCode><catESAD_cu:RecordID>EA4CEC8F-A8E5-4302-B8B9-680223FE57BB</catESAD_cu:RecordID><RUDECLcat:DocumentPresentingDetails><RUDECLcat:DocPresentKindCode>1</RUDECLcat:DocPresentKindCode><RUDECLcat:PresentedDocumentModeCode>02017</RUDECLcat:PresentedDocumentModeCode></RUDECLcat:DocumentPresentingDetails></ESADout_CUPresentedDocument><ESADout_CUPresentedDocument><cat_ru:PrDocumentName>ДОГОВОР (КОНТРАКТ)</cat_ru:PrDocumentName><cat_ru:PrDocumentNumber>60505</cat_ru:PrDocumentNumber><cat_ru:PrDocumentDate>2016-04-13</cat_ru:PrDocumentDate><catESAD_cu:PresentedDocumentModeCode>03011</catESAD_cu:PresentedDocumentModeCode><catESAD_cu:RecordID>550706A2-4277-42D0-BAF3-847A87DEA59C</catESAD_cu:RecordID><RUDECLcat:DocumentPresentingDetails><RUDECLcat:DocPresentKindCode>0</RUDECLcat:DocPresentKindCode><RUDECLcat:PresentedDocumentModeCode>03011</RUDECLcat:PresentedDocumentModeCode></RUDECLcat:DocumentPresentingDetails></ESADout_CUPresentedDocument><ESADout_CUPresentedDocument><cat_ru:PrDocumentName>ДОПОЛНЕНИЕ К ДОГОВОРУ</cat_ru:PrDocumentName><cat_ru:PrDocumentNumber>1</cat_ru:PrDocumentNumber><cat_ru:PrDocumentDate>2017-02-24</cat_ru:PrDocumentDate><catESAD_cu:PresentedDocumentModeCode>03012</catESAD_cu:PresentedDocumentModeCode><catESAD_cu:RecordID>AA78006C-8F6C-4E13-9C93-EF977FF1CE2B</catESAD_cu:RecordID><RUDECLcat:DocumentPresentingDetails><RUDECLcat:DocPresentKindCode>0</RUDECLcat:DocPresentKindCode><RUDECLcat:PresentedDocumentModeCode>03012</RUDECLcat:PresentedDocumentModeCode></RUDECLcat:DocumentPresentingDetails></ESADout_CUPresentedDocument><ESADout_CUPresentedDocument><cat_ru:PrDocumentName>СВИДЕТЕЛЬСТВО ИМНС О ВНЕСЕНИИ В ЕГРЮЛ</cat_ru:PrDocumentName><cat_ru:PrDocumentNumber>1027809233374</cat_ru:PrDocumentNumber><cat_ru:PrDocumentDate>2016-05-26</cat_ru:PrDocumentDate><catESAD_cu:PresentedDocumentModeCode>04011</catESAD_cu:PresentedDocumentModeCode><catESAD_cu:RecordID>DBD39408-0CEF-461B-9EF6-7640F261B4AD</catESAD_cu:RecordID><RUDECLcat:DocumentPresentingDetails><RUDECLcat:DocPresentKindCode>2</RUDECLcat:DocPresentKindCode><RUDECLcat:PresentedDocumentModeCode>04011</RUDECLcat:PresentedDocumentModeCode><RUDECLcat:CustomsDocIdDetails><cat_ru:CustomsCode>10000000</cat_ru:CustomsCode><cat_ru:RegistrationDate>2015-09-27</cat_ru:RegistrationDate><cat_ru:GTDNumber>0052910</cat_ru:GTDNumber></RUDECLcat:CustomsDocIdDetails></RUDECLcat:DocumentPresentingDetails></ESADout_CUPresentedDocument><ESADout_CUPresentedDocument><cat_ru:PrDocumentName>СВИДЕТЕЛЬСТВО ИНН</cat_ru:PrDocumentName><cat_ru:PrDocumentNumber>78 25679650</cat_ru:PrDocumentNumber><cat_ru:PrDocumentDate>2016-05-26</cat_ru:PrDocumentDate><catESAD_cu:PresentedDocumentModeCode>04011</catESAD_cu:PresentedDocumentModeCode><catESAD_cu:RecordID>8A43C1A1-CF85-44CE-82C2-EF698BC759F3</catESAD_cu:RecordID><RUDECLcat:DocumentPresentingDetails><RUDECLcat:DocPresentKindCode>2</RUDECLcat:DocPresentKindCode><RUDECLcat:PresentedDocumentModeCode>04011</RUDECLcat:PresentedDocumentModeCode><RUDECLcat:CustomsDocIdDetails><cat_ru:CustomsCode>10000000</cat_ru:CustomsCode><cat_ru:RegistrationDate>2015-09-27</cat_ru:RegistrationDate><cat_ru:GTDNumber>0052910</cat_ru:GTDNumber></RUDECLcat:CustomsDocIdDetails></RUDECLcat:DocumentPresentingDetails></ESADout_CUPresentedDocument><ESADout_CUCustomsPaymentCalculation><catESAD_cu:PaymentModeCode>2010</catESAD_cu:PaymentModeCode><catESAD_cu:PaymentAmount>608.3</catESAD_cu:PaymentAmount><catESAD_cu:PaymentCurrencyCode>643</catESAD_cu:PaymentCurrencyCode><catESAD_cu:TaxBase>7603.75</catESAD_cu:TaxBase><catESAD_cu:TaxBaseCurrencyCode>643</catESAD_cu:TaxBaseCurrencyCode><catESAD_cu:Rate>8</catESAD_cu:Rate><catESAD_cu:RateTypeCode>%</catESAD_cu:RateTypeCode><catESAD_cu:RateUseDate>2021-12-20</catESAD_cu:RateUseDate><catESAD_cu:PaymentCode>ИУ</catESAD_cu:PaymentCode></ESADout_CUCustomsPaymentCalculation><ESADout_CUCustomsPaymentCalculation><catESAD_cu:PaymentModeCode>5010</catESAD_cu:PaymentModeCode><catESAD_cu:PaymentAmount>1642.41</catESAD_cu:PaymentAmount><catESAD_cu:PaymentCurrencyCode>643</catESAD_cu:PaymentCurrencyCode><catESAD_cu:TaxBase>8212.05</catESAD_cu:TaxBase><catESAD_cu:TaxBaseCurrencyCode>643</catESAD_cu:TaxBaseCurrencyCode><catESAD_cu:Rate>20</catESAD_cu:Rate><catESAD_cu:RateTypeCode>%</catESAD_cu:RateTypeCode><catESAD_cu:RateUseDate>2021-12-20</catESAD_cu:RateUseDate><catESAD_cu:PaymentCode>ИУ</catESAD_cu:PaymentCode></ESADout_CUCustomsPaymentCalculation><ESADGoodsPackaging><catESAD_cu:PakageQuantity>1</catESAD_cu:PakageQuantity><catESAD_cu:PakageTypeCode>1</catESAD_cu:PakageTypeCode><catESAD_cu:PackagePalleteInformation><catESAD_cu:InfoKindCode>0</catESAD_cu:InfoKindCode><catESAD_cu:PalleteCode>DC</catESAD_cu:PalleteCode><catESAD_cu:PalleteQuantity>1</catESAD_cu:PalleteQuantity></catESAD_cu:PackagePalleteInformation><catESAD_cu:PackagePalleteInformation><catESAD_cu:InfoKindCode>1</catESAD_cu:InfoKindCode><catESAD_cu:PalleteCode>PA</catESAD_cu:PalleteCode></catESAD_cu:PackagePalleteInformation></ESADGoodsPackaging><ESADCustomsProcedure><catESAD_cu:MainCustomsModeCode>40</catESAD_cu:MainCustomsModeCode><catESAD_cu:PrecedingCustomsModeCode>00</catESAD_cu:PrecedingCustomsModeCode><catESAD_cu:GoodsTransferFeature>000</catESAD_cu:GoodsTransferFeature></ESADCustomsProcedure></ESADout_CUGoods><ESADout_CUGoods><catESAD_cu:GoodsNumeric>3</catESAD_cu:GoodsNumeric><catESAD_cu:GoodsDescription>ГАЙКИ ИЗ ЧЕРНЫХ МЕТАЛЛОВ С ВНУТРЕННИМ ДИАМЕТРОМ БОЛЕЕ 12 ММ, С НАРЕЗАННОЙ РЕЗЬБОЙ ДЛЯ СЕЛЬСКОХОЗЯЙСТВЕННОЙ ТЕХНИКИ:</catESAD_cu:GoodsDescription><catESAD_cu:GrossWeightQuantity>29.589</catESAD_cu:GrossWeightQuantity><catESAD_cu:NetWeightQuantity>24.6</catESAD_cu:NetWeightQuantity><catESAD_cu:InvoicedCost>59.19</catESAD_cu:InvoicedCost><catESAD_cu:CustomsCost>26148.84</catESAD_cu:CustomsCost><catESAD_cu:StatisticalCost>354.64</catESAD_cu:StatisticalCost><catESAD_cu:GoodsTNVEDCode>7318169900</catESAD_cu:GoodsTNVEDCode><catESAD_cu:OriginCountryCode>DE</catESAD_cu:OriginCountryCode><catESAD_cu:CustomsCostCorrectMethod>1</catESAD_cu:CustomsCostCorrectMethod><catESAD_cu:AdditionalSheetCount>2</catESAD_cu:AdditionalSheetCount><catESAD_cu:GoodsGroupDescription><catESAD_cu:GoodsDescription>:С ФЛАНЦЕМ, ШЕСТИГРАННАЯ, НОМИНАЛ. ВНУТР. ДИАМ. РЕЗЬБЫ 16ММ, ДОП. ЭЛЕМЕНТЫ КОНСТРУКЦ. (ПАЗЫ, ПРОТОЧКИ, ПРОРЕЗИ, ОТВЕРСТИЯ, НАСЕЧКИ, ВЫСТУПЫ) ОТСУТСТВУЮТ, НЕКОРРОЗИОННОСТОЙКАЯ СТАЛЬ</catESAD_cu:GoodsDescription><catESAD_cu:GoodsGroupInformation><catESAD_cu:Manufacturer>GERRANG GMBH</catESAD_cu:Manufacturer><catESAD_cu:TradeMark>GERRANG</catESAD_cu:TradeMark><catESAD_cu:GoodsMark>GERRANG</catESAD_cu:GoodsMark><catESAD_cu:GoodsModel>ОТСУТСТВУЕТ</catESAD_cu:GoodsModel><catESAD_cu:GoodsMarking>14M729</catESAD_cu:GoodsMarking><catESAD_cu:GoodsGroupQuantity><catESAD_cu:GoodsQuantity>450</catESAD_cu:GoodsQuantity><catESAD_cu:MeasureUnitQualifierName>ШТ</catESAD_cu:MeasureUnitQualifierName><catESAD_cu:MeasureUnitQualifierCode>796</catESAD_cu:MeasureUnitQualifierCode></catESAD_cu:GoodsGroupQuantity></catESAD_cu:GoodsGroupInformation><catESAD_cu:GroupNum>1</catESAD_cu:GroupNum></catESAD_cu:GoodsGroupDescription><catESAD_cu:Preferencii><catESAD_cu:CustomsTax>ОО</catESAD_cu:CustomsTax><catESAD_cu:CustomsDuty>ОО</catESAD_cu:CustomsDuty><catESAD_cu:Excise>-</catESAD_cu:Excise><catESAD_cu:Rate>ОО</catESAD_cu:Rate></catESAD_cu:Preferencii><LanguageGoods>RU</LanguageGoods><ESADout_CUPresentedDocument><cat_ru:PrDocumentName>АВИАНАКЛАДНАЯ</cat_ru:PrDocumentName><cat_ru:PrDocumentNumber>580-10655304</cat_ru:PrDocumentNumber><cat_ru:PrDocumentDate>2018-04-07</cat_ru:PrDocumentDate><catESAD_cu:PresentedDocumentModeCode>02017</catESAD_cu:PresentedDocumentModeCode><catESAD_cu:RecordID>EA4CEC8F-A8E5-4302-B8B9-680223FE57BB</catESAD_cu:RecordID><RUDECLcat:DocumentPresentingDetails><RUDECLcat:DocPresentKindCode>1</RUDECLcat:DocPresentKindCode><RUDECLcat:PresentedDocumentModeCode>02017</RUDECLcat:PresentedDocumentModeCode></RUDECLcat:DocumentPresentingDetails></ESADout_CUPresentedDocument><ESADout_CUPresentedDocument><cat_ru:PrDocumentName>ДОГОВОР (КОНТРАКТ)</cat_ru:PrDocumentName><cat_ru:PrDocumentNumber>60505</cat_ru:PrDocumentNumber><cat_ru:PrDocumentDate>2016-04-13</cat_ru:PrDocumentDate><catESAD_cu:PresentedDocumentModeCode>03011</catESAD_cu:PresentedDocumentModeCode><catESAD_cu:RecordID>550706A2-4277-42D0-BAF3-847A87DEA59C</catESAD_cu:RecordID><RUDECLcat:DocumentPresentingDetails><RUDECLcat:DocPresentKindCode>0</RUDECLcat:DocPresentKindCode><RUDECLcat:PresentedDocumentModeCode>03011</RUDECLcat:PresentedDocumentModeCode></RUDECLcat:DocumentPresentingDetails></ESADout_CUPresentedDocument><ESADout_CUCustomsPaymentCalculation><catESAD_cu:PaymentModeCode>2010</catESAD_cu:PaymentModeCode><catESAD_cu:PaymentAmount>2091.91</catESAD_cu:PaymentAmount><catESAD_cu:PaymentCurrencyCode>643</catESAD_cu:PaymentCurrencyCode><catESAD_cu:TaxBase>26148.84</catESAD_cu:TaxBase><catESAD_cu:TaxBaseCurrencyCode>643</catESAD_cu:TaxBaseCurrencyCode><catESAD_cu:Rate>8</catESAD_cu:Rate><catESAD_cu:RateTypeCode>%</catESAD_cu:RateTypeCode><catESAD_cu:RateUseDate>2021-12-20</catESAD_cu:RateUseDate><catESAD_cu:PaymentCode>ИУ</catESAD_cu:PaymentCode></ESADout_CUCustomsPaymentCalculation><ESADout_CUCustomsPaymentCalculation><catESAD_cu:PaymentModeCode>5010</catESAD_cu:PaymentModeCode><catESAD_cu:PaymentAmount>5648.15</catESAD_cu:PaymentAmount><catESAD_cu:PaymentCurrencyCode>643</catESAD_cu:PaymentCurrencyCode><catESAD_cu:TaxBase>28240.75</catESAD_cu:TaxBase><catESAD_cu:TaxBaseCurrencyCode>643</catESAD_cu:TaxBaseCurrencyCode><catESAD_cu:Rate>20</catESAD_cu:Rate><catESAD_cu:RateTypeCode>%</catESAD_cu:RateTypeCode><catESAD_cu:RateUseDate>2021-12-20</catESAD_cu:RateUseDate><catESAD_cu:PaymentCode>ИУ</catESAD_cu:PaymentCode></ESADout_CUCustomsPaymentCalculation><ESADGoodsPackaging><catESAD_cu:PakageQuantity>1</catESAD_cu:PakageQuantity><catESAD_cu:PakageTypeCode>1</catESAD_cu:PakageTypeCode><catESAD_cu:PackagePalleteInformation><catESAD_cu:InfoKindCode>0</catESAD_cu:InfoKindCode><catESAD_cu:PalleteCode>DC</catESAD_cu:PalleteCode><catESAD_cu:PalleteQuantity>1</catESAD_cu:PalleteQuantity></catESAD_cu:PackagePalleteInformation><catESAD_cu:PackagePalleteInformation><catESAD_cu:InfoKindCode>1</catESAD_cu:InfoKindCode><catESAD_cu:PalleteCode>PA</catESAD_cu:PalleteCode></catESAD_cu:PackagePalleteInformation></ESADGoodsPackaging><ESADCustomsProcedure><catESAD_cu:MainCustomsModeCode>40</catESAD_cu:MainCustomsModeCode><catESAD_cu:PrecedingCustomsModeCode>00</catESAD_cu:PrecedingCustomsModeCode><catESAD_cu:GoodsTransferFeature>000</catESAD_cu:GoodsTransferFeature></ESADCustomsProcedure></ESADout_CUGoods><ESADout_CUPayments><ESADout_CUCustomsPayment><catESAD_cu:PaymentModeCode>1010</catESAD_cu:PaymentModeCode><catESAD_cu:PaymentAmount>775</catESAD_cu:PaymentAmount><catESAD_cu:PaymentCurrencyCode>643</catESAD_cu:PaymentCurrencyCode><catESAD_cu:CurrencyRate>1</catESAD_cu:CurrencyRate><RFOrganizationFeatures><cat_ru:INN>7825679650</cat_ru:INN></RFOrganizationFeatures></ESADout_CUCustomsPayment><ESADout_CUCustomsPayment><catESAD_cu:PaymentModeCode>2010</catESAD_cu:PaymentModeCode><catESAD_cu:PaymentAmount>5134.21</catESAD_cu:PaymentAmount><catESAD_cu:PaymentCurrencyCode>643</catESAD_cu:PaymentCurrencyCode><catESAD_cu:CurrencyRate>1</catESAD_cu:CurrencyRate><RFOrganizationFeatures><cat_ru:INN>7825679650</cat_ru:INN></RFOrganizationFeatures></ESADout_CUCustomsPayment><ESADout_CUCustomsPayment><catESAD_cu:PaymentModeCode>5010</catESAD_cu:PaymentModeCode><catESAD_cu:PaymentAmount>13862.36</catESAD_cu:PaymentAmount><catESAD_cu:PaymentCurrencyCode>643</catESAD_cu:PaymentCurrencyCode><catESAD_cu:CurrencyRate>1</catESAD_cu:CurrencyRate><RFOrganizationFeatures><cat_ru:INN>7825679650</cat_ru:INN></RFOrganizationFeatures></ESADout_CUCustomsPayment></ESADout_CUPayments></ESADout_CUGoodsShipment><FilledPerson><RUDECLcat:SigningDetails><cat_ru:PersonSurname>СЕМЕНОВ</cat_ru:PersonSurname><cat_ru:PersonName>ИГОРЬ</cat_ru:PersonName><cat_ru:PersonMiddleName>ИВАНОВИЧ</cat_ru:PersonMiddleName><cat_ru:PersonPost>ДЕКЛАРАНТ</cat_ru:PersonPost><RUScat_ru:CommunicationDetails><cat_ru:Phone>325-91-34</cat_ru:Phone></RUScat_ru:CommunicationDetails><RUScat_ru:SigningDate>2021-12-20T00:00:00</RUScat_ru:SigningDate></RUDECLcat:SigningDetails><RUDECLcat:SignatoryPersonIdentityDetails><RUScat_ru:IdentityCardCode>21</RUScat_ru:IdentityCardCode><RUScat_ru:IdentityCardName>ПАСРФ</RUScat_ru:IdentityCardName><RUScat_ru:IdentityCardSeries>40 02</RUScat_ru:IdentityCardSeries><RUScat_ru:IdentityCardNumber>123456</RUScat_ru:IdentityCardNumber><RUScat_ru:IdentityCardDate>2011-06-06</RUScat_ru:IdentityCardDate><RUScat_ru:OrganizationName>44 О/М САНКТ-ПЕТЕРБУРГА</RUScat_ru:OrganizationName></RUDECLcat:SignatoryPersonIdentityDetails><RUDECLcat:PowerOfAttorneyDetails><cat_ru:PrDocumentName>ДОВЕРЕННОСТЬ</cat_ru:PrDocumentName><cat_ru:PrDocumentNumber>001</cat_ru:PrDocumentNumber><cat_ru:PrDocumentDate>2018-01-11</cat_ru:PrDocumentDate><RUScat_ru:DocStartDate>2018-01-11</RUScat_ru:DocStartDate><RUScat_ru:DocValidityDate>2020-01-11</RUScat_ru:DocValidityDate></RUDECLcat:PowerOfAttorneyDetails></FilledPerson><CUESADCustomsRepresentative><RUDECLcat:BrokerRegistryDocDetails><RUDECLcat:DocKindCode>09034</RUDECLcat:DocKindCode><RUDECLcat:RegisterDocumentDetails><RUScat_ru:RegistrationNumberId>0680/00</RUScat_ru:RegistrationNumberId></RUDECLcat:RegisterDocumentDetails></RUDECLcat:BrokerRegistryDocDetails><RUDECLcat:RepresentativeContractDetails><cat_ru:PrDocumentName>ДОГОВОР С ТАМОЖЕННЫМ ПРЕДСТАВИТЕЛЕМ</cat_ru:PrDocumentName><cat_ru:PrDocumentNumber>ТП-2017-0062</cat_ru:PrDocumentNumber><cat_ru:PrDocumentDate>2017-02-05</cat_ru:PrDocumentDate><RUScat_ru:DocKindCode>11002</RUScat_ru:DocKindCode></RUDECLcat:RepresentativeContractDetails></CUESADCustomsRepresentative></ESADout_CU></DocBody></ContainerDoc><ContainerDoc><DocBody><DTSout_CU xmlns:RUScat_ru="urn:customs.ru:RUSCommonAggregateTypes:5.16.0" xmlns:cat_EDTS_cu="urn:customs.ru:CUESADDTSCommonAggregateTypes:5.17.0" xmlns:cat_ru="urn:customs.ru:CommonAggregateTypes:5.10.0" xmlns:RUDECLcat="urn:customs.ru:RUDeclCommonAggregateTypesCust:5.17.0" xmlns:catESAD_cu="urn:customs.ru:CUESADCommonAggregateTypesCust:5.17.0" DocumentModeID="1006112E" xmlns="urn:customs.ru:Information:CustomsDocuments:DTSout_CU:5.18.0"><cat_ru:DocumentID>A5AFF9CF-EA56-4096-A46D-77992C78E1FE</cat_ru:DocumentID><AdditionalSheetNumber>0</AdditionalSheetNumber><ElectronicDocumentSign>ЭД</ElectronicDocumentSign><FormDTS>1</FormDTS><CustomsCostMethodCode>1</CustomsCostMethodCode><DTSoutSeller><cat_ru:OrganizationName>GERRANG GMBH</cat_ru:OrganizationName><RUScat_ru:SubjectAddressDetails><RUScat_ru:PostalCode>D-58229</RUScat_ru:PostalCode><RUScat_ru:CountryCode>DE</RUScat_ru:CountryCode><RUScat_ru:CounryName>ГЕРМАНИЯ</RUScat_ru:CounryName><RUScat_ru:City>MANNHEIM</RUScat_ru:City><RUScat_ru:StreetHouse>ELSA-BRANDSTROM-STRASSE 3</RUScat_ru:StreetHouse></RUScat_ru:SubjectAddressDetails></DTSoutSeller><DTSoutBuyer><cat_ru:OrganizationName>ООО "СТМ"</cat_ru:OrganizationName><cat_ru:RFOrganizationFeatures><cat_ru:OGRN>1027809233374</cat_ru:OGRN><cat_ru:INN>7825679650</cat_ru:INN><cat_ru:KPP>782501001</cat_ru:KPP></cat_ru:RFOrganizationFeatures><RUScat_ru:SubjectAddressDetails><RUScat_ru:PostalCode>197022</RUScat_ru:PostalCode><RUScat_ru:CountryCode>RU</RUScat_ru:CountryCode><RUScat_ru:CounryName>РОССИЯ</RUScat_ru:CounryName><RUScat_ru:City>САНКТ-ПЕТЕРБУРГ</RUScat_ru:City><RUScat_ru:StreetHouse>УЛ. АКАДЕМИКА ПАВЛОВА, Д.5</RUScat_ru:StreetHouse></RUScat_ru:SubjectAddressDetails></DTSoutBuyer><DTSInvoiceDocuments><cat_ru:PrDocumentName>ИНВОЙС (СЧЕТ-ФАКТУРА) К ДОГОВОРУ</cat_ru:PrDocumentName><cat_ru:PrDocumentNumber>3736665</cat_ru:PrDocumentNumber><cat_ru:PrDocumentDate>2016-08-12</cat_ru:PrDocumentDate><cat_EDTS_cu:PresentedDocumentModeCode>04021</cat_EDTS_cu:PresentedDocumentModeCode><cat_EDTS_cu:PositionNumber>4</cat_EDTS_cu:PositionNumber></DTSInvoiceDocuments><DTSInvoiceDocuments><cat_ru:PrDocumentName>ДОГОВОР (КОНТРАКТ)</cat_ru:PrDocumentName><cat_ru:PrDocumentNumber>60505</cat_ru:PrDocumentNumber><cat_ru:PrDocumentDate>2012-04-13</cat_ru:PrDocumentDate><cat_EDTS_cu:PresentedDocumentModeCode>03011</cat_EDTS_cu:PresentedDocumentModeCode><cat_EDTS_cu:PositionNumber>5</cat_EDTS_cu:PositionNumber></DTSInvoiceDocuments><DTSInvoiceDocuments><cat_ru:PrDocumentName>ДОПОЛНЕНИЕ К ДОГОВОРУ</cat_ru:PrDocumentName><cat_ru:PrDocumentNumber>1</cat_ru:PrDocumentNumber><cat_ru:PrDocumentDate>2014-02-24</cat_ru:PrDocumentDate><cat_EDTS_cu:PresentedDocumentModeCode>03012</cat_EDTS_cu:PresentedDocumentModeCode><cat_EDTS_cu:PositionNumber>5</cat_EDTS_cu:PositionNumber></DTSInvoiceDocuments><DTSBuyerSellerDependence><cat_EDTS_cu:Column7A>0</cat_EDTS_cu:Column7A></DTSBuyerSellerDependence><DTSSellingLimitation><cat_EDTS_cu:Column8A>0</cat_EDTS_cu:Column8A><cat_EDTS_cu:Column8B>0</cat_EDTS_cu:Column8B></DTSSellingLimitation><DTSAdditionalPayments><cat_EDTS_cu:Column9A>0</cat_EDTS_cu:Column9A><cat_EDTS_cu:Column9B>0</cat_EDTS_cu:Column9B></DTSAdditionalPayments><DTSout_CUGoodsCustomsCost><SheetNumber>2</SheetNumber><SheetGoodsSerialNumber>1</SheetGoodsSerialNumber><GTDGoodsNumber>1</GTDGoodsNumber><GoodsTNVEDCode>7318158900</GoodsTNVEDCode><NationalDeclaredCustomsCost>30425.01</NationalDeclaredCustomsCost><DollarDeclaredCustomsCost>412.64</DollarDeclaredCustomsCost><ExchangeRate><RUScat_ru:CurrencyRate>73.733</RUScat_ru:CurrencyRate><RUScat_ru:CurrencyA3Code>USD</RUScat_ru:CurrencyA3Code><RUScat_ru:ScaleNumber>0</RUScat_ru:ScaleNumber></ExchangeRate><CurrencyDate>2021-12-20</CurrencyDate><MethodNumberCode>1</MethodNumberCode><DTSCurrencyPayment><cat_EDTS_cu:PositionsNumber>17</cat_EDTS_cu:PositionsNumber><cat_EDTS_cu:CurrencyAmount>212.42</cat_EDTS_cu:CurrencyAmount><cat_EDTS_cu:CurrencyCode>EUR</cat_EDTS_cu:CurrencyCode><cat_EDTS_cu:CurrencyDate>2021-12-20</cat_EDTS_cu:CurrencyDate><cat_EDTS_cu:CurrencyRate>83.5026</cat_EDTS_cu:CurrencyRate></DTSCurrencyPayment><DTSCurrencyPayment><cat_EDTS_cu:PositionsNumber>18</cat_EDTS_cu:PositionsNumber><cat_EDTS_cu:CurrencyAmount>37.76</cat_EDTS_cu:CurrencyAmount><cat_EDTS_cu:CurrencyCode>EUR</cat_EDTS_cu:CurrencyCode><cat_EDTS_cu:CurrencyDate>2021-12-20</cat_EDTS_cu:CurrencyDate><cat_EDTS_cu:CurrencyRate>83.5026</cat_EDTS_cu:CurrencyRate></DTSCurrencyPayment><DTS_CUCustomsCostCalculation><cat_EDTS_cu:DTSMethod1><cat_EDTS_cu:Method1CalculationBasis><cat_EDTS_cu:DealCurrencyAmount>114.18</cat_EDTS_cu:DealCurrencyAmount><cat_EDTS_cu:DealCurrencyCode>EUR</cat_EDTS_cu:DealCurrencyCode><cat_EDTS_cu:DealNationalAmount>9534.33</cat_EDTS_cu:DealNationalAmount><cat_EDTS_cu:DealCurrencyDate>2021-12-20</cat_EDTS_cu:DealCurrencyDate><cat_EDTS_cu:DealCurrencyRate>83.5026</cat_EDTS_cu:DealCurrencyRate><cat_EDTS_cu:IndirectNationalPayment>0</cat_EDTS_cu:IndirectNationalPayment><cat_EDTS_cu:BasisNationalAmount>9534.33</cat_EDTS_cu:BasisNationalAmount></cat_EDTS_cu:Method1CalculationBasis><cat_EDTS_cu:Method1AdditionalSum><cat_EDTS_cu:AgentBonus>0</cat_EDTS_cu:AgentBonus><cat_EDTS_cu:PackageExpenses>0</cat_EDTS_cu:PackageExpenses><cat_EDTS_cu:StoreCost>0</cat_EDTS_cu:StoreCost><cat_EDTS_cu:ProductionToolkitCost>0</cat_EDTS_cu:ProductionToolkitCost><cat_EDTS_cu:WorkingStockCost>0</cat_EDTS_cu:WorkingStockCost><cat_EDTS_cu:DesignPayment>0</cat_EDTS_cu:DesignPayment><cat_EDTS_cu:IntellectualPropertyPayment>0</cat_EDTS_cu:IntellectualPropertyPayment><cat_EDTS_cu:SellerIncome>0</cat_EDTS_cu:SellerIncome><cat_EDTS_cu:BorderTransportCharges>17737.62</cat_EDTS_cu:BorderTransportCharges><cat_EDTS_cu:BorderPlace>САНКТ-ПЕТЕРБУРГ</cat_EDTS_cu:BorderPlace><cat_EDTS_cu:LoadCharges>3153.06</cat_EDTS_cu:LoadCharges><cat_EDTS_cu:InsuranceCharges>0</cat_EDTS_cu:InsuranceCharges><cat_EDTS_cu:TotalAdditionalSum>20890.68</cat_EDTS_cu:TotalAdditionalSum></cat_EDTS_cu:Method1AdditionalSum><cat_EDTS_cu:Method1Deduction><cat_EDTS_cu:BuildingAmount>0</cat_EDTS_cu:BuildingAmount><cat_EDTS_cu:UnionTransportCharge>0</cat_EDTS_cu:UnionTransportCharge><cat_EDTS_cu:UnionTaxPayment>0</cat_EDTS_cu:UnionTaxPayment><cat_EDTS_cu:TotalDeductionAmount>0</cat_EDTS_cu:TotalDeductionAmount></cat_EDTS_cu:Method1Deduction></cat_EDTS_cu:DTSMethod1></DTS_CUCustomsCostCalculation></DTSout_CUGoodsCustomsCost><DTSout_CUGoodsCustomsCost><SheetNumber>2</SheetNumber><SheetGoodsSerialNumber>2</SheetGoodsSerialNumber><GTDGoodsNumber>2</GTDGoodsNumber><GoodsTNVEDCode>7318165000</GoodsTNVEDCode><NationalDeclaredCustomsCost>7603.75</NationalDeclaredCustomsCost><DollarDeclaredCustomsCost>103.13</DollarDeclaredCustomsCost><ExchangeRate><RUScat_ru:CurrencyRate>73.733</RUScat_ru:CurrencyRate><RUScat_ru:CurrencyA3Code>USD</RUScat_ru:CurrencyA3Code><RUScat_ru:ScaleNumber>0</RUScat_ru:ScaleNumber></ExchangeRate><CurrencyDate>2021-12-20</CurrencyDate><MethodNumberCode>1</MethodNumberCode><DTSCurrencyPayment><cat_EDTS_cu:PositionsNumber>17</cat_EDTS_cu:PositionsNumber><cat_EDTS_cu:CurrencyAmount>21.96</cat_EDTS_cu:CurrencyAmount><cat_EDTS_cu:CurrencyCode>EUR</cat_EDTS_cu:CurrencyCode><cat_EDTS_cu:CurrencyDate>2021-12-20</cat_EDTS_cu:CurrencyDate><cat_EDTS_cu:CurrencyRate>83.5026</cat_EDTS_cu:CurrencyRate></DTSCurrencyPayment><DTSCurrencyPayment><cat_EDTS_cu:PositionsNumber>18</cat_EDTS_cu:PositionsNumber><cat_EDTS_cu:CurrencyAmount>3.9</cat_EDTS_cu:CurrencyAmount><cat_EDTS_cu:CurrencyCode>EUR</cat_EDTS_cu:CurrencyCode><cat_EDTS_cu:CurrencyDate>2021-12-20</cat_EDTS_cu:CurrencyDate><cat_EDTS_cu:CurrencyRate>83.5026</cat_EDTS_cu:CurrencyRate></DTSCurrencyPayment><DTS_CUCustomsCostCalculation><cat_EDTS_cu:DTSMethod1><cat_EDTS_cu:Method1CalculationBasis><cat_EDTS_cu:DealCurrencyAmount>65.2</cat_EDTS_cu:DealCurrencyAmount><cat_EDTS_cu:DealCurrencyCode>EUR</cat_EDTS_cu:DealCurrencyCode><cat_EDTS_cu:DealNationalAmount>5444.37</cat_EDTS_cu:DealNationalAmount><cat_EDTS_cu:DealCurrencyDate>2021-12-20</cat_EDTS_cu:DealCurrencyDate><cat_EDTS_cu:DealCurrencyRate>83.5026</cat_EDTS_cu:DealCurrencyRate><cat_EDTS_cu:IndirectNationalPayment>0</cat_EDTS_cu:IndirectNationalPayment><cat_EDTS_cu:BasisNationalAmount>5444.37</cat_EDTS_cu:BasisNationalAmount></cat_EDTS_cu:Method1CalculationBasis><cat_EDTS_cu:Method1AdditionalSum><cat_EDTS_cu:AgentBonus>0</cat_EDTS_cu:AgentBonus><cat_EDTS_cu:PackageExpenses>0</cat_EDTS_cu:PackageExpenses><cat_EDTS_cu:StoreCost>0</cat_EDTS_cu:StoreCost><cat_EDTS_cu:ProductionToolkitCost>0</cat_EDTS_cu:ProductionToolkitCost><cat_EDTS_cu:WorkingStockCost>0</cat_EDTS_cu:WorkingStockCost><cat_EDTS_cu:DesignPayment>0</cat_EDTS_cu:DesignPayment><cat_EDTS_cu:IntellectualPropertyPayment>0</cat_EDTS_cu:IntellectualPropertyPayment><cat_EDTS_cu:SellerIncome>0</cat_EDTS_cu:SellerIncome><cat_EDTS_cu:BorderTransportCharges>1833.72</cat_EDTS_cu:BorderTransportCharges><cat_EDTS_cu:BorderPlace>САНКТ-ПЕТЕРБУРГ</cat_EDTS_cu:BorderPlace><cat_EDTS_cu:LoadCharges>325.66</cat_EDTS_cu:LoadCharges><cat_EDTS_cu:InsuranceCharges>0</cat_EDTS_cu:InsuranceCharges><cat_EDTS_cu:TotalAdditionalSum>2159.38</cat_EDTS_cu:TotalAdditionalSum></cat_EDTS_cu:Method1AdditionalSum><cat_EDTS_cu:Method1Deduction><cat_EDTS_cu:BuildingAmount>0</cat_EDTS_cu:BuildingAmount><cat_EDTS_cu:UnionTransportCharge>0</cat_EDTS_cu:UnionTransportCharge><cat_EDTS_cu:UnionTaxPayment>0</cat_EDTS_cu:UnionTaxPayment><cat_EDTS_cu:TotalDeductionAmount>0</cat_EDTS_cu:TotalDeductionAmount></cat_EDTS_cu:Method1Deduction></cat_EDTS_cu:DTSMethod1></DTS_CUCustomsCostCalculation></DTSout_CUGoodsCustomsCost><DTSout_CUGoodsCustomsCost><SheetNumber>2</SheetNumber><SheetGoodsSerialNumber>3</SheetGoodsSerialNumber><GTDGoodsNumber>3</GTDGoodsNumber><GoodsTNVEDCode>7318169900</GoodsTNVEDCode><NationalDeclaredCustomsCost>26148.84</NationalDeclaredCustomsCost><DollarDeclaredCustomsCost>354.64</DollarDeclaredCustomsCost><ExchangeRate><RUScat_ru:CurrencyRate>73.733</RUScat_ru:CurrencyRate><RUScat_ru:CurrencyA3Code>USD</RUScat_ru:CurrencyA3Code><RUScat_ru:ScaleNumber>0</RUScat_ru:ScaleNumber></ExchangeRate><CurrencyDate>2021-12-20</CurrencyDate><MethodNumberCode>1</MethodNumberCode><DTSCurrencyPayment><cat_EDTS_cu:PositionsNumber>17</cat_EDTS_cu:PositionsNumber><cat_EDTS_cu:CurrencyAmount>215.62</cat_EDTS_cu:CurrencyAmount><cat_EDTS_cu:CurrencyCode>EUR</cat_EDTS_cu:CurrencyCode><cat_EDTS_cu:CurrencyDate>2021-12-20</cat_EDTS_cu:CurrencyDate><cat_EDTS_cu:CurrencyRate>83.5026</cat_EDTS_cu:CurrencyRate></DTSCurrencyPayment><DTSCurrencyPayment><cat_EDTS_cu:PositionsNumber>18</cat_EDTS_cu:PositionsNumber><cat_EDTS_cu:CurrencyAmount>38.34</cat_EDTS_cu:CurrencyAmount><cat_EDTS_cu:CurrencyCode>EUR</cat_EDTS_cu:CurrencyCode><cat_EDTS_cu:CurrencyDate>2021-12-20</cat_EDTS_cu:CurrencyDate><cat_EDTS_cu:CurrencyRate>83.5026</cat_EDTS_cu:CurrencyRate></DTSCurrencyPayment><DTS_CUCustomsCostCalculation><cat_EDTS_cu:DTSMethod1><cat_EDTS_cu:Method1CalculationBasis><cat_EDTS_cu:DealCurrencyAmount>59.19</cat_EDTS_cu:DealCurrencyAmount><cat_EDTS_cu:DealCurrencyCode>EUR</cat_EDTS_cu:DealCurrencyCode><cat_EDTS_cu:DealNationalAmount>4942.52</cat_EDTS_cu:DealNationalAmount><cat_EDTS_cu:DealCurrencyDate>2021-12-20</cat_EDTS_cu:DealCurrencyDate><cat_EDTS_cu:DealCurrencyRate>83.5026</cat_EDTS_cu:DealCurrencyRate><cat_EDTS_cu:IndirectNationalPayment>0</cat_EDTS_cu:IndirectNationalPayment><cat_EDTS_cu:BasisNationalAmount>4942.52</cat_EDTS_cu:BasisNationalAmount></cat_EDTS_cu:Method1CalculationBasis><cat_EDTS_cu:Method1AdditionalSum><cat_EDTS_cu:AgentBonus>0</cat_EDTS_cu:AgentBonus><cat_EDTS_cu:PackageExpenses>0</cat_EDTS_cu:PackageExpenses><cat_EDTS_cu:StoreCost>0</cat_EDTS_cu:StoreCost><cat_EDTS_cu:ProductionToolkitCost>0</cat_EDTS_cu:ProductionToolkitCost><cat_EDTS_cu:WorkingStockCost>0</cat_EDTS_cu:WorkingStockCost><cat_EDTS_cu:DesignPayment>0</cat_EDTS_cu:DesignPayment><cat_EDTS_cu:IntellectualPropertyPayment>0</cat_EDTS_cu:IntellectualPropertyPayment><cat_EDTS_cu:SellerIncome>0</cat_EDTS_cu:SellerIncome><cat_EDTS_cu:BorderTransportCharges>18004.83</cat_EDTS_cu:BorderTransportCharges><cat_EDTS_cu:BorderPlace>САНКТ-ПЕТЕРБУРГ</cat_EDTS_cu:BorderPlace><cat_EDTS_cu:LoadCharges>3201.49</cat_EDTS_cu:LoadCharges><cat_EDTS_cu:InsuranceCharges>0</cat_EDTS_cu:InsuranceCharges><cat_EDTS_cu:TotalAdditionalSum>21206.32</cat_EDTS_cu:TotalAdditionalSum></cat_EDTS_cu:Method1AdditionalSum><cat_EDTS_cu:Method1Deduction><cat_EDTS_cu:BuildingAmount>0</cat_EDTS_cu:BuildingAmount><cat_EDTS_cu:UnionTransportCharge>0</cat_EDTS_cu:UnionTransportCharge><cat_EDTS_cu:UnionTaxPayment>0</cat_EDTS_cu:UnionTaxPayment><cat_EDTS_cu:TotalDeductionAmount>0</cat_EDTS_cu:TotalDeductionAmount></cat_EDTS_cu:Method1Deduction></cat_EDTS_cu:DTSMethod1></DTS_CUCustomsCostCalculation></DTSout_CUGoodsCustomsCost><DTSout_CUFilledPerson><RUDECLcat:SigningDetails><cat_ru:PersonSurname>СЕМЕНОВ</cat_ru:PersonSurname><cat_ru:PersonName>ИГОРЬ</cat_ru:PersonName><cat_ru:PersonMiddleName>ИВАНОВИЧ</cat_ru:PersonMiddleName><cat_ru:PersonPost>ДЕКЛАРАНТ</cat_ru:PersonPost><RUScat_ru:CommunicationDetails><cat_ru:Phone>325-91-34</cat_ru:Phone></RUScat_ru:CommunicationDetails><RUScat_ru:SigningDate>2021-12-20T00:00:00</RUScat_ru:SigningDate></RUDECLcat:SigningDetails><RUDECLcat:SignatoryPersonIdentityDetails><RUScat_ru:IdentityCardCode>21</RUScat_ru:IdentityCardCode><RUScat_ru:IdentityCardName>ПАСРФ</RUScat_ru:IdentityCardName><RUScat_ru:IdentityCardSeries>40 02</RUScat_ru:IdentityCardSeries><RUScat_ru:IdentityCardNumber>123456</RUScat_ru:IdentityCardNumber><RUScat_ru:IdentityCardDate>2011-06-06</RUScat_ru:IdentityCardDate><RUScat_ru:OrganizationName>44 О/М САНКТ-ПЕТЕРБУРГА</RUScat_ru:OrganizationName></RUDECLcat:SignatoryPersonIdentityDetails></DTSout_CUFilledPerson><DTSoutDeclarant><cat_ru:OrganizationName>ООО "СТМ"</cat_ru:OrganizationName><cat_ru:RFOrganizationFeatures><cat_ru:OGRN>1027809233374</cat_ru:OGRN><cat_ru:INN>7825679650</cat_ru:INN><cat_ru:KPP>782501001</cat_ru:KPP></cat_ru:RFOrganizationFeatures><RUScat_ru:SubjectAddressDetails><RUScat_ru:PostalCode>197022</RUScat_ru:PostalCode><RUScat_ru:CountryCode>RU</RUScat_ru:CountryCode><RUScat_ru:CounryName>РОССИЯ</RUScat_ru:CounryName><RUScat_ru:City>САНКТ-ПЕТЕРБУРГ</RUScat_ru:City><RUScat_ru:StreetHouse>УЛ. АКАДЕМИКА ПАВЛОВА, Д.5</RUScat_ru:StreetHouse></RUScat_ru:SubjectAddressDetails></DTSoutDeclarant><DeliveryTerms><cat_ru:DeliveryPlace>МАНГЕЙМ</cat_ru:DeliveryPlace><cat_ru:DeliveryTermsStringCode>FCA</cat_ru:DeliveryTermsStringCode></DeliveryTerms></DTSout_CU></DocBody></ContainerDoc></ED_Container><!--Local=10000000/201221/0000021-->