<?xml version="1.0" encoding="UTF-8"?>
<ED_Container xmlns="urn:customs.ru:Information:ExchangeDocuments:ED_Container:5.13.1" xmlns:CategoryCust="urn:customs.ru:Categories:3.0.0" xmlns:cat_ru="urn:customs.ru:CommonAggregateTypes:5.10.0" xmlns:clt_ru="urn:customs.ru:CommonLeafTypes:5.10.0" xmlns:xsi="http://www.w3.org/2001/XMLSchema-instance" DocumentModeID="1006058E"><cat_ru:DocumentID>52E9A6D5-B068-404D-8040-B2D60A3F0855</cat_ru:DocumentID><ContainerDoc><DocBody><ESADout_CU xmlns="urn:customs.ru:Information:CustomsDocuments:ESADout_CU:5.17.0" xmlns:catESAD_cu="urn:customs.ru:CUESADCommonAggregateTypesCust:5.17.0" xmlns:nsi="urn:customs.ru:RUSCommonLeafTypes:5.14.3" xmlns:RUScat_ru="urn:customs.ru:RUSCommonAggregateTypes:5.16.0" xmlns:RUDECLcat="urn:customs.ru:RUDeclCommonAggregateTypesCust:5.17.0" xmlns:cltESAD_cu="urn:customs.ru:CUESADCommonLeafTypes:5.17.0" xmlns:CategoryCust="urn:customs.ru:Categories:3.0.0" xmlns:cat_ru="urn:customs.ru:CommonAggregateTypes:5.10.0" xmlns:clt_ru="urn:customs.ru:CommonLeafTypes:5.10.0" xmlns:xsi="http://www.w3.org/2001/XMLSchema-instance" DocumentModeID="1006107E"><cat_ru:DocumentID>E6A04134-8983-4EA1-891B-137B41F6FAF4</cat_ru:DocumentID><EECEDocHeaderAddInfo><RUScat_ru:EDocCode>R.036</RUScat_ru:EDocCode><RUScat_ru:EDocDateTime>2017-09-29T00:00:00</RUScat_ru:EDocDateTime><RUScat_ru:LanguageCode>RU</RUScat_ru:LanguageCode><RUScat_ru:SourceCountryCode>RU</RUScat_ru:SourceCountryCode><RUScat_ru:DestinationCountryCode>RU</RUScat_ru:DestinationCountryCode></EECEDocHeaderAddInfo><CustomsProcedure>ЭК</CustomsProcedure><CustomsModeCode>10</CustomsModeCode><ElectronicDocumentSign>ЭД</ElectronicDocumentSign><DeclarationKind>НТД</DeclarationKind><RecipientCountryCode>RU</RecipientCountryCode><ESADout_CUGoodsShipment><catESAD_cu:OriginCountryName>РОССИЯ</catESAD_cu:OriginCountryName><catESAD_cu:OriginCountryCode>RU</catESAD_cu:OriginCountryCode><catESAD_cu:TotalGoodsNumber>1</catESAD_cu:TotalGoodsNumber><catESAD_cu:TotalPackageNumber>22</catESAD_cu:TotalPackageNumber><catESAD_cu:TotalSheetNumber>1</catESAD_cu:TotalSheetNumber><ESADout_CUConsignor><cat_ru:OrganizationName>ООО "СИБ-ЭКОЛОГИЯ"</cat_ru:OrganizationName><cat_ru:RFOrganizationFeatures><cat_ru:OGRN>1023800837334</cat_ru:OGRN><cat_ru:INN>3803202458</cat_ru:INN><cat_ru:KPP>380401001</cat_ru:KPP></cat_ru:RFOrganizationFeatures><RUScat_ru:SubjectAddressDetails><RUScat_ru:PostalCode>665716</RUScat_ru:PostalCode><RUScat_ru:CountryCode>RU</RUScat_ru:CountryCode><RUScat_ru:CounryName>РОССИЯ</RUScat_ru:CounryName><RUScat_ru:Region>ИРКУТСКАЯ ОБЛ.</RUScat_ru:Region><RUScat_ru:City>Г.БРАТСК</RUScat_ru:City><RUScat_ru:StreetHouse>А/Я 27 ПРОМПЛОЩАДКА БРАЗА</RUScat_ru:StreetHouse></RUScat_ru:SubjectAddressDetails></ESADout_CUConsignor><ESADout_CUConsignee><cat_ru:OrganizationName>"COMPANY FOR IMPORT AND PRODUCTION OF SAWNGOODS AL-NAHASCO"</cat_ru:OrganizationName><RUScat_ru:SubjectAddressDetails><RUScat_ru:CountryCode>EG</RUScat_ru:CountryCode><RUScat_ru:CounryName>ЕГИПЕТ</RUScat_ru:CounryName><RUScat_ru:Region>ЕГИПЕТ</RUScat_ru:Region><RUScat_ru:City>ALEXANDRIA</RUScat_ru:City><RUScat_ru:StreetHouse>5 BORD FAHAD,AL BITASH,AL-AGAMI</RUScat_ru:StreetHouse></RUScat_ru:SubjectAddressDetails><RUDECLcat:SubjectAdditionalCode>1</RUDECLcat:SubjectAdditionalCode></ESADout_CUConsignee><ESADout_CUFinancialAdjustingResponsiblePerson><DeclarantEqualFlag>1</DeclarantEqualFlag></ESADout_CUFinancialAdjustingResponsiblePerson><ESADout_CUDeclarant><cat_ru:OrganizationName>ООО "ЛЕСОБАЛТ"</cat_ru:OrganizationName><cat_ru:RFOrganizationFeatures><cat_ru:OGRN>1023900989749</cat_ru:OGRN><cat_ru:INN>3906089959</cat_ru:INN><cat_ru:KPP>390501001</cat_ru:KPP></cat_ru:RFOrganizationFeatures><RUScat_ru:SubjectAddressDetails><RUScat_ru:PostalCode>236010</RUScat_ru:PostalCode><RUScat_ru:CountryCode>RU</RUScat_ru:CountryCode><RUScat_ru:CounryName>РОССИЯ</RUScat_ru:CounryName><RUScat_ru:Region>КАЛИНИНГРАДСКАЯ ОБЛ.</RUScat_ru:Region><RUScat_ru:City>Г.КАЛИНИНГРАД</RUScat_ru:City><RUScat_ru:StreetHouse>УЛ.РУЧЕЙНАЯ 7</RUScat_ru:StreetHouse></RUScat_ru:SubjectAddressDetails><RUScat_ru:SubjectBranch><cat_ru:OrganizationName>Ф-Л ООО"ЛЕСОБАЛТ" В Г.БРАТСКЕ</cat_ru:OrganizationName><cat_ru:RFOrganizationFeatures><cat_ru:KPP>380443001</cat_ru:KPP></cat_ru:RFOrganizationFeatures><RUScat_ru:SubjectAddressDetails><RUScat_ru:PostalCode>665716</RUScat_ru:PostalCode><RUScat_ru:CountryCode>RU</RUScat_ru:CountryCode><RUScat_ru:CounryName>РОССИЯ</RUScat_ru:CounryName><RUScat_ru:Region>ИРКУТСКАЯ ОБЛ.</RUScat_ru:Region><RUScat_ru:City>Г.БРАТСК</RUScat_ru:City><RUScat_ru:StreetHouse>УЛ. П10010401 Д.04</RUScat_ru:StreetHouse></RUScat_ru:SubjectAddressDetails></RUScat_ru:SubjectBranch></ESADout_CUDeclarant><ESADout_CUConsigment><catESAD_cu:ContainerIndicator>0</catESAD_cu:ContainerIndicator><catESAD_cu:DispatchCountryCode>RU</catESAD_cu:DispatchCountryCode><catESAD_cu:DispatchCountryName>РОССИЯ</catESAD_cu:DispatchCountryName><catESAD_cu:DestinationCountryCode>EG</catESAD_cu:DestinationCountryCode><catESAD_cu:DestinationCountryName>ЕГИПЕТ</catESAD_cu:DestinationCountryName><ESADout_CUDepartureArrivalTransport><cat_ru:TransportModeCode>20</cat_ru:TransportModeCode></ESADout_CUDepartureArrivalTransport><ESADout_CUBorderTransport><cat_ru:TransportModeCode>10</cat_ru:TransportModeCode><cat_ru:TransportNationalityCode>00</cat_ru:TransportNationalityCode><TransportMeansQuantity>1</TransportMeansQuantity><TransportMeans><cat_ru:TransportIdentifier>МОРСКОЕ СУДНО</cat_ru:TransportIdentifier><cat_ru:TransportMeansNationalityCode>00</cat_ru:TransportMeansNationalityCode></TransportMeans></ESADout_CUBorderTransport></ESADout_CUConsigment><ESADout_CUMainContractTerms><catESAD_cu:ContractCurrencyCode>USD</catESAD_cu:ContractCurrencyCode><catESAD_cu:ContractCurrencyRate>58.4255</catESAD_cu:ContractCurrencyRate><catESAD_cu:TotalInvoiceAmount>476</catESAD_cu:TotalInvoiceAmount><catESAD_cu:TradeCountryCode>EG</catESAD_cu:TradeCountryCode><catESAD_cu:DealFeatureCode>00</catESAD_cu:DealFeatureCode><catESAD_cu:DealNatureCode>010</catESAD_cu:DealNatureCode><catESAD_cu:CUESADDeliveryTerms><cat_ru:DeliveryPlace>НОВОРОССИЙСК</cat_ru:DeliveryPlace><cat_ru:DeliveryTermsStringCode>FCA</cat_ru:DeliveryTermsStringCode></catESAD_cu:CUESADDeliveryTerms></ESADout_CUMainContractTerms><ESADout_CUGoods><catESAD_cu:GoodsNumeric>1</catESAD_cu:GoodsNumeric><catESAD_cu:GoodsDescription>ЛЕСОМАТЕРИАЛЫ ХВОЙНЫХ ПОРОД ЛИСТВЕННИЦА СИБИРСКАЯ (LARIX SIBIRICA) РАСПИЛЕННЫЕ ВДОЛЬ,НЕ СТРОГАНЫЕ,НЕ ШЛИФОВАННЫЕ,НЕОБТЕСАННЫЕ,НЕ ИМЕЮЩИЕ СОЕДИНЕНИЯ В ШИП,ДОСКА ОБРЕЗНАЯ ВСЕГО КОЛИЧЕСТВО 8517ШТ. ВСЕГО ОБЪЕМ С УЧЕТОМ НОМИНАЛЬНЫХ РАЗМЕРОВ 74.64М3/ОБЪЕМ</catESAD_cu:GoodsDescription><catESAD_cu:GoodsDescription>С УЧЕТОМ ПРЕДЕЛЬНЫХ ОТКЛОНЕНИЙ ОТ НОМИНАЛЬНЫХ РАЗМЕРОВ 81.01М3 ОБЪЕМ ПО КОНТРАКТУ 3000М3 СОРТ 1-5,5,ГОСТ 26002-83,24454-80,ДЛИНА 3000ММ,4000ММ; ПРЕДЕЛЬНЫЕ ОТКЛОНЕНИЯ ОТ НОМИНАЛЬНЫХ РАЗМЕРОВ: ПО ДЛИНЕ +50ММ,ПО ТОЛЩИНЕ +1ММ,ПО ШИРИНЕ +2М М; ПРИПУСК ; Г</catESAD_cu:GoodsDescription><catESAD_cu:GoodsDescription>ОСТ ФР 1.27.2014.17136</catESAD_cu:GoodsDescription><catESAD_cu:GrossWeightQuantity>55850</catESAD_cu:GrossWeightQuantity><catESAD_cu:NetWeightQuantity>55250</catESAD_cu:NetWeightQuantity><catESAD_cu:NetWeightQuantity2>0</catESAD_cu:NetWeightQuantity2><catESAD_cu:InvoicedCost>476</catESAD_cu:InvoicedCost><catESAD_cu:StatisticalCost>476</catESAD_cu:StatisticalCost><catESAD_cu:GoodsTNVEDCode>4407199800</catESAD_cu:GoodsTNVEDCode><catESAD_cu:OriginCountryCode>RU</catESAD_cu:OriginCountryCode><catESAD_cu:AdditionalSheetCount>1</catESAD_cu:AdditionalSheetCount><catESAD_cu:GoodsGroupDescription><catESAD_cu:GoodsDescription>:ДЛИНА 3000ММ(ОТКЛ.0,ПРИП.40), ТОЛЩИНА 30ММ(ОТКЛ.0), ШИРИНА 80ММ(ОТКЛ.0), 4653 ШТ, 160ДОЛЛ.США/М3-33.502М3/С ПРЕДЕЛЬНЫМ ОТКЛОНЕНИЕМ ОТ НОМИНАЛЬНЫХ РАЗМЕРОВ</catESAD_cu:GoodsDescription><catESAD_cu:GoodsGroupInformation><catESAD_cu:Manufacturer>СОСНА</catESAD_cu:Manufacturer><catESAD_cu:GoodsStandard>8486-86</catESAD_cu:GoodsStandard><catESAD_cu:GoodsSort>ПИЛОМАТЕРИАЛ  ОБРЕЗНОЙ</catESAD_cu:GoodsSort><catESAD_cu:WoodDescriptionDetails><catESAD_cu:WoodSortiment>1-3</catESAD_cu:WoodSortiment><catESAD_cu:WoodKind>СОСНА</catESAD_cu:WoodKind><catESAD_cu:AllowanceDetails><catESAD_cu:LengthMeasure><catESAD_cu:MeasuredAmount>0.04</catESAD_cu:MeasuredAmount><catESAD_cu:MeasureUnitQualifierName>М</catESAD_cu:MeasureUnitQualifierName><catESAD_cu:MeasureUnitQualifierCode>006</catESAD_cu:MeasureUnitQualifierCode></catESAD_cu:LengthMeasure></catESAD_cu:AllowanceDetails><catESAD_cu:ContractVolumeMeasure><cat_ru:GoodsQuantity>33.502</cat_ru:GoodsQuantity><cat_ru:MeasureUnitQualifierName>М3</cat_ru:MeasureUnitQualifierName><cat_ru:MeasureUnitQualifierCode>113</cat_ru:MeasureUnitQualifierCode></catESAD_cu:ContractVolumeMeasure><catESAD_cu:FactVolumeMeasure><cat_ru:GoodsQuantity>33.948288</cat_ru:GoodsQuantity><cat_ru:MeasureUnitQualifierName>М3</cat_ru:MeasureUnitQualifierName><cat_ru:MeasureUnitQualifierCode>113</cat_ru:MeasureUnitQualifierCode></catESAD_cu:FactVolumeMeasure></catESAD_cu:WoodDescriptionDetails><catESAD_cu:Dimensions><catESAD_cu:LengthMeasure><catESAD_cu:MeasuredAmount>3</catESAD_cu:MeasuredAmount><catESAD_cu:MeasureUnitQualifierName>М</catESAD_cu:MeasureUnitQualifierName><catESAD_cu:MeasureUnitQualifierCode>006</catESAD_cu:MeasureUnitQualifierCode></catESAD_cu:LengthMeasure><catESAD_cu:WidthMeasure><catESAD_cu:MeasuredAmount>0.08</catESAD_cu:MeasuredAmount><catESAD_cu:MeasureUnitQualifierName>М</catESAD_cu:MeasureUnitQualifierName><catESAD_cu:MeasureUnitQualifierCode>006</catESAD_cu:MeasureUnitQualifierCode></catESAD_cu:WidthMeasure><catESAD_cu:HeightMeasure><catESAD_cu:MeasuredAmount>0.03</catESAD_cu:MeasuredAmount><catESAD_cu:MeasureUnitQualifierName>М</catESAD_cu:MeasureUnitQualifierName><catESAD_cu:MeasureUnitQualifierCode>006</catESAD_cu:MeasureUnitQualifierCode></catESAD_cu:HeightMeasure></catESAD_cu:Dimensions><catESAD_cu:GoodsGroupQuantity><catESAD_cu:GoodsQuantity>33.948288</catESAD_cu:GoodsQuantity><catESAD_cu:MeasureUnitQualifierName>М3</catESAD_cu:MeasureUnitQualifierName><catESAD_cu:MeasureUnitQualifierCode>113</catESAD_cu:MeasureUnitQualifierCode></catESAD_cu:GoodsGroupQuantity><catESAD_cu:InvoicedCost>160</catESAD_cu:InvoicedCost></catESAD_cu:GoodsGroupInformation><catESAD_cu:GroupNum>1</catESAD_cu:GroupNum></catESAD_cu:GoodsGroupDescription><catESAD_cu:GoodsGroupDescription><catESAD_cu:GoodsDescription>ДЛИНА 3100ММ(ОТКЛ.0,ПРИП.40), ТОЛЩИНА 30ММ(ОТКЛ.0), ШИРИНА 80ММ(ОТКЛ.0), 1891 ШТ, 160ДОЛЛ.США/М3-14.069М3/С ПРЕДЕЛЬНЫМ ОТКЛОНЕНИЕМ ОТ НОМИНАЛЬНЫХ РАЗМЕРОВ</catESAD_cu:GoodsDescription><catESAD_cu:GoodsGroupInformation><catESAD_cu:Manufacturer>СОСНА</catESAD_cu:Manufacturer><catESAD_cu:GoodsStandard>8486-86</catESAD_cu:GoodsStandard><catESAD_cu:GoodsSort>ПИЛОМАТЕРИАЛ  ОБРЕЗНОЙ</catESAD_cu:GoodsSort><catESAD_cu:WoodDescriptionDetails><catESAD_cu:WoodSortiment>1-3</catESAD_cu:WoodSortiment><catESAD_cu:WoodKind>СОСНА</catESAD_cu:WoodKind><catESAD_cu:AllowanceDetails><catESAD_cu:LengthMeasure><catESAD_cu:MeasuredAmount>0.04</catESAD_cu:MeasuredAmount><catESAD_cu:MeasureUnitQualifierName>М</catESAD_cu:MeasureUnitQualifierName><catESAD_cu:MeasureUnitQualifierCode>006</catESAD_cu:MeasureUnitQualifierCode></catESAD_cu:LengthMeasure></catESAD_cu:AllowanceDetails><catESAD_cu:ContractVolumeMeasure><cat_ru:GoodsQuantity>14.069</cat_ru:GoodsQuantity><cat_ru:MeasureUnitQualifierName>М3</cat_ru:MeasureUnitQualifierName><cat_ru:MeasureUnitQualifierCode>113</cat_ru:MeasureUnitQualifierCode></catESAD_cu:ContractVolumeMeasure><catESAD_cu:FactVolumeMeasure><cat_ru:GoodsQuantity>14.250576</cat_ru:GoodsQuantity><cat_ru:MeasureUnitQualifierName>М3</cat_ru:MeasureUnitQualifierName><cat_ru:MeasureUnitQualifierCode>113</cat_ru:MeasureUnitQualifierCode></catESAD_cu:FactVolumeMeasure></catESAD_cu:WoodDescriptionDetails><catESAD_cu:Dimensions><catESAD_cu:LengthMeasure><catESAD_cu:MeasuredAmount>3.1</catESAD_cu:MeasuredAmount><catESAD_cu:MeasureUnitQualifierName>М</catESAD_cu:MeasureUnitQualifierName><catESAD_cu:MeasureUnitQualifierCode>006</catESAD_cu:MeasureUnitQualifierCode></catESAD_cu:LengthMeasure><catESAD_cu:WidthMeasure><catESAD_cu:MeasuredAmount>0.08</catESAD_cu:MeasuredAmount><catESAD_cu:MeasureUnitQualifierName>М</catESAD_cu:MeasureUnitQualifierName><catESAD_cu:MeasureUnitQualifierCode>006</catESAD_cu:MeasureUnitQualifierCode></catESAD_cu:WidthMeasure><catESAD_cu:HeightMeasure><catESAD_cu:MeasuredAmount>0.03</catESAD_cu:MeasuredAmount><catESAD_cu:MeasureUnitQualifierName>М</catESAD_cu:MeasureUnitQualifierName><catESAD_cu:MeasureUnitQualifierCode>006</catESAD_cu:MeasureUnitQualifierCode></catESAD_cu:HeightMeasure></catESAD_cu:Dimensions><catESAD_cu:GoodsGroupQuantity><catESAD_cu:GoodsQuantity>14.250576</catESAD_cu:GoodsQuantity><catESAD_cu:MeasureUnitQualifierName>М3</catESAD_cu:MeasureUnitQualifierName><catESAD_cu:MeasureUnitQualifierCode>113</catESAD_cu:MeasureUnitQualifierCode></catESAD_cu:GoodsGroupQuantity><catESAD_cu:InvoicedCost>160</catESAD_cu:InvoicedCost></catESAD_cu:GoodsGroupInformation><catESAD_cu:GroupNum>2</catESAD_cu:GroupNum></catESAD_cu:GoodsGroupDescription><catESAD_cu:GoodsGroupDescription><catESAD_cu:GoodsDescription>ДЛИНА 3200ММ(ОТКЛ.0,ПРИП.40), ТОЛЩИНА 30ММ(ОТКЛ.0), ШИРИНА 80ММ(ОТКЛ.0), 2003 ШТ, 160ДОЛЛ.США/М3-15.383М3/С ПРЕДЕЛЬНЫМ ОТКЛОНЕНИЕМ ОТ НОМИНАЛЬНЫХ РАЗМЕРОВ</catESAD_cu:GoodsDescription><catESAD_cu:GoodsGroupInformation><catESAD_cu:Manufacturer>СОСНА</catESAD_cu:Manufacturer><catESAD_cu:GoodsStandard>8486-86</catESAD_cu:GoodsStandard><catESAD_cu:GoodsSort>ПИЛОМАТЕРИАЛ  ОБРЕЗНОЙ</catESAD_cu:GoodsSort><catESAD_cu:WoodDescriptionDetails><catESAD_cu:WoodSortiment>1-3</catESAD_cu:WoodSortiment><catESAD_cu:WoodKind>СОСНА</catESAD_cu:WoodKind><catESAD_cu:AllowanceDetails><catESAD_cu:LengthMeasure><catESAD_cu:MeasuredAmount>0.04</catESAD_cu:MeasuredAmount><catESAD_cu:MeasureUnitQualifierName>М</catESAD_cu:MeasureUnitQualifierName><catESAD_cu:MeasureUnitQualifierCode>006</catESAD_cu:MeasureUnitQualifierCode></catESAD_cu:LengthMeasure></catESAD_cu:AllowanceDetails><catESAD_cu:ContractVolumeMeasure><cat_ru:GoodsQuantity>15.383</cat_ru:GoodsQuantity><cat_ru:MeasureUnitQualifierName>М3</cat_ru:MeasureUnitQualifierName><cat_ru:MeasureUnitQualifierCode>113</cat_ru:MeasureUnitQualifierCode></catESAD_cu:ContractVolumeMeasure><catESAD_cu:FactVolumeMeasure><cat_ru:GoodsQuantity>15.575328</cat_ru:GoodsQuantity><cat_ru:MeasureUnitQualifierName>М3</cat_ru:MeasureUnitQualifierName><cat_ru:MeasureUnitQualifierCode>113</cat_ru:MeasureUnitQualifierCode></catESAD_cu:FactVolumeMeasure></catESAD_cu:WoodDescriptionDetails><catESAD_cu:Dimensions><catESAD_cu:LengthMeasure><catESAD_cu:MeasuredAmount>3.2</catESAD_cu:MeasuredAmount><catESAD_cu:MeasureUnitQualifierName>М</catESAD_cu:MeasureUnitQualifierName><catESAD_cu:MeasureUnitQualifierCode>006</catESAD_cu:MeasureUnitQualifierCode></catESAD_cu:LengthMeasure><catESAD_cu:WidthMeasure><catESAD_cu:MeasuredAmount>0.08</catESAD_cu:MeasuredAmount><catESAD_cu:MeasureUnitQualifierName>М</catESAD_cu:MeasureUnitQualifierName><catESAD_cu:MeasureUnitQualifierCode>006</catESAD_cu:MeasureUnitQualifierCode></catESAD_cu:WidthMeasure><catESAD_cu:HeightMeasure><catESAD_cu:MeasuredAmount>0.03</catESAD_cu:MeasuredAmount><catESAD_cu:MeasureUnitQualifierName>М</catESAD_cu:MeasureUnitQualifierName><catESAD_cu:MeasureUnitQualifierCode>006</catESAD_cu:MeasureUnitQualifierCode></catESAD_cu:HeightMeasure></catESAD_cu:Dimensions><catESAD_cu:GoodsGroupQuantity><catESAD_cu:GoodsQuantity>15.575328</catESAD_cu:GoodsQuantity><catESAD_cu:MeasureUnitQualifierName>М3</catESAD_cu:MeasureUnitQualifierName><catESAD_cu:MeasureUnitQualifierCode>113</catESAD_cu:MeasureUnitQualifierCode></catESAD_cu:GoodsGroupQuantity><catESAD_cu:InvoicedCost>160</catESAD_cu:InvoicedCost></catESAD_cu:GoodsGroupInformation><catESAD_cu:GroupNum>3</catESAD_cu:GroupNum></catESAD_cu:GoodsGroupDescription><catESAD_cu:GoodsGroupDescription><catESAD_cu:GoodsDescription>ДЛИНА 3000ММ(ОТКЛ.0,ПРИП.40), ТОЛЩИНА 32ММ(ОТКЛ.0), ШИРИНА 82ММ(ОТКЛ.0), 1264 ШТ, 160ДОЛЛ.США/М3-9.95М3/С ПРЕДЕЛЬНЫМ ОТКЛОНЕНИЕМ ОТ НОМИНАЛЬНЫХ РАЗМЕРОВ</catESAD_cu:GoodsDescription><catESAD_cu:GoodsGroupInformation><catESAD_cu:Manufacturer>СОСНА</catESAD_cu:Manufacturer><catESAD_cu:GoodsStandard>8486-86</catESAD_cu:GoodsStandard><catESAD_cu:GoodsSort>ПИЛОМАТЕРИАЛ  ОБРЕЗНОЙ</catESAD_cu:GoodsSort><catESAD_cu:WoodDescriptionDetails><catESAD_cu:WoodSortiment>1-3</catESAD_cu:WoodSortiment><catESAD_cu:WoodKind>СОСНА</catESAD_cu:WoodKind><catESAD_cu:AllowanceDetails><catESAD_cu:LengthMeasure><catESAD_cu:MeasuredAmount>0.04</catESAD_cu:MeasuredAmount><catESAD_cu:MeasureUnitQualifierName>М</catESAD_cu:MeasureUnitQualifierName><catESAD_cu:MeasureUnitQualifierCode>006</catESAD_cu:MeasureUnitQualifierCode></catESAD_cu:LengthMeasure></catESAD_cu:AllowanceDetails><catESAD_cu:ContractVolumeMeasure><cat_ru:GoodsQuantity>9.95</cat_ru:GoodsQuantity><cat_ru:MeasureUnitQualifierName>М3</cat_ru:MeasureUnitQualifierName><cat_ru:MeasureUnitQualifierCode>113</cat_ru:MeasureUnitQualifierCode></catESAD_cu:ContractVolumeMeasure><catESAD_cu:FactVolumeMeasure><cat_ru:GoodsQuantity>10.082928</cat_ru:GoodsQuantity><cat_ru:MeasureUnitQualifierName>М3</cat_ru:MeasureUnitQualifierName><cat_ru:MeasureUnitQualifierCode>113</cat_ru:MeasureUnitQualifierCode></catESAD_cu:FactVolumeMeasure></catESAD_cu:WoodDescriptionDetails><catESAD_cu:Dimensions><catESAD_cu:LengthMeasure><catESAD_cu:MeasuredAmount>3</catESAD_cu:MeasuredAmount><catESAD_cu:MeasureUnitQualifierName>М</catESAD_cu:MeasureUnitQualifierName><catESAD_cu:MeasureUnitQualifierCode>006</catESAD_cu:MeasureUnitQualifierCode></catESAD_cu:LengthMeasure><catESAD_cu:WidthMeasure><catESAD_cu:MeasuredAmount>0.082</catESAD_cu:MeasuredAmount><catESAD_cu:MeasureUnitQualifierName>М</catESAD_cu:MeasureUnitQualifierName><catESAD_cu:MeasureUnitQualifierCode>006</catESAD_cu:MeasureUnitQualifierCode></catESAD_cu:WidthMeasure><catESAD_cu:HeightMeasure><catESAD_cu:MeasuredAmount>0.032</catESAD_cu:MeasuredAmount><catESAD_cu:MeasureUnitQualifierName>М</catESAD_cu:MeasureUnitQualifierName><catESAD_cu:MeasureUnitQualifierCode>006</catESAD_cu:MeasureUnitQualifierCode></catESAD_cu:HeightMeasure></catESAD_cu:Dimensions><catESAD_cu:GoodsGroupQuantity><catESAD_cu:GoodsQuantity>10.082928</catESAD_cu:GoodsQuantity><catESAD_cu:MeasureUnitQualifierName>М3</catESAD_cu:MeasureUnitQualifierName><catESAD_cu:MeasureUnitQualifierCode>113</catESAD_cu:MeasureUnitQualifierCode></catESAD_cu:GoodsGroupQuantity><catESAD_cu:InvoicedCost>160</catESAD_cu:InvoicedCost></catESAD_cu:GoodsGroupInformation><catESAD_cu:GroupNum>4</catESAD_cu:GroupNum></catESAD_cu:GoodsGroupDescription><catESAD_cu:GoodsGroupDescription><catESAD_cu:GoodsDescription>ДЛИНА 3200ММ(ОТКЛ.0,ПРИП.40), ТОЛЩИНА 32ММ(ОТКЛ.0), ШИРИНА 82ММ(ОТКЛ.0), 997 ШТ, 160ДОЛЛ.США/М3-8.372М3/С ПРЕДЕЛЬНЫМ ОТКЛОНЕНИЕМ ОТ НОМИНАЛЬНЫХ РАЗМЕРОВ</catESAD_cu:GoodsDescription><catESAD_cu:GoodsGroupInformation><catESAD_cu:Manufacturer>СОСНА</catESAD_cu:Manufacturer><catESAD_cu:GoodsStandard>8486-86</catESAD_cu:GoodsStandard><catESAD_cu:GoodsSort>ПИЛОМАТЕРИАЛ  ОБРЕЗНОЙ</catESAD_cu:GoodsSort><catESAD_cu:WoodDescriptionDetails><catESAD_cu:WoodSortiment>1-3</catESAD_cu:WoodSortiment><catESAD_cu:WoodKind>СОСНА</catESAD_cu:WoodKind><catESAD_cu:AllowanceDetails><catESAD_cu:LengthMeasure><catESAD_cu:MeasuredAmount>0.04</catESAD_cu:MeasuredAmount><catESAD_cu:MeasureUnitQualifierName>М</catESAD_cu:MeasureUnitQualifierName><catESAD_cu:MeasureUnitQualifierCode>006</catESAD_cu:MeasureUnitQualifierCode></catESAD_cu:LengthMeasure></catESAD_cu:AllowanceDetails><catESAD_cu:ContractVolumeMeasure><cat_ru:GoodsQuantity>8.372</cat_ru:GoodsQuantity><cat_ru:MeasureUnitQualifierName>М3</cat_ru:MeasureUnitQualifierName><cat_ru:MeasureUnitQualifierCode>113</cat_ru:MeasureUnitQualifierCode></catESAD_cu:ContractVolumeMeasure><catESAD_cu:FactVolumeMeasure><cat_ru:GoodsQuantity>8.476494</cat_ru:GoodsQuantity><cat_ru:MeasureUnitQualifierName>М3</cat_ru:MeasureUnitQualifierName><cat_ru:MeasureUnitQualifierCode>113</cat_ru:MeasureUnitQualifierCode></catESAD_cu:FactVolumeMeasure></catESAD_cu:WoodDescriptionDetails><catESAD_cu:Dimensions><catESAD_cu:LengthMeasure><catESAD_cu:MeasuredAmount>3.2</catESAD_cu:MeasuredAmount><catESAD_cu:MeasureUnitQualifierName>М</catESAD_cu:MeasureUnitQualifierName><catESAD_cu:MeasureUnitQualifierCode>006</catESAD_cu:MeasureUnitQualifierCode></catESAD_cu:LengthMeasure><catESAD_cu:WidthMeasure><catESAD_cu:MeasuredAmount>0.082</catESAD_cu:MeasuredAmount><catESAD_cu:MeasureUnitQualifierName>М</catESAD_cu:MeasureUnitQualifierName><catESAD_cu:MeasureUnitQualifierCode>006</catESAD_cu:MeasureUnitQualifierCode></catESAD_cu:WidthMeasure><catESAD_cu:HeightMeasure><catESAD_cu:MeasuredAmount>0.032</catESAD_cu:MeasuredAmount><catESAD_cu:MeasureUnitQualifierName>М</catESAD_cu:MeasureUnitQualifierName><catESAD_cu:MeasureUnitQualifierCode>006</catESAD_cu:MeasureUnitQualifierCode></catESAD_cu:HeightMeasure></catESAD_cu:Dimensions><catESAD_cu:GoodsGroupQuantity><catESAD_cu:GoodsQuantity>8.476494</catESAD_cu:GoodsQuantity><catESAD_cu:MeasureUnitQualifierName>М3</catESAD_cu:MeasureUnitQualifierName><catESAD_cu:MeasureUnitQualifierCode>113</catESAD_cu:MeasureUnitQualifierCode></catESAD_cu:GoodsGroupQuantity><catESAD_cu:InvoicedCost>160</catESAD_cu:InvoicedCost></catESAD_cu:GoodsGroupInformation><catESAD_cu:GroupNum>5</catESAD_cu:GroupNum></catESAD_cu:GoodsGroupDescription><catESAD_cu:GoodsGroupDescription><catESAD_cu:GoodsDescription>ДЛИНА 3000ММ(ОТКЛ.0,ПРИП.40), ТОЛЩИНА 35ММ(ОТКЛ.0), ШИРИНА 85ММ(ОТКЛ.0), 1142 ШТ, 160ДОЛЛ.США/М3-10.192М3/С ПРЕДЕЛЬНЫМ ОТКЛОНЕНИЕМ ОТ НОМИНАЛЬНЫХ РАЗМЕРОВ</catESAD_cu:GoodsDescription><catESAD_cu:GoodsGroupInformation><catESAD_cu:Manufacturer>СОСНА</catESAD_cu:Manufacturer><catESAD_cu:GoodsStandard>8486-86</catESAD_cu:GoodsStandard><catESAD_cu:GoodsSort>ПИЛОМАТЕРИАЛ  ОБРЕЗНОЙ</catESAD_cu:GoodsSort><catESAD_cu:WoodDescriptionDetails><catESAD_cu:WoodSortiment>1-3</catESAD_cu:WoodSortiment><catESAD_cu:WoodKind>СОСНА</catESAD_cu:WoodKind><catESAD_cu:AllowanceDetails><catESAD_cu:LengthMeasure><catESAD_cu:MeasuredAmount>0.04</catESAD_cu:MeasuredAmount><catESAD_cu:MeasureUnitQualifierName>М</catESAD_cu:MeasureUnitQualifierName><catESAD_cu:MeasureUnitQualifierCode>006</catESAD_cu:MeasureUnitQualifierCode></catESAD_cu:LengthMeasure></catESAD_cu:AllowanceDetails><catESAD_cu:ContractVolumeMeasure><cat_ru:GoodsQuantity>10.192</cat_ru:GoodsQuantity><cat_ru:MeasureUnitQualifierName>М3</cat_ru:MeasureUnitQualifierName><cat_ru:MeasureUnitQualifierCode>113</cat_ru:MeasureUnitQualifierCode></catESAD_cu:ContractVolumeMeasure><catESAD_cu:FactVolumeMeasure><cat_ru:GoodsQuantity>10.328248</cat_ru:GoodsQuantity><cat_ru:MeasureUnitQualifierName>М3</cat_ru:MeasureUnitQualifierName><cat_ru:MeasureUnitQualifierCode>113</cat_ru:MeasureUnitQualifierCode></catESAD_cu:FactVolumeMeasure></catESAD_cu:WoodDescriptionDetails><catESAD_cu:Dimensions><catESAD_cu:LengthMeasure><catESAD_cu:MeasuredAmount>3</catESAD_cu:MeasuredAmount><catESAD_cu:MeasureUnitQualifierName>М</catESAD_cu:MeasureUnitQualifierName><catESAD_cu:MeasureUnitQualifierCode>006</catESAD_cu:MeasureUnitQualifierCode></catESAD_cu:LengthMeasure><catESAD_cu:WidthMeasure><catESAD_cu:MeasuredAmount>0.085</catESAD_cu:MeasuredAmount><catESAD_cu:MeasureUnitQualifierName>М</catESAD_cu:MeasureUnitQualifierName><catESAD_cu:MeasureUnitQualifierCode>006</catESAD_cu:MeasureUnitQualifierCode></catESAD_cu:WidthMeasure><catESAD_cu:HeightMeasure><catESAD_cu:MeasuredAmount>0.035</catESAD_cu:MeasuredAmount><catESAD_cu:MeasureUnitQualifierName>М</catESAD_cu:MeasureUnitQualifierName><catESAD_cu:MeasureUnitQualifierCode>006</catESAD_cu:MeasureUnitQualifierCode></catESAD_cu:HeightMeasure></catESAD_cu:Dimensions><catESAD_cu:GoodsGroupQuantity><catESAD_cu:GoodsQuantity>10.328248</catESAD_cu:GoodsQuantity><catESAD_cu:MeasureUnitQualifierName>М3</catESAD_cu:MeasureUnitQualifierName><catESAD_cu:MeasureUnitQualifierCode>113</catESAD_cu:MeasureUnitQualifierCode></catESAD_cu:GoodsGroupQuantity><catESAD_cu:InvoicedCost>160</catESAD_cu:InvoicedCost></catESAD_cu:GoodsGroupInformation><catESAD_cu:GroupNum>6</catESAD_cu:GroupNum></catESAD_cu:GoodsGroupDescription><catESAD_cu:GoodsGroupDescription><catESAD_cu:GoodsDescription>ДЛИНА 3050ММ(ОТКЛ.0,ПРИП.40), ТОЛЩИНА 35ММ(ОТКЛ.0), ШИРИНА 85ММ(ОТКЛ.0), 483 ШТ, 160ДОЛЛ.США/М3-4.383М3/С ПРЕДЕЛЬНЫМ ОТКЛОНЕНИЕМ ОТ НОМИНАЛЬНЫХ РАЗМЕРОВ</catESAD_cu:GoodsDescription><catESAD_cu:GoodsGroupInformation><catESAD_cu:Manufacturer>СОСНА</catESAD_cu:Manufacturer><catESAD_cu:GoodsStandard>8486-86</catESAD_cu:GoodsStandard><catESAD_cu:GoodsSort>ПИЛОМАТЕРИАЛ  ОБРЕЗНОЙ</catESAD_cu:GoodsSort><catESAD_cu:WoodDescriptionDetails><catESAD_cu:WoodSortiment>1-3</catESAD_cu:WoodSortiment><catESAD_cu:WoodKind>СОСНА</catESAD_cu:WoodKind><catESAD_cu:AllowanceDetails><catESAD_cu:LengthMeasure><catESAD_cu:MeasuredAmount>0.04</catESAD_cu:MeasuredAmount><catESAD_cu:MeasureUnitQualifierName>М</catESAD_cu:MeasureUnitQualifierName><catESAD_cu:MeasureUnitQualifierCode>006</catESAD_cu:MeasureUnitQualifierCode></catESAD_cu:LengthMeasure></catESAD_cu:AllowanceDetails><catESAD_cu:ContractVolumeMeasure><cat_ru:GoodsQuantity>4.383</cat_ru:GoodsQuantity><cat_ru:MeasureUnitQualifierName>М3</cat_ru:MeasureUnitQualifierName><cat_ru:MeasureUnitQualifierCode>113</cat_ru:MeasureUnitQualifierCode></catESAD_cu:ContractVolumeMeasure><catESAD_cu:FactVolumeMeasure><cat_ru:GoodsQuantity>4.440219</cat_ru:GoodsQuantity><cat_ru:MeasureUnitQualifierName>М3</cat_ru:MeasureUnitQualifierName><cat_ru:MeasureUnitQualifierCode>113</cat_ru:MeasureUnitQualifierCode></catESAD_cu:FactVolumeMeasure></catESAD_cu:WoodDescriptionDetails><catESAD_cu:Dimensions><catESAD_cu:LengthMeasure><catESAD_cu:MeasuredAmount>3.05</catESAD_cu:MeasuredAmount><catESAD_cu:MeasureUnitQualifierName>М</catESAD_cu:MeasureUnitQualifierName><catESAD_cu:MeasureUnitQualifierCode>006</catESAD_cu:MeasureUnitQualifierCode></catESAD_cu:LengthMeasure><catESAD_cu:WidthMeasure><catESAD_cu:MeasuredAmount>0.085</catESAD_cu:MeasuredAmount><catESAD_cu:MeasureUnitQualifierName>М</catESAD_cu:MeasureUnitQualifierName><catESAD_cu:MeasureUnitQualifierCode>006</catESAD_cu:MeasureUnitQualifierCode></catESAD_cu:WidthMeasure><catESAD_cu:HeightMeasure><catESAD_cu:MeasuredAmount>0.035</catESAD_cu:MeasuredAmount><catESAD_cu:MeasureUnitQualifierName>М</catESAD_cu:MeasureUnitQualifierName><catESAD_cu:MeasureUnitQualifierCode>006</catESAD_cu:MeasureUnitQualifierCode></catESAD_cu:HeightMeasure></catESAD_cu:Dimensions><catESAD_cu:GoodsGroupQuantity><catESAD_cu:GoodsQuantity>4.440219</catESAD_cu:GoodsQuantity><catESAD_cu:MeasureUnitQualifierName>М3</catESAD_cu:MeasureUnitQualifierName><catESAD_cu:MeasureUnitQualifierCode>113</catESAD_cu:MeasureUnitQualifierCode></catESAD_cu:GoodsGroupQuantity><catESAD_cu:InvoicedCost>160</catESAD_cu:InvoicedCost></catESAD_cu:GoodsGroupInformation><catESAD_cu:GroupNum>7</catESAD_cu:GroupNum></catESAD_cu:GoodsGroupDescription><catESAD_cu:GoodsGroupDescription><catESAD_cu:GoodsDescription>ДЛИНА 3100ММ(ОТКЛ.0,ПРИП.40), ТОЛЩИНА 35ММ(ОТКЛ.0), ШИРИНА 85ММ(ОТКЛ.0), 512 ШТ, 160ДОЛЛ.США/М3-4.722М3/С ПРЕДЕЛЬНЫМ ОТКЛОНЕНИЕМ ОТ НОМИНАЛЬНЫХ РАЗМЕРОВ</catESAD_cu:GoodsDescription><catESAD_cu:GoodsGroupInformation><catESAD_cu:Manufacturer>СОСНА</catESAD_cu:Manufacturer><catESAD_cu:GoodsStandard>8486-86</catESAD_cu:GoodsStandard><catESAD_cu:GoodsSort>ПИЛОМАТЕРИАЛ  ОБРЕЗНОЙ</catESAD_cu:GoodsSort><catESAD_cu:WoodDescriptionDetails><catESAD_cu:WoodSortiment>1-3</catESAD_cu:WoodSortiment><catESAD_cu:WoodKind>СОСНА</catESAD_cu:WoodKind><catESAD_cu:AllowanceDetails><catESAD_cu:LengthMeasure><catESAD_cu:MeasuredAmount>0.04</catESAD_cu:MeasuredAmount><catESAD_cu:MeasureUnitQualifierName>М</catESAD_cu:MeasureUnitQualifierName><catESAD_cu:MeasureUnitQualifierCode>006</catESAD_cu:MeasureUnitQualifierCode></catESAD_cu:LengthMeasure></catESAD_cu:AllowanceDetails><catESAD_cu:ContractVolumeMeasure><cat_ru:GoodsQuantity>4.722</cat_ru:GoodsQuantity><cat_ru:MeasureUnitQualifierName>М3</cat_ru:MeasureUnitQualifierName><cat_ru:MeasureUnitQualifierCode>113</cat_ru:MeasureUnitQualifierCode></catESAD_cu:ContractVolumeMeasure><catESAD_cu:FactVolumeMeasure><cat_ru:GoodsQuantity>4.783104</cat_ru:GoodsQuantity><cat_ru:MeasureUnitQualifierName>М3</cat_ru:MeasureUnitQualifierName><cat_ru:MeasureUnitQualifierCode>113</cat_ru:MeasureUnitQualifierCode></catESAD_cu:FactVolumeMeasure></catESAD_cu:WoodDescriptionDetails><catESAD_cu:Dimensions><catESAD_cu:LengthMeasure><catESAD_cu:MeasuredAmount>3.1</catESAD_cu:MeasuredAmount><catESAD_cu:MeasureUnitQualifierName>М</catESAD_cu:MeasureUnitQualifierName><catESAD_cu:MeasureUnitQualifierCode>006</catESAD_cu:MeasureUnitQualifierCode></catESAD_cu:LengthMeasure><catESAD_cu:WidthMeasure><catESAD_cu:MeasuredAmount>0.085</catESAD_cu:MeasuredAmount><catESAD_cu:MeasureUnitQualifierName>М</catESAD_cu:MeasureUnitQualifierName><catESAD_cu:MeasureUnitQualifierCode>006</catESAD_cu:MeasureUnitQualifierCode></catESAD_cu:WidthMeasure><catESAD_cu:HeightMeasure><catESAD_cu:MeasuredAmount>0.035</catESAD_cu:MeasuredAmount><catESAD_cu:MeasureUnitQualifierName>М</catESAD_cu:MeasureUnitQualifierName><catESAD_cu:MeasureUnitQualifierCode>006</catESAD_cu:MeasureUnitQualifierCode></catESAD_cu:HeightMeasure></catESAD_cu:Dimensions><catESAD_cu:GoodsGroupQuantity><catESAD_cu:GoodsQuantity>4.783104</catESAD_cu:GoodsQuantity><catESAD_cu:MeasureUnitQualifierName>М3</catESAD_cu:MeasureUnitQualifierName><catESAD_cu:MeasureUnitQualifierCode>113</catESAD_cu:MeasureUnitQualifierCode></catESAD_cu:GoodsGroupQuantity><catESAD_cu:InvoicedCost>160</catESAD_cu:InvoicedCost></catESAD_cu:GoodsGroupInformation><catESAD_cu:GroupNum>8</catESAD_cu:GroupNum></catESAD_cu:GoodsGroupDescription><catESAD_cu:GoodsGroupDescription><catESAD_cu:GoodsDescription>ДЛИНА 3150ММ(ОТКЛ.0,ПРИП.40), ТОЛЩИНА 35ММ(ОТКЛ.0), ШИРИНА 85ММ(ОТКЛ.0), 129 ШТ, 160ДОЛЛ.США/М3-1.209М3/С ПРЕДЕЛЬНЫМ ОТКЛОНЕНИЕМ ОТ НОМИНАЛЬНЫХ РАЗМЕРОВ</catESAD_cu:GoodsDescription><catESAD_cu:GoodsGroupInformation><catESAD_cu:Manufacturer>СОСНА</catESAD_cu:Manufacturer><catESAD_cu:GoodsStandard>8486-86</catESAD_cu:GoodsStandard><catESAD_cu:GoodsSort>ПИЛОМАТЕРИАЛ  ОБРЕЗНОЙ</catESAD_cu:GoodsSort><catESAD_cu:WoodDescriptionDetails><catESAD_cu:WoodSortiment>1-3</catESAD_cu:WoodSortiment><catESAD_cu:WoodKind>СОСНА</catESAD_cu:WoodKind><catESAD_cu:AllowanceDetails><catESAD_cu:LengthMeasure><catESAD_cu:MeasuredAmount>0.04</catESAD_cu:MeasuredAmount><catESAD_cu:MeasureUnitQualifierName>М</catESAD_cu:MeasureUnitQualifierName><catESAD_cu:MeasureUnitQualifierCode>006</catESAD_cu:MeasureUnitQualifierCode></catESAD_cu:LengthMeasure></catESAD_cu:AllowanceDetails><catESAD_cu:ContractVolumeMeasure><cat_ru:GoodsQuantity>1.209</cat_ru:GoodsQuantity><cat_ru:MeasureUnitQualifierName>М3</cat_ru:MeasureUnitQualifierName><cat_ru:MeasureUnitQualifierCode>113</cat_ru:MeasureUnitQualifierCode></catESAD_cu:ContractVolumeMeasure><catESAD_cu:FactVolumeMeasure><cat_ru:GoodsQuantity>1.22421</cat_ru:GoodsQuantity><cat_ru:MeasureUnitQualifierName>М3</cat_ru:MeasureUnitQualifierName><cat_ru:MeasureUnitQualifierCode>113</cat_ru:MeasureUnitQualifierCode></catESAD_cu:FactVolumeMeasure></catESAD_cu:WoodDescriptionDetails><catESAD_cu:Dimensions><catESAD_cu:LengthMeasure><catESAD_cu:MeasuredAmount>3.15</catESAD_cu:MeasuredAmount><catESAD_cu:MeasureUnitQualifierName>М</catESAD_cu:MeasureUnitQualifierName><catESAD_cu:MeasureUnitQualifierCode>006</catESAD_cu:MeasureUnitQualifierCode></catESAD_cu:LengthMeasure><catESAD_cu:WidthMeasure><catESAD_cu:MeasuredAmount>0.085</catESAD_cu:MeasuredAmount><catESAD_cu:MeasureUnitQualifierName>М</catESAD_cu:MeasureUnitQualifierName><catESAD_cu:MeasureUnitQualifierCode>006</catESAD_cu:MeasureUnitQualifierCode></catESAD_cu:WidthMeasure><catESAD_cu:HeightMeasure><catESAD_cu:MeasuredAmount>0.035</catESAD_cu:MeasuredAmount><catESAD_cu:MeasureUnitQualifierName>М</catESAD_cu:MeasureUnitQualifierName><catESAD_cu:MeasureUnitQualifierCode>006</catESAD_cu:MeasureUnitQualifierCode></catESAD_cu:HeightMeasure></catESAD_cu:Dimensions><catESAD_cu:GoodsGroupQuantity><catESAD_cu:GoodsQuantity>1.22421</catESAD_cu:GoodsQuantity><catESAD_cu:MeasureUnitQualifierName>М3</catESAD_cu:MeasureUnitQualifierName><catESAD_cu:MeasureUnitQualifierCode>113</catESAD_cu:MeasureUnitQualifierCode></catESAD_cu:GoodsGroupQuantity><catESAD_cu:InvoicedCost>160</catESAD_cu:InvoicedCost></catESAD_cu:GoodsGroupInformation><catESAD_cu:GroupNum>9</catESAD_cu:GroupNum></catESAD_cu:GoodsGroupDescription><catESAD_cu:Preferencii><catESAD_cu:CustomsTax>ОО</catESAD_cu:CustomsTax><catESAD_cu:CustomsDuty>--</catESAD_cu:CustomsDuty><catESAD_cu:Excise>-</catESAD_cu:Excise><catESAD_cu:Rate>--</catESAD_cu:Rate></catESAD_cu:Preferencii><LanguageGoods>RU</LanguageGoods><ESADout_CUPresentedDocument><cat_ru:PrDocumentName>КОНОСАМЕНТ</cat_ru:PrDocumentName><catESAD_cu:PresentedDocumentModeCode>02011</catESAD_cu:PresentedDocumentModeCode><catESAD_cu:RecordID>92C46722-03E8-4BC2-A4D7-893B708D9F19</catESAD_cu:RecordID><RUDECLcat:DocumentPresentingDetails><RUDECLcat:DocPresentKindCode>3</RUDECLcat:DocPresentKindCode><RUDECLcat:PresentedDocumentModeCode>02011</RUDECLcat:PresentedDocumentModeCode></RUDECLcat:DocumentPresentingDetails></ESADout_CUPresentedDocument><ESADout_CUPresentedDocument><cat_ru:PrDocumentName>ДОГОВОР (КОНТРАКТ), ЗАКЛЮЧЕННЫЙ ПРИ СОВЕРШЕНИИ ВНЕШНЕЭКОНОМИЧЕСКОЙ СДЕЛКИ</cat_ru:PrDocumentName><cat_ru:PrDocumentNumber>4/Э-01/2011</cat_ru:PrDocumentNumber><cat_ru:PrDocumentDate>2011-01-13</cat_ru:PrDocumentDate><catESAD_cu:PresentedDocumentModeCode>03011</catESAD_cu:PresentedDocumentModeCode><catESAD_cu:RecordID>66BEBB0E-BA33-4276-8A68-2E1A77BF62F7</catESAD_cu:RecordID><RUDECLcat:DocumentPresentingDetails><RUDECLcat:DocPresentKindCode>2</RUDECLcat:DocPresentKindCode><RUDECLcat:PresentedDocumentModeCode>03011</RUDECLcat:PresentedDocumentModeCode><RUDECLcat:CustomsDocIdDetails><cat_ru:CustomsCode>10607090</cat_ru:CustomsCode><cat_ru:RegistrationDate>2017-09-07</cat_ru:RegistrationDate><cat_ru:GTDNumber>0015595</cat_ru:GTDNumber></RUDECLcat:CustomsDocIdDetails></RUDECLcat:DocumentPresentingDetails></ESADout_CUPresentedDocument><ESADout_CUPresentedDocument><cat_ru:PrDocumentName>ДОКУМЕНТЫ, ВНОСЯЩИЕ ИЗМЕНЕНИЯ И (ИЛИ) ДОПОЛНЕНИЯ К ДОКУМЕНТУ, СВЕДЕНИЯ О КОТОРОМ УКАЗАНЫ ПОД КОДОМ 03011</cat_ru:PrDocumentName><cat_ru:PrDocumentNumber>9</cat_ru:PrDocumentNumber><cat_ru:PrDocumentDate>2016-12-12</cat_ru:PrDocumentDate><catESAD_cu:PresentedDocumentModeCode>03012</catESAD_cu:PresentedDocumentModeCode><catESAD_cu:RecordID>CD493B53-F645-4123-8B0E-13B1667414BD</catESAD_cu:RecordID><RUDECLcat:DocumentPresentingDetails><RUDECLcat:DocPresentKindCode>2</RUDECLcat:DocPresentKindCode><RUDECLcat:PresentedDocumentModeCode>03012</RUDECLcat:PresentedDocumentModeCode><RUDECLcat:CustomsDocIdDetails><cat_ru:CustomsCode>10607090</cat_ru:CustomsCode><cat_ru:RegistrationDate>2017-09-07</cat_ru:RegistrationDate><cat_ru:GTDNumber>0015595</cat_ru:GTDNumber></RUDECLcat:CustomsDocIdDetails></RUDECLcat:DocumentPresentingDetails></ESADout_CUPresentedDocument><ESADout_CUPresentedDocument><cat_ru:PrDocumentName>ДОКУМЕНТЫ, ВНОСЯЩИЕ ИЗМЕНЕНИЯ И (ИЛИ) ДОПОЛНЕНИЯ К ДОКУМЕНТУ, СВЕДЕНИЯ О КОТОРОМ УКАЗАНЫ ПОД КОДОМ 03011</cat_ru:PrDocumentName><cat_ru:PrDocumentNumber>13</cat_ru:PrDocumentNumber><cat_ru:PrDocumentDate>2017-02-15</cat_ru:PrDocumentDate><catESAD_cu:PresentedDocumentModeCode>03012</catESAD_cu:PresentedDocumentModeCode><catESAD_cu:RecordID>B8BA8761-C581-4DF2-8360-4F3F8D407700</catESAD_cu:RecordID><RUDECLcat:DocumentPresentingDetails><RUDECLcat:DocPresentKindCode>2</RUDECLcat:DocPresentKindCode><RUDECLcat:PresentedDocumentModeCode>03012</RUDECLcat:PresentedDocumentModeCode><RUDECLcat:CustomsDocIdDetails><cat_ru:CustomsCode>10607090</cat_ru:CustomsCode><cat_ru:RegistrationDate>2017-09-07</cat_ru:RegistrationDate><cat_ru:GTDNumber>0015595</cat_ru:GTDNumber></RUDECLcat:CustomsDocIdDetails></RUDECLcat:DocumentPresentingDetails></ESADout_CUPresentedDocument><ESADout_CUPresentedDocument><cat_ru:PrDocumentName>ДОКУМЕНТЫ, ВНОСЯЩИЕ ИЗМЕНЕНИЯ И (ИЛИ) ДОПОЛНЕНИЯ К ДОКУМЕНТУ, СВЕДЕНИЯ О КОТОРОМ УКАЗАНЫ ПОД КОДОМ 03011</cat_ru:PrDocumentName><cat_ru:PrDocumentNumber>12</cat_ru:PrDocumentNumber><cat_ru:PrDocumentDate>2017-02-17</cat_ru:PrDocumentDate><catESAD_cu:PresentedDocumentModeCode>03012</catESAD_cu:PresentedDocumentModeCode><catESAD_cu:RecordID>58B05BBF-98B5-4358-B4B3-78E62DDE04EE</catESAD_cu:RecordID><RUDECLcat:DocumentPresentingDetails><RUDECLcat:DocPresentKindCode>2</RUDECLcat:DocPresentKindCode><RUDECLcat:PresentedDocumentModeCode>03012</RUDECLcat:PresentedDocumentModeCode><RUDECLcat:CustomsDocIdDetails><cat_ru:CustomsCode>10607090</cat_ru:CustomsCode><cat_ru:RegistrationDate>2017-09-07</cat_ru:RegistrationDate><cat_ru:GTDNumber>0015595</cat_ru:GTDNumber></RUDECLcat:CustomsDocIdDetails></RUDECLcat:DocumentPresentingDetails></ESADout_CUPresentedDocument><ESADout_CUPresentedDocument><cat_ru:PrDocumentName>ДОКУМЕНТЫ, ВНОСЯЩИЕ ИЗМЕНЕНИЯ И (ИЛИ) ДОПОЛНЕНИЯ К ДОКУМЕНТУ, СВЕДЕНИЯ О КОТОРОМ УКАЗАНЫ ПОД КОДОМ 03011</cat_ru:PrDocumentName><cat_ru:PrDocumentNumber>25</cat_ru:PrDocumentNumber><cat_ru:PrDocumentDate>2017-09-06</cat_ru:PrDocumentDate><catESAD_cu:PresentedDocumentModeCode>03012</catESAD_cu:PresentedDocumentModeCode><catESAD_cu:RecordID>53B1F3EB-DB1D-4B6C-8F0D-ADA50284F5B6</catESAD_cu:RecordID><RUDECLcat:DocumentPresentingDetails><RUDECLcat:DocPresentKindCode>2</RUDECLcat:DocPresentKindCode><RUDECLcat:PresentedDocumentModeCode>03012</RUDECLcat:PresentedDocumentModeCode><RUDECLcat:CustomsDocIdDetails><cat_ru:CustomsCode>10607090</cat_ru:CustomsCode><cat_ru:RegistrationDate>2017-09-12</cat_ru:RegistrationDate><cat_ru:GTDNumber>0015862</cat_ru:GTDNumber></RUDECLcat:CustomsDocIdDetails></RUDECLcat:DocumentPresentingDetails></ESADout_CUPresentedDocument><ESADout_CUPresentedDocument><cat_ru:PrDocumentName>УЧРЕДИТЕЛЬНЫЕ ДОКУМЕНТЫ</cat_ru:PrDocumentName><cat_ru:PrDocumentNumber>Б/Н</cat_ru:PrDocumentNumber><cat_ru:PrDocumentDate>2010-10-18</cat_ru:PrDocumentDate><catESAD_cu:PresentedDocumentModeCode>04011</catESAD_cu:PresentedDocumentModeCode><catESAD_cu:RecordID>E0A9D2A7-48D8-4A8D-8939-CEE3D81D1A01</catESAD_cu:RecordID><RUDECLcat:DocumentPresentingDetails><RUDECLcat:DocPresentKindCode>2</RUDECLcat:DocPresentKindCode><RUDECLcat:PresentedDocumentModeCode>04011</RUDECLcat:PresentedDocumentModeCode><RUDECLcat:CustomsDocIdDetails><cat_ru:CustomsCode>10607090</cat_ru:CustomsCode><cat_ru:RegistrationDate>2017-09-05</cat_ru:RegistrationDate><cat_ru:GTDNumber>0015468</cat_ru:GTDNumber></RUDECLcat:CustomsDocIdDetails></RUDECLcat:DocumentPresentingDetails></ESADout_CUPresentedDocument><ESADout_CUPresentedDocument><cat_ru:PrDocumentName>СЧЕТ-ФАКТУРА (ИНВОЙС) К ДОГОВОРУ</cat_ru:PrDocumentName><cat_ru:PrDocumentNumber>67</cat_ru:PrDocumentNumber><cat_ru:PrDocumentDate>2017-09-29</cat_ru:PrDocumentDate><catESAD_cu:PresentedDocumentModeCode>04021</catESAD_cu:PresentedDocumentModeCode><catESAD_cu:RecordID>7CF469BF-41AF-4571-B07E-C791014BB522</catESAD_cu:RecordID><RUDECLcat:DocumentPresentingDetails><RUDECLcat:DocPresentKindCode>1</RUDECLcat:DocPresentKindCode><RUDECLcat:PresentedDocumentModeCode>04021</RUDECLcat:PresentedDocumentModeCode></RUDECLcat:DocumentPresentingDetails></ESADout_CUPresentedDocument><ESADout_CUPresentedDocument><cat_ru:PrDocumentName>ПАСПОРТ СДЕЛКИ</cat_ru:PrDocumentName><cat_ru:PrDocumentNumber>11010044/1481/0418/1/0</cat_ru:PrDocumentNumber><catESAD_cu:PresentedDocumentModeCode>03031</catESAD_cu:PresentedDocumentModeCode><catESAD_cu:RecordID>97341BAA-8208-40BE-A786-8598A00606D4</catESAD_cu:RecordID><RUDECLcat:DocumentPresentingDetails><RUDECLcat:DocPresentKindCode>0</RUDECLcat:DocPresentKindCode><RUDECLcat:PresentedDocumentModeCode>03031</RUDECLcat:PresentedDocumentModeCode></RUDECLcat:DocumentPresentingDetails></ESADout_CUPresentedDocument><ESADout_CUPresentedDocument><cat_ru:PrDocumentName>ДЕКЛАРАЦИЯ О СДЕЛКАХ С ДРЕВЕСИНОЙ</cat_ru:PrDocumentName><cat_ru:PrDocumentNumber>0002081800004898003906089959</cat_ru:PrDocumentNumber><cat_ru:PrDocumentDate>2017-07-03</cat_ru:PrDocumentDate><catESAD_cu:PresentedDocumentModeCode>09032</catESAD_cu:PresentedDocumentModeCode><catESAD_cu:RecordID>D83A8C9F-8241-4A3D-85BA-D3D085A6E6B2</catESAD_cu:RecordID><RUDECLcat:DocumentPresentingDetails><RUDECLcat:DocPresentKindCode>0</RUDECLcat:DocPresentKindCode><RUDECLcat:PresentedDocumentModeCode>09032</RUDECLcat:PresentedDocumentModeCode></RUDECLcat:DocumentPresentingDetails></ESADout_CUPresentedDocument><ESADout_CUPresentedDocument><cat_ru:PrDocumentName>СВИДЕТЕЛЬСТВО О ПОСТАНОВКЕ НА УЧЕТ</cat_ru:PrDocumentName><cat_ru:PrDocumentNumber>39 №000615367</cat_ru:PrDocumentNumber><cat_ru:PrDocumentDate>2005-05-06</cat_ru:PrDocumentDate><catESAD_cu:PresentedDocumentModeCode>09999</catESAD_cu:PresentedDocumentModeCode><catESAD_cu:RecordID>1FABA590-697F-4F44-A5D7-97CF11884D9D</catESAD_cu:RecordID><RUDECLcat:DocumentPresentingDetails><RUDECLcat:DocPresentKindCode>2</RUDECLcat:DocPresentKindCode><RUDECLcat:PresentedDocumentModeCode>09999</RUDECLcat:PresentedDocumentModeCode><RUDECLcat:CustomsDocIdDetails><cat_ru:CustomsCode>10607090</cat_ru:CustomsCode><cat_ru:RegistrationDate>2017-09-05</cat_ru:RegistrationDate><cat_ru:GTDNumber>0015468</cat_ru:GTDNumber></RUDECLcat:CustomsDocIdDetails></RUDECLcat:DocumentPresentingDetails></ESADout_CUPresentedDocument><ESADout_CUPresentedDocument><cat_ru:PrDocumentName>УВЕДОМЛЕНИЕ О ПОСТАНОВКЕ НА УЧЕТ</cat_ru:PrDocumentName><cat_ru:PrDocumentNumber>1414493</cat_ru:PrDocumentNumber><cat_ru:PrDocumentDate>2010-12-06</cat_ru:PrDocumentDate><catESAD_cu:PresentedDocumentModeCode>09999</catESAD_cu:PresentedDocumentModeCode><catESAD_cu:RecordID>71B38EDE-B197-4F24-A0D1-F7A8EB044142</catESAD_cu:RecordID><RUDECLcat:DocumentPresentingDetails><RUDECLcat:DocPresentKindCode>2</RUDECLcat:DocPresentKindCode><RUDECLcat:PresentedDocumentModeCode>09999</RUDECLcat:PresentedDocumentModeCode><RUDECLcat:CustomsDocIdDetails><cat_ru:CustomsCode>10607090</cat_ru:CustomsCode><cat_ru:RegistrationDate>2017-09-05</cat_ru:RegistrationDate><cat_ru:GTDNumber>0015468</cat_ru:GTDNumber></RUDECLcat:CustomsDocIdDetails></RUDECLcat:DocumentPresentingDetails></ESADout_CUPresentedDocument><ESADout_CUPresentedDocument><cat_ru:PrDocumentName>СВИДЕТЕЛЬСТВО О РЕГИСТРАЦИИ ЮР.ЛИЦА</cat_ru:PrDocumentName><cat_ru:PrDocumentNumber>39 001393687</cat_ru:PrDocumentNumber><cat_ru:PrDocumentDate>2010-11-12</cat_ru:PrDocumentDate><catESAD_cu:PresentedDocumentModeCode>09999</catESAD_cu:PresentedDocumentModeCode><catESAD_cu:RecordID>F88A69ED-4C9A-4161-BB64-2DB07776319D</catESAD_cu:RecordID><RUDECLcat:DocumentPresentingDetails><RUDECLcat:DocPresentKindCode>2</RUDECLcat:DocPresentKindCode><RUDECLcat:PresentedDocumentModeCode>09999</RUDECLcat:PresentedDocumentModeCode><RUDECLcat:CustomsDocIdDetails><cat_ru:CustomsCode>10607090</cat_ru:CustomsCode><cat_ru:RegistrationDate>2017-09-05</cat_ru:RegistrationDate><cat_ru:GTDNumber>0015468</cat_ru:GTDNumber></RUDECLcat:CustomsDocIdDetails></RUDECLcat:DocumentPresentingDetails></ESADout_CUPresentedDocument><ESADout_CUPresentedDocument><cat_ru:PrDocumentName>ДОГОВОР АРЕНДЫ</cat_ru:PrDocumentName><cat_ru:PrDocumentNumber>23-10-2010/ЛБ</cat_ru:PrDocumentNumber><cat_ru:PrDocumentDate>2010-10-23</cat_ru:PrDocumentDate><catESAD_cu:PresentedDocumentModeCode>09999</catESAD_cu:PresentedDocumentModeCode><catESAD_cu:RecordID>DE940CFC-C61F-4B06-9DCD-9579D1200A54</catESAD_cu:RecordID><RUDECLcat:DocumentPresentingDetails><RUDECLcat:DocPresentKindCode>2</RUDECLcat:DocPresentKindCode><RUDECLcat:PresentedDocumentModeCode>09999</RUDECLcat:PresentedDocumentModeCode><RUDECLcat:CustomsDocIdDetails><cat_ru:CustomsCode>10607090</cat_ru:CustomsCode><cat_ru:RegistrationDate>2017-09-05</cat_ru:RegistrationDate><cat_ru:GTDNumber>0015468</cat_ru:GTDNumber></RUDECLcat:CustomsDocIdDetails></RUDECLcat:DocumentPresentingDetails></ESADout_CUPresentedDocument><ESADout_CUPresentedDocument><cat_ru:PrDocumentName>ДОП.СОГЛАШЕНИЕ К ДОГОВОРУ АРЕНДЫ</cat_ru:PrDocumentName><cat_ru:PrDocumentNumber>Б/Н</cat_ru:PrDocumentNumber><cat_ru:PrDocumentDate>2017-03-31</cat_ru:PrDocumentDate><catESAD_cu:PresentedDocumentModeCode>09999</catESAD_cu:PresentedDocumentModeCode><catESAD_cu:RecordID>F6FB7FFA-F627-4EB9-88E4-A0604EC88878</catESAD_cu:RecordID><RUDECLcat:DocumentPresentingDetails><RUDECLcat:DocPresentKindCode>2</RUDECLcat:DocPresentKindCode><RUDECLcat:PresentedDocumentModeCode>09999</RUDECLcat:PresentedDocumentModeCode><RUDECLcat:CustomsDocIdDetails><cat_ru:CustomsCode>10607090</cat_ru:CustomsCode><cat_ru:RegistrationDate>2017-09-05</cat_ru:RegistrationDate><cat_ru:GTDNumber>0015468</cat_ru:GTDNumber></RUDECLcat:CustomsDocIdDetails></RUDECLcat:DocumentPresentingDetails></ESADout_CUPresentedDocument><ESADout_CUPresentedDocument><cat_ru:PrDocumentName>РЕШЕНИЕ</cat_ru:PrDocumentName><cat_ru:PrDocumentNumber>БН</cat_ru:PrDocumentNumber><cat_ru:PrDocumentDate>2011-07-13</cat_ru:PrDocumentDate><catESAD_cu:PresentedDocumentModeCode>09999</catESAD_cu:PresentedDocumentModeCode><catESAD_cu:RecordID>05E9C187-A270-430D-AF33-8D12405FCE4F</catESAD_cu:RecordID><RUDECLcat:DocumentPresentingDetails><RUDECLcat:DocPresentKindCode>2</RUDECLcat:DocPresentKindCode><RUDECLcat:PresentedDocumentModeCode>09999</RUDECLcat:PresentedDocumentModeCode><RUDECLcat:CustomsDocIdDetails><cat_ru:CustomsCode>10607090</cat_ru:CustomsCode><cat_ru:RegistrationDate>2017-09-05</cat_ru:RegistrationDate><cat_ru:GTDNumber>0015468</cat_ru:GTDNumber></RUDECLcat:CustomsDocIdDetails></RUDECLcat:DocumentPresentingDetails></ESADout_CUPresentedDocument><ESADout_CUPresentedDocument><cat_ru:PrDocumentName>ДОВЕРЕННОСТЬ</cat_ru:PrDocumentName><cat_ru:PrDocumentNumber>БН</cat_ru:PrDocumentNumber><cat_ru:PrDocumentDate>2014-10-31</cat_ru:PrDocumentDate><catESAD_cu:PresentedDocumentModeCode>09999</catESAD_cu:PresentedDocumentModeCode><catESAD_cu:RecordID>04D45CE9-DA82-452E-A3A1-E4C9AFFA1E17</catESAD_cu:RecordID><RUDECLcat:DocumentPresentingDetails><RUDECLcat:DocPresentKindCode>2</RUDECLcat:DocPresentKindCode><RUDECLcat:PresentedDocumentModeCode>09999</RUDECLcat:PresentedDocumentModeCode><RUDECLcat:CustomsDocIdDetails><cat_ru:CustomsCode>10607090</cat_ru:CustomsCode><cat_ru:RegistrationDate>2017-09-05</cat_ru:RegistrationDate><cat_ru:GTDNumber>0015468</cat_ru:GTDNumber></RUDECLcat:CustomsDocIdDetails></RUDECLcat:DocumentPresentingDetails></ESADout_CUPresentedDocument><ESADout_CUPresentedDocument><cat_ru:PrDocumentName>ОБЯЗАТЕЛЬСТВО</cat_ru:PrDocumentName><cat_ru:PrDocumentNumber>Б/Н.</cat_ru:PrDocumentNumber><cat_ru:PrDocumentDate>2017-09-29</cat_ru:PrDocumentDate><catESAD_cu:PresentedDocumentModeCode>09999</catESAD_cu:PresentedDocumentModeCode><catESAD_cu:RecordID>9619B9C5-96E2-4BF3-9B75-09C8DD9ED78D</catESAD_cu:RecordID><RUDECLcat:DocumentPresentingDetails><RUDECLcat:DocPresentKindCode>1</RUDECLcat:DocPresentKindCode><RUDECLcat:PresentedDocumentModeCode>09999</RUDECLcat:PresentedDocumentModeCode></RUDECLcat:DocumentPresentingDetails></ESADout_CUPresentedDocument><ESADout_CUPresentedDocument><cat_ru:PrDocumentName>СПРАВКА ПО ПЕРЕВАЛКЕ</cat_ru:PrDocumentName><cat_ru:PrDocumentNumber>001-AD</cat_ru:PrDocumentNumber><cat_ru:PrDocumentDate>2017-01-01</cat_ru:PrDocumentDate><catESAD_cu:PresentedDocumentModeCode>09999</catESAD_cu:PresentedDocumentModeCode><catESAD_cu:RecordID>650796FA-CF59-4AF7-AA94-6DEC8DBD1209</catESAD_cu:RecordID><RUDECLcat:DocumentPresentingDetails><RUDECLcat:DocPresentKindCode>2</RUDECLcat:DocPresentKindCode><RUDECLcat:PresentedDocumentModeCode>09999</RUDECLcat:PresentedDocumentModeCode><RUDECLcat:CustomsDocIdDetails><cat_ru:CustomsCode>10607090</cat_ru:CustomsCode><cat_ru:RegistrationDate>2017-09-07</cat_ru:RegistrationDate><cat_ru:GTDNumber>0015595</cat_ru:GTDNumber></RUDECLcat:CustomsDocIdDetails></RUDECLcat:DocumentPresentingDetails></ESADout_CUPresentedDocument><ESADout_CUPresentedDocument><cat_ru:PrDocumentName>ИНФОРМАЦИОННОЕ ПИСЬМО</cat_ru:PrDocumentName><cat_ru:PrDocumentNumber>БН</cat_ru:PrDocumentNumber><cat_ru:PrDocumentDate>2017-07-06</cat_ru:PrDocumentDate><catESAD_cu:PresentedDocumentModeCode>09999</catESAD_cu:PresentedDocumentModeCode><catESAD_cu:RecordID>2AC03428-DB97-4CF3-BC7F-9E3058ED933A</catESAD_cu:RecordID><RUDECLcat:DocumentPresentingDetails><RUDECLcat:DocPresentKindCode>2</RUDECLcat:DocPresentKindCode><RUDECLcat:PresentedDocumentModeCode>09999</RUDECLcat:PresentedDocumentModeCode><RUDECLcat:CustomsDocIdDetails><cat_ru:CustomsCode>10607090</cat_ru:CustomsCode><cat_ru:RegistrationDate>2017-09-05</cat_ru:RegistrationDate><cat_ru:GTDNumber>0015468</cat_ru:GTDNumber></RUDECLcat:CustomsDocIdDetails></RUDECLcat:DocumentPresentingDetails></ESADout_CUPresentedDocument><ESADout_CUPresentedDocument><cat_ru:PrDocumentName>ДОВЕРЕННОСТЬ</cat_ru:PrDocumentName><cat_ru:PrDocumentNumber>2-ИЛ</cat_ru:PrDocumentNumber><cat_ru:PrDocumentDate>2016-01-01</cat_ru:PrDocumentDate><catESAD_cu:PresentedDocumentModeCode>11003</catESAD_cu:PresentedDocumentModeCode><catESAD_cu:RecordID>D81A4108-D0A9-4253-8730-95F86C5E5167</catESAD_cu:RecordID><RUDECLcat:DocumentPresentingDetails><RUDECLcat:DocPresentKindCode>2</RUDECLcat:DocPresentKindCode><RUDECLcat:PresentedDocumentModeCode>11003</RUDECLcat:PresentedDocumentModeCode><RUDECLcat:CustomsDocIdDetails><cat_ru:CustomsCode>10607090</cat_ru:CustomsCode><cat_ru:RegistrationDate>2017-09-05</cat_ru:RegistrationDate><cat_ru:GTDNumber>0015468</cat_ru:GTDNumber></RUDECLcat:CustomsDocIdDetails></RUDECLcat:DocumentPresentingDetails></ESADout_CUPresentedDocument><ESADout_CUPresentedDocument><cat_ru:PrDocumentName>ТРУДОВОЙ ДОГОВОР</cat_ru:PrDocumentName><cat_ru:PrDocumentNumber>2-ИЛ.</cat_ru:PrDocumentNumber><cat_ru:PrDocumentDate>2014-01-24</cat_ru:PrDocumentDate><catESAD_cu:PresentedDocumentModeCode>11003</catESAD_cu:PresentedDocumentModeCode><catESAD_cu:RecordID>E921A0AF-4C86-474D-9E26-98D0217C653B</catESAD_cu:RecordID><RUDECLcat:DocumentPresentingDetails><RUDECLcat:DocPresentKindCode>2</RUDECLcat:DocPresentKindCode><RUDECLcat:PresentedDocumentModeCode>11003</RUDECLcat:PresentedDocumentModeCode><RUDECLcat:CustomsDocIdDetails><cat_ru:CustomsCode>10607090</cat_ru:CustomsCode><cat_ru:RegistrationDate>2017-09-05</cat_ru:RegistrationDate><cat_ru:GTDNumber>0015468</cat_ru:GTDNumber></RUDECLcat:CustomsDocIdDetails></RUDECLcat:DocumentPresentingDetails></ESADout_CUPresentedDocument><ESADout_CUPresentedDocument><cat_ru:PrDocumentName>ПРИКАЗ</cat_ru:PrDocumentName><cat_ru:PrDocumentNumber>БН</cat_ru:PrDocumentNumber><cat_ru:PrDocumentDate>2014-01-24</cat_ru:PrDocumentDate><catESAD_cu:PresentedDocumentModeCode>11003</catESAD_cu:PresentedDocumentModeCode><catESAD_cu:RecordID>3C18D1EA-5284-4383-850F-B38C1C4EB5B6</catESAD_cu:RecordID><RUDECLcat:DocumentPresentingDetails><RUDECLcat:DocPresentKindCode>2</RUDECLcat:DocPresentKindCode><RUDECLcat:PresentedDocumentModeCode>11003</RUDECLcat:PresentedDocumentModeCode><RUDECLcat:CustomsDocIdDetails><cat_ru:CustomsCode>10607090</cat_ru:CustomsCode><cat_ru:RegistrationDate>2017-09-05</cat_ru:RegistrationDate><cat_ru:GTDNumber>0015468</cat_ru:GTDNumber></RUDECLcat:CustomsDocIdDetails></RUDECLcat:DocumentPresentingDetails></ESADout_CUPresentedDocument><ESADout_CUCustomsPaymentCalculation><catESAD_cu:PaymentModeCode>1010</catESAD_cu:PaymentModeCode><catESAD_cu:PaymentAmount>750</catESAD_cu:PaymentAmount><catESAD_cu:PaymentCurrencyCode>643</catESAD_cu:PaymentCurrencyCode><catESAD_cu:TaxBase>0</catESAD_cu:TaxBase><catESAD_cu:Rate>750</catESAD_cu:Rate><catESAD_cu:RateTypeCode>*</catESAD_cu:RateTypeCode><catESAD_cu:RateCurrencyCode>643</catESAD_cu:RateCurrencyCode><catESAD_cu:RateUseDate>2017-09-29</catESAD_cu:RateUseDate><catESAD_cu:PaymentCode>ИУ</catESAD_cu:PaymentCode></ESADout_CUCustomsPaymentCalculation><SupplementaryGoodsQuantity><cat_ru:GoodsQuantity>103.03</cat_ru:GoodsQuantity><cat_ru:MeasureUnitQualifierName>М3</cat_ru:MeasureUnitQualifierName><cat_ru:MeasureUnitQualifierCode>113</cat_ru:MeasureUnitQualifierCode></SupplementaryGoodsQuantity><ESADGoodsPackaging><catESAD_cu:PakageQuantity>22</catESAD_cu:PakageQuantity><catESAD_cu:PakageTypeCode>1</catESAD_cu:PakageTypeCode><catESAD_cu:PakagePartQuantity>0</catESAD_cu:PakagePartQuantity><catESAD_cu:PackagePalleteInformation><catESAD_cu:InfoKindCode>0</catESAD_cu:InfoKindCode><catESAD_cu:PalleteCode>BY</catESAD_cu:PalleteCode><catESAD_cu:PalleteQuantity>22</catESAD_cu:PalleteQuantity><catESAD_cu:CargoDescriptionText>ДОП.СВЕДЕНИЯ ОБ УПАКОВКЕ ОБЪЕМ 100М3</catESAD_cu:CargoDescriptionText></catESAD_cu:PackagePalleteInformation></ESADGoodsPackaging><ESADCustomsProcedure><catESAD_cu:MainCustomsModeCode>10</catESAD_cu:MainCustomsModeCode><catESAD_cu:PrecedingCustomsModeCode>00</catESAD_cu:PrecedingCustomsModeCode><catESAD_cu:GoodsTransferFeature>000</catESAD_cu:GoodsTransferFeature></ESADCustomsProcedure></ESADout_CUGoods><ESADout_CUPayments><ESADout_CUCustomsPayment><catESAD_cu:PaymentModeCode>1010</catESAD_cu:PaymentModeCode><catESAD_cu:PaymentAmount>750</catESAD_cu:PaymentAmount><catESAD_cu:PaymentCurrencyCode>643</catESAD_cu:PaymentCurrencyCode><catESAD_cu:CurrencyRate>1</catESAD_cu:CurrencyRate><RFOrganizationFeatures><cat_ru:INN>3906089959</cat_ru:INN></RFOrganizationFeatures></ESADout_CUCustomsPayment></ESADout_CUPayments></ESADout_CUGoodsShipment><FilledPerson><RUDECLcat:SigningDetails><cat_ru:PersonSurname>БОРОДУЛИНА</cat_ru:PersonSurname><cat_ru:PersonName>ЮЛИЯ</cat_ru:PersonName><cat_ru:PersonMiddleName>ОЛЕГОВНА</cat_ru:PersonMiddleName><cat_ru:PersonPost>СПЕЦИАЛИСТ ПО ТАМОЖЕННОМУ ОФОРМЛЕНИЮ</cat_ru:PersonPost><RUScat_ru:CommunicationDetails><cat_ru:Phone>41-48-34</cat_ru:Phone></RUScat_ru:CommunicationDetails><RUScat_ru:SigningDate>2017-09-29T00:00:00</RUScat_ru:SigningDate></RUDECLcat:SigningDetails><RUDECLcat:SignatoryPersonIdentityDetails><RUScat_ru:IdentityCardCode>21</RUScat_ru:IdentityCardCode><RUScat_ru:IdentityCardName>ПАСРФ</RUScat_ru:IdentityCardName><RUScat_ru:IdentityCardSeries>25 04</RUScat_ru:IdentityCardSeries><RUScat_ru:IdentityCardNumber>227548</RUScat_ru:IdentityCardNumber><RUScat_ru:IdentityCardDate>2003-12-26</RUScat_ru:IdentityCardDate><RUScat_ru:OrganizationName>УПРАВЛЕНИЕМ ВНУТРЕННИХ ДЕЛ Г.БРАТСКА ИРКУТСКОЙ ОБЛ.</RUScat_ru:OrganizationName></RUDECLcat:SignatoryPersonIdentityDetails><RUDECLcat:PowerOfAttorneyDetails><cat_ru:PrDocumentName>ДОВЕРЕННОСТЬ</cat_ru:PrDocumentName><cat_ru:PrDocumentNumber>2-ИЛ</cat_ru:PrDocumentNumber><cat_ru:PrDocumentDate>2016-01-01</cat_ru:PrDocumentDate><RUScat_ru:DocStartDate>2016-01-01</RUScat_ru:DocStartDate><RUScat_ru:DocValidityDate>2018-12-31</RUScat_ru:DocValidityDate></RUDECLcat:PowerOfAttorneyDetails></FilledPerson></ESADout_CU>
		</DocBody></ContainerDoc></ED_Container>
<!--Local=10607120/180520/0100030-->