<?xml version="1.0" encoding="UTF-8"?>
<ED_Container xmlns="urn:customs.ru:Information:ExchangeDocuments:ED_Container:5.13.1" xmlns:CategoryCust="urn:customs.ru:Categories:3.0.0" xmlns:cat_ru="urn:customs.ru:CommonAggregateTypes:5.10.0" xmlns:clt_ru="urn:customs.ru:CommonLeafTypes:5.10.0" xmlns:xsi="http://www.w3.org/2001/XMLSchema-instance" DocumentModeID="1006058E"><cat_ru:DocumentID>4D8752BE-6429-48A4-B849-E5D9C3B0D52C</cat_ru:DocumentID><ContainerDoc><DocBody><ESADout_CU xmlns="urn:customs.ru:Information:CustomsDocuments:ESADout_CU:5.17.0" xmlns:catESAD_cu="urn:customs.ru:CUESADCommonAggregateTypesCust:5.17.0" xmlns:nsi="urn:customs.ru:RUSCommonLeafTypes:5.14.3" xmlns:RUScat_ru="urn:customs.ru:RUSCommonAggregateTypes:5.16.0" xmlns:RUDECLcat="urn:customs.ru:RUDeclCommonAggregateTypesCust:5.17.0" xmlns:cltESAD_cu="urn:customs.ru:CUESADCommonLeafTypes:5.17.0" xmlns:CategoryCust="urn:customs.ru:Categories:3.0.0" xmlns:cat_ru="urn:customs.ru:CommonAggregateTypes:5.10.0" xmlns:clt_ru="urn:customs.ru:CommonLeafTypes:5.10.0" xmlns:xsi="http://www.w3.org/2001/XMLSchema-instance" DocumentModeID="1006107E"><cat_ru:DocumentID>5932FDEC-9A8C-4E2A-BC1B-CC7509D85F68</cat_ru:DocumentID><EECEDocHeaderAddInfo><RUScat_ru:EDocCode>R.036</RUScat_ru:EDocCode><RUScat_ru:EDocDateTime>2020-05-01T00:00:00</RUScat_ru:EDocDateTime><RUScat_ru:LanguageCode>RU</RUScat_ru:LanguageCode><RUScat_ru:SourceCountryCode>RU</RUScat_ru:SourceCountryCode><RUScat_ru:DestinationCountryCode>RU</RUScat_ru:DestinationCountryCode></EECEDocHeaderAddInfo><CustomsProcedure>ЭК</CustomsProcedure><CustomsModeCode>10</CustomsModeCode><ElectronicDocumentSign>ЭД</ElectronicDocumentSign><DeclarationKind>НТД</DeclarationKind><RecipientCountryCode>RU</RecipientCountryCode><ESADout_CUGoodsShipment><catESAD_cu:OriginCountryName>РОССИЯ</catESAD_cu:OriginCountryName><catESAD_cu:OriginCountryCode>RU</catESAD_cu:OriginCountryCode><catESAD_cu:TotalGoodsNumber>1</catESAD_cu:TotalGoodsNumber><catESAD_cu:TotalPackageNumber>23</catESAD_cu:TotalPackageNumber><catESAD_cu:TotalSheetNumber>1</catESAD_cu:TotalSheetNumber><ESADout_CUConsignor><cat_ru:OrganizationName>ООО "СИБ-ЭКОЛОГИЯ"</cat_ru:OrganizationName><cat_ru:RFOrganizationFeatures><cat_ru:OGRN>1023800837334</cat_ru:OGRN><cat_ru:INN>3803202458</cat_ru:INN><cat_ru:KPP>380401001</cat_ru:KPP></cat_ru:RFOrganizationFeatures><RUScat_ru:SubjectAddressDetails><RUScat_ru:PostalCode>665716</RUScat_ru:PostalCode><RUScat_ru:CountryCode>RU</RUScat_ru:CountryCode><RUScat_ru:CounryName>РОССИЯ</RUScat_ru:CounryName><RUScat_ru:Region>ИРКУТСКАЯ ОБЛ.</RUScat_ru:Region><RUScat_ru:City>Г.БРАТСК</RUScat_ru:City><RUScat_ru:StreetHouse>А/Я 27 ПРОМПЛОЩАДКА БРАЗА</RUScat_ru:StreetHouse></RUScat_ru:SubjectAddressDetails></ESADout_CUConsignor><ESADout_CUConsignee><cat_ru:OrganizationName>"COMPANY FOR IMPORT AND PRODUCTION OF SAWNGOODS AL-NAHASCO"</cat_ru:OrganizationName><RUScat_ru:SubjectAddressDetails><RUScat_ru:CountryCode>EG</RUScat_ru:CountryCode><RUScat_ru:CounryName>ЕГИПЕТ</RUScat_ru:CounryName><RUScat_ru:Region>ЕГИПЕТ</RUScat_ru:Region><RUScat_ru:City>ALEXANDRIA</RUScat_ru:City><RUScat_ru:StreetHouse>5 BORD FAHAD,AL BITASH,AL-AGAMI</RUScat_ru:StreetHouse></RUScat_ru:SubjectAddressDetails><RUDECLcat:SubjectAdditionalCode>1</RUDECLcat:SubjectAdditionalCode></ESADout_CUConsignee><ESADout_CUFinancialAdjustingResponsiblePerson><DeclarantEqualFlag>1</DeclarantEqualFlag></ESADout_CUFinancialAdjustingResponsiblePerson><ESADout_CUDeclarant><cat_ru:OrganizationName>ООО "ЛЕСОБАЛТ"</cat_ru:OrganizationName><cat_ru:RFOrganizationFeatures><cat_ru:OGRN>1023900989749</cat_ru:OGRN><cat_ru:INN>3906089959</cat_ru:INN><cat_ru:KPP>390501001</cat_ru:KPP></cat_ru:RFOrganizationFeatures><RUScat_ru:SubjectAddressDetails><RUScat_ru:PostalCode>236010</RUScat_ru:PostalCode><RUScat_ru:CountryCode>RU</RUScat_ru:CountryCode><RUScat_ru:CounryName>РОССИЯ</RUScat_ru:CounryName><RUScat_ru:Region>КАЛИНИНГРАДСКАЯ ОБЛ.</RUScat_ru:Region><RUScat_ru:City>Г.КАЛИНИНГРАД</RUScat_ru:City><RUScat_ru:StreetHouse>УЛ.РУЧЕЙНАЯ 7</RUScat_ru:StreetHouse></RUScat_ru:SubjectAddressDetails><RUScat_ru:SubjectBranch><cat_ru:OrganizationName>Ф-Л ООО"ЛЕСОБАЛТ" В Г.БРАТСКЕ</cat_ru:OrganizationName><cat_ru:RFOrganizationFeatures><cat_ru:KPP>380443001</cat_ru:KPP></cat_ru:RFOrganizationFeatures><RUScat_ru:SubjectAddressDetails><RUScat_ru:PostalCode>665716</RUScat_ru:PostalCode><RUScat_ru:CountryCode>RU</RUScat_ru:CountryCode><RUScat_ru:CounryName>РОССИЯ</RUScat_ru:CounryName><RUScat_ru:Region>ИРКУТСКАЯ ОБЛ.</RUScat_ru:Region><RUScat_ru:City>Г.БРАТСК</RUScat_ru:City><RUScat_ru:StreetHouse>УЛ. П10010401 Д.04</RUScat_ru:StreetHouse></RUScat_ru:SubjectAddressDetails></RUScat_ru:SubjectBranch></ESADout_CUDeclarant><ESADout_CUConsigment><catESAD_cu:ContainerIndicator>0</catESAD_cu:ContainerIndicator><catESAD_cu:DispatchCountryCode>RU</catESAD_cu:DispatchCountryCode><catESAD_cu:DispatchCountryName>РОССИЯ</catESAD_cu:DispatchCountryName><catESAD_cu:DestinationCountryCode>EG</catESAD_cu:DestinationCountryCode><catESAD_cu:DestinationCountryName>ЕГИПЕТ</catESAD_cu:DestinationCountryName><ESADout_CUDepartureArrivalTransport><cat_ru:TransportModeCode>20</cat_ru:TransportModeCode></ESADout_CUDepartureArrivalTransport><ESADout_CUBorderTransport><cat_ru:TransportModeCode>10</cat_ru:TransportModeCode><cat_ru:TransportNationalityCode>00</cat_ru:TransportNationalityCode><TransportMeansQuantity>1</TransportMeansQuantity><TransportMeans><cat_ru:TransportIdentifier>МОРСКОЕ СУДНО</cat_ru:TransportIdentifier><cat_ru:TransportMeansNationalityCode>00</cat_ru:TransportMeansNationalityCode></TransportMeans></ESADout_CUBorderTransport></ESADout_CUConsigment><ESADout_CUMainContractTerms><catESAD_cu:ContractCurrencyCode>USD</catESAD_cu:ContractCurrencyCode><catESAD_cu:ContractCurrencyRate>77.7928</catESAD_cu:ContractCurrencyRate><catESAD_cu:TotalInvoiceAmount>11762.8</catESAD_cu:TotalInvoiceAmount><catESAD_cu:TradeCountryCode>EG</catESAD_cu:TradeCountryCode><catESAD_cu:DealFeatureCode>00</catESAD_cu:DealFeatureCode><catESAD_cu:DealNatureCode>010</catESAD_cu:DealNatureCode><catESAD_cu:CUESADDeliveryTerms><cat_ru:DeliveryPlace>НОВОРОССИЙСК</cat_ru:DeliveryPlace><cat_ru:DeliveryTermsStringCode>FCA</cat_ru:DeliveryTermsStringCode></catESAD_cu:CUESADDeliveryTerms></ESADout_CUMainContractTerms><ESADout_CUGoods><catESAD_cu:GoodsNumeric>1</catESAD_cu:GoodsNumeric><catESAD_cu:GoodsDescription>ЛЕСОМАТЕРИАЛЫ ХВОЙНЫХ ПОРОД ЛИСТВЕННИЦА СИБИРСКАЯ (LARIX SIBIRICA) РАСПИЛЕННЫЕ ВДОЛЬ,НЕ СТРОГАНЫЕ,НЕ ШЛИФОВАННЫЕ,НЕОБТЕСАННЫЕ,НЕ ИМЕЮЩИЕ СОЕДИНЕНИЯ В ШИП,ДОСКА ОБРЕЗНАЯ ВСЕГО КОЛИЧЕСТВО 9729ШТ. ВСЕГО ОБЪЕМ С УЧЕТОМ НОМИНАЛЬНЫХ РАЗМЕРОВ 73.24М3/ОБЪЕМ</catESAD_cu:GoodsDescription><catESAD_cu:GoodsDescription>С УЧЕТОМ ПРЕДЕЛЬНЫХ ОТКЛОНЕНИЙ ОТ НОМИНАЛЬНЫХ РАЗМЕРОВ 79.53М3 ОБЪЕМ ПО КОНТРАКТУ 3000М3 СОРТ 1-5,4,5,ГОСТ 26002-83,24454-80,8486-86,24454-80,ДЛИНА 3000ММ,4000ММ; ПРЕДЕЛЬНЫЕ ОТКЛОНЕНИЯ ОТ НОМИНАЛЬНЫХ РАЗМЕРОВ: ПО ДЛИНЕ +50ММ,ПО ТОЛЩИНЕ +1ММ,ПО ШИРИНЕ</catESAD_cu:GoodsDescription><catESAD_cu:GoodsDescription>+2ММ; ПРИПУСК ; ГОСТ ФР 1.27.2014.17136</catESAD_cu:GoodsDescription><catESAD_cu:GrossWeightQuantity>54500</catESAD_cu:GrossWeightQuantity><catESAD_cu:NetWeightQuantity>53900</catESAD_cu:NetWeightQuantity><catESAD_cu:NetWeightQuantity2>0</catESAD_cu:NetWeightQuantity2><catESAD_cu:InvoicedCost>11762.8</catESAD_cu:InvoicedCost><catESAD_cu:StatisticalCost>8828.6</catESAD_cu:StatisticalCost><catESAD_cu:GoodsTNVEDCode>4407199800</catESAD_cu:GoodsTNVEDCode><catESAD_cu:OriginCountryCode>RU</catESAD_cu:OriginCountryCode><catESAD_cu:AdditionalSheetCount>1</catESAD_cu:AdditionalSheetCount><catESAD_cu:GoodsGroupDescription><catESAD_cu:GoodsDescription>:ДЛИНА 3000ММ(ОТКЛ.+50ММ), ТОЛЩИНА 18ММ(ОТКЛ.+1ММ), ШИРИНА 105ММ(ОТКЛ.+2ММ), 638ШТ., 170ДОЛ.США/М3-3.617М3/С ПРЕДЕЛЬНЫМ ОТКЛОНЕНИЕМ ОТ НОМИНАЛЬНЫХ РАЗМЕРОВ 3.956238М3</catESAD_cu:GoodsDescription><catESAD_cu:GoodsGroupInformation><catESAD_cu:Manufacturer>ООО "ЛЕСЗАГ" (3808001010)</catESAD_cu:Manufacturer><catESAD_cu:GoodsStandard>26002-83,24454-80,ФР 1.27.2014.17136</catESAD_cu:GoodsStandard><catESAD_cu:GoodsSort>1-5</catESAD_cu:GoodsSort><catESAD_cu:WoodDescriptionDetails><catESAD_cu:WoodSortiment>ЛИСТВЕННИЦА СИБИРСКАЯ</catESAD_cu:WoodSortiment><catESAD_cu:WoodKind>ЛИСТВЕННИЦА СИБИРСКА</catESAD_cu:WoodKind><catESAD_cu:DeviationDetails><catESAD_cu:LengthMeasure><catESAD_cu:MeasuredAmount>0.05</catESAD_cu:MeasuredAmount><catESAD_cu:MeasureUnitQualifierName>М</catESAD_cu:MeasureUnitQualifierName><catESAD_cu:MeasureUnitQualifierCode>006</catESAD_cu:MeasureUnitQualifierCode></catESAD_cu:LengthMeasure><catESAD_cu:WidthMeasure><catESAD_cu:MeasuredAmount>0.002</catESAD_cu:MeasuredAmount><catESAD_cu:MeasureUnitQualifierName>М</catESAD_cu:MeasureUnitQualifierName><catESAD_cu:MeasureUnitQualifierCode>006</catESAD_cu:MeasureUnitQualifierCode></catESAD_cu:WidthMeasure><catESAD_cu:HeightMeasure><catESAD_cu:MeasuredAmount>0.001</catESAD_cu:MeasuredAmount><catESAD_cu:MeasureUnitQualifierName>М</catESAD_cu:MeasureUnitQualifierName><catESAD_cu:MeasureUnitQualifierCode>006</catESAD_cu:MeasureUnitQualifierCode></catESAD_cu:HeightMeasure></catESAD_cu:DeviationDetails><catESAD_cu:ContractVolumeMeasure><cat_ru:GoodsQuantity>3.617</cat_ru:GoodsQuantity><cat_ru:MeasureUnitQualifierName>М3</cat_ru:MeasureUnitQualifierName><cat_ru:MeasureUnitQualifierCode>113</cat_ru:MeasureUnitQualifierCode></catESAD_cu:ContractVolumeMeasure><catESAD_cu:FactVolumeMeasure><cat_ru:GoodsQuantity>3.956238</cat_ru:GoodsQuantity><cat_ru:MeasureUnitQualifierName>М3</cat_ru:MeasureUnitQualifierName><cat_ru:MeasureUnitQualifierCode>113</cat_ru:MeasureUnitQualifierCode></catESAD_cu:FactVolumeMeasure></catESAD_cu:WoodDescriptionDetails><catESAD_cu:Dimensions><catESAD_cu:LengthMeasure><catESAD_cu:MeasuredAmount>3</catESAD_cu:MeasuredAmount><catESAD_cu:MeasureUnitQualifierName>М</catESAD_cu:MeasureUnitQualifierName><catESAD_cu:MeasureUnitQualifierCode>006</catESAD_cu:MeasureUnitQualifierCode></catESAD_cu:LengthMeasure><catESAD_cu:WidthMeasure><catESAD_cu:MeasuredAmount>0.105</catESAD_cu:MeasuredAmount><catESAD_cu:MeasureUnitQualifierName>М</catESAD_cu:MeasureUnitQualifierName><catESAD_cu:MeasureUnitQualifierCode>006</catESAD_cu:MeasureUnitQualifierCode></catESAD_cu:WidthMeasure><catESAD_cu:HeightMeasure><catESAD_cu:MeasuredAmount>0.018</catESAD_cu:MeasuredAmount><catESAD_cu:MeasureUnitQualifierName>М</catESAD_cu:MeasureUnitQualifierName><catESAD_cu:MeasureUnitQualifierCode>006</catESAD_cu:MeasureUnitQualifierCode></catESAD_cu:HeightMeasure></catESAD_cu:Dimensions><catESAD_cu:GoodsGroupQuantity><catESAD_cu:GoodsQuantity>3.956238</catESAD_cu:GoodsQuantity><catESAD_cu:MeasureUnitQualifierName>М3</catESAD_cu:MeasureUnitQualifierName><catESAD_cu:MeasureUnitQualifierCode>113</catESAD_cu:MeasureUnitQualifierCode></catESAD_cu:GoodsGroupQuantity><catESAD_cu:InvoicedCost>170</catESAD_cu:InvoicedCost></catESAD_cu:GoodsGroupInformation><catESAD_cu:GroupNum>1</catESAD_cu:GroupNum></catESAD_cu:GoodsGroupDescription><catESAD_cu:GoodsGroupDescription><catESAD_cu:GoodsDescription>ДЛИНА 4000ММ(ОТКЛ.+50ММ), ТОЛЩИНА 18ММ(ОТКЛ.+1ММ), ШИРИНА 105ММ(ОТКЛ.+2ММ), 190ШТ., 170ДОЛ.США/М3-1.436М3/С ПРЕДЕЛЬНЫМ ОТКЛОНЕНИЕМ ОТ НОМИНАЛЬНЫХ РАЗМЕРОВ 1.56446М3</catESAD_cu:GoodsDescription><catESAD_cu:GoodsGroupInformation><catESAD_cu:Manufacturer>ООО "ЛЕСЗАГ" (3808001010)</catESAD_cu:Manufacturer><catESAD_cu:GoodsStandard>26002-83,24454-80,ФР 1.27.2014.17136</catESAD_cu:GoodsStandard><catESAD_cu:GoodsSort>1-5</catESAD_cu:GoodsSort><catESAD_cu:WoodDescriptionDetails><catESAD_cu:WoodSortiment>ЛИСТВЕННИЦА СИБИРСКАЯ</catESAD_cu:WoodSortiment><catESAD_cu:WoodKind>ЛИСТВЕННИЦА СИБИРСКА</catESAD_cu:WoodKind><catESAD_cu:DeviationDetails><catESAD_cu:LengthMeasure><catESAD_cu:MeasuredAmount>0.05</catESAD_cu:MeasuredAmount><catESAD_cu:MeasureUnitQualifierName>М</catESAD_cu:MeasureUnitQualifierName><catESAD_cu:MeasureUnitQualifierCode>006</catESAD_cu:MeasureUnitQualifierCode></catESAD_cu:LengthMeasure><catESAD_cu:WidthMeasure><catESAD_cu:MeasuredAmount>0.002</catESAD_cu:MeasuredAmount><catESAD_cu:MeasureUnitQualifierName>М</catESAD_cu:MeasureUnitQualifierName><catESAD_cu:MeasureUnitQualifierCode>006</catESAD_cu:MeasureUnitQualifierCode></catESAD_cu:WidthMeasure><catESAD_cu:HeightMeasure><catESAD_cu:MeasuredAmount>0.001</catESAD_cu:MeasuredAmount><catESAD_cu:MeasureUnitQualifierName>М</catESAD_cu:MeasureUnitQualifierName><catESAD_cu:MeasureUnitQualifierCode>006</catESAD_cu:MeasureUnitQualifierCode></catESAD_cu:HeightMeasure></catESAD_cu:DeviationDetails><catESAD_cu:ContractVolumeMeasure><cat_ru:GoodsQuantity>1.436</cat_ru:GoodsQuantity><cat_ru:MeasureUnitQualifierName>М3</cat_ru:MeasureUnitQualifierName><cat_ru:MeasureUnitQualifierCode>113</cat_ru:MeasureUnitQualifierCode></catESAD_cu:ContractVolumeMeasure><catESAD_cu:FactVolumeMeasure><cat_ru:GoodsQuantity>1.56446</cat_ru:GoodsQuantity><cat_ru:MeasureUnitQualifierName>М3</cat_ru:MeasureUnitQualifierName><cat_ru:MeasureUnitQualifierCode>113</cat_ru:MeasureUnitQualifierCode></catESAD_cu:FactVolumeMeasure></catESAD_cu:WoodDescriptionDetails><catESAD_cu:Dimensions><catESAD_cu:LengthMeasure><catESAD_cu:MeasuredAmount>4</catESAD_cu:MeasuredAmount><catESAD_cu:MeasureUnitQualifierName>М</catESAD_cu:MeasureUnitQualifierName><catESAD_cu:MeasureUnitQualifierCode>006</catESAD_cu:MeasureUnitQualifierCode></catESAD_cu:LengthMeasure><catESAD_cu:WidthMeasure><catESAD_cu:MeasuredAmount>0.105</catESAD_cu:MeasuredAmount><catESAD_cu:MeasureUnitQualifierName>М</catESAD_cu:MeasureUnitQualifierName><catESAD_cu:MeasureUnitQualifierCode>006</catESAD_cu:MeasureUnitQualifierCode></catESAD_cu:WidthMeasure><catESAD_cu:HeightMeasure><catESAD_cu:MeasuredAmount>0.018</catESAD_cu:MeasuredAmount><catESAD_cu:MeasureUnitQualifierName>М</catESAD_cu:MeasureUnitQualifierName><catESAD_cu:MeasureUnitQualifierCode>006</catESAD_cu:MeasureUnitQualifierCode></catESAD_cu:HeightMeasure></catESAD_cu:Dimensions><catESAD_cu:GoodsGroupQuantity><catESAD_cu:GoodsQuantity>1.56446</catESAD_cu:GoodsQuantity><catESAD_cu:MeasureUnitQualifierName>М3</catESAD_cu:MeasureUnitQualifierName><catESAD_cu:MeasureUnitQualifierCode>113</catESAD_cu:MeasureUnitQualifierCode></catESAD_cu:GoodsGroupQuantity><catESAD_cu:InvoicedCost>170</catESAD_cu:InvoicedCost></catESAD_cu:GoodsGroupInformation><catESAD_cu:GroupNum>2</catESAD_cu:GroupNum></catESAD_cu:GoodsGroupDescription><catESAD_cu:GoodsGroupDescription><catESAD_cu:GoodsDescription>ДЛИНА 4000ММ(ОТКЛ.+50ММ), ТОЛЩИНА 18ММ(ОТКЛ.+1ММ), ШИРИНА 125ММ(ОТКЛ.+2ММ), 580ШТ., 170ДОЛ.США/М3-5.22М3/С ПРЕДЕЛЬНЫМ ОТКЛОНЕНИЕМ ОТ НОМИНАЛЬНЫХ РАЗМЕРОВ 5.66834М3</catESAD_cu:GoodsDescription><catESAD_cu:GoodsGroupInformation><catESAD_cu:Manufacturer>ООО "ЛЕСЗАГ" (3808001010)</catESAD_cu:Manufacturer><catESAD_cu:GoodsStandard>26002-83,24454-80,ФР 1.27.2014.17136</catESAD_cu:GoodsStandard><catESAD_cu:GoodsSort>1-5</catESAD_cu:GoodsSort><catESAD_cu:WoodDescriptionDetails><catESAD_cu:WoodSortiment>ЛИСТВЕННИЦА СИБИРСКАЯ</catESAD_cu:WoodSortiment><catESAD_cu:WoodKind>ЛИСТВЕННИЦА СИБИРСКА</catESAD_cu:WoodKind><catESAD_cu:DeviationDetails><catESAD_cu:LengthMeasure><catESAD_cu:MeasuredAmount>0.05</catESAD_cu:MeasuredAmount><catESAD_cu:MeasureUnitQualifierName>М</catESAD_cu:MeasureUnitQualifierName><catESAD_cu:MeasureUnitQualifierCode>006</catESAD_cu:MeasureUnitQualifierCode></catESAD_cu:LengthMeasure><catESAD_cu:WidthMeasure><catESAD_cu:MeasuredAmount>0.002</catESAD_cu:MeasuredAmount><catESAD_cu:MeasureUnitQualifierName>М</catESAD_cu:MeasureUnitQualifierName><catESAD_cu:MeasureUnitQualifierCode>006</catESAD_cu:MeasureUnitQualifierCode></catESAD_cu:WidthMeasure><catESAD_cu:HeightMeasure><catESAD_cu:MeasuredAmount>0.001</catESAD_cu:MeasuredAmount><catESAD_cu:MeasureUnitQualifierName>М</catESAD_cu:MeasureUnitQualifierName><catESAD_cu:MeasureUnitQualifierCode>006</catESAD_cu:MeasureUnitQualifierCode></catESAD_cu:HeightMeasure></catESAD_cu:DeviationDetails><catESAD_cu:ContractVolumeMeasure><cat_ru:GoodsQuantity>5.22</cat_ru:GoodsQuantity><cat_ru:MeasureUnitQualifierName>М3</cat_ru:MeasureUnitQualifierName><cat_ru:MeasureUnitQualifierCode>113</cat_ru:MeasureUnitQualifierCode></catESAD_cu:ContractVolumeMeasure><catESAD_cu:FactVolumeMeasure><cat_ru:GoodsQuantity>5.66834</cat_ru:GoodsQuantity><cat_ru:MeasureUnitQualifierName>М3</cat_ru:MeasureUnitQualifierName><cat_ru:MeasureUnitQualifierCode>113</cat_ru:MeasureUnitQualifierCode></catESAD_cu:FactVolumeMeasure></catESAD_cu:WoodDescriptionDetails><catESAD_cu:Dimensions><catESAD_cu:LengthMeasure><catESAD_cu:MeasuredAmount>4</catESAD_cu:MeasuredAmount><catESAD_cu:MeasureUnitQualifierName>М</catESAD_cu:MeasureUnitQualifierName><catESAD_cu:MeasureUnitQualifierCode>006</catESAD_cu:MeasureUnitQualifierCode></catESAD_cu:LengthMeasure><catESAD_cu:WidthMeasure><catESAD_cu:MeasuredAmount>0.125</catESAD_cu:MeasuredAmount><catESAD_cu:MeasureUnitQualifierName>М</catESAD_cu:MeasureUnitQualifierName><catESAD_cu:MeasureUnitQualifierCode>006</catESAD_cu:MeasureUnitQualifierCode></catESAD_cu:WidthMeasure><catESAD_cu:HeightMeasure><catESAD_cu:MeasuredAmount>0.018</catESAD_cu:MeasuredAmount><catESAD_cu:MeasureUnitQualifierName>М</catESAD_cu:MeasureUnitQualifierName><catESAD_cu:MeasureUnitQualifierCode>006</catESAD_cu:MeasureUnitQualifierCode></catESAD_cu:HeightMeasure></catESAD_cu:Dimensions><catESAD_cu:GoodsGroupQuantity><catESAD_cu:GoodsQuantity>5.66834</catESAD_cu:GoodsQuantity><catESAD_cu:MeasureUnitQualifierName>М3</catESAD_cu:MeasureUnitQualifierName><catESAD_cu:MeasureUnitQualifierCode>113</catESAD_cu:MeasureUnitQualifierCode></catESAD_cu:GoodsGroupQuantity><catESAD_cu:InvoicedCost>170</catESAD_cu:InvoicedCost></catESAD_cu:GoodsGroupInformation><catESAD_cu:GroupNum>3</catESAD_cu:GroupNum></catESAD_cu:GoodsGroupDescription><catESAD_cu:GoodsGroupDescription><catESAD_cu:GoodsDescription>ДЛИНА 3000ММ(ОТКЛ.+50ММ), ТОЛЩИНА 18ММ(ОТКЛ.+1ММ), ШИРИНА 105ММ(ОТКЛ.+2ММ), 3190ШТ., 160ДОЛ.США/М3-18.085М3/С ПРЕДЕЛЬНЫМ ОТКЛОНЕНИЕМ ОТ НОМИНАЛЬНЫХ РАЗМЕРОВ 19.78119М3</catESAD_cu:GoodsDescription><catESAD_cu:GoodsGroupInformation><catESAD_cu:Manufacturer>ООО "ЛЕСЗАГ" (3808001010)</catESAD_cu:Manufacturer><catESAD_cu:GoodsStandard>26002-83,24454-80,ФР 1.27.2014.17136</catESAD_cu:GoodsStandard><catESAD_cu:GoodsSort>5</catESAD_cu:GoodsSort><catESAD_cu:WoodDescriptionDetails><catESAD_cu:WoodSortiment>ЛИСТВЕННИЦА СИБИРСКАЯ</catESAD_cu:WoodSortiment><catESAD_cu:WoodKind>ЛИСТВЕННИЦА СИБИРСКА</catESAD_cu:WoodKind><catESAD_cu:DeviationDetails><catESAD_cu:LengthMeasure><catESAD_cu:MeasuredAmount>0.05</catESAD_cu:MeasuredAmount><catESAD_cu:MeasureUnitQualifierName>М</catESAD_cu:MeasureUnitQualifierName><catESAD_cu:MeasureUnitQualifierCode>006</catESAD_cu:MeasureUnitQualifierCode></catESAD_cu:LengthMeasure><catESAD_cu:WidthMeasure><catESAD_cu:MeasuredAmount>0.002</catESAD_cu:MeasuredAmount><catESAD_cu:MeasureUnitQualifierName>М</catESAD_cu:MeasureUnitQualifierName><catESAD_cu:MeasureUnitQualifierCode>006</catESAD_cu:MeasureUnitQualifierCode></catESAD_cu:WidthMeasure><catESAD_cu:HeightMeasure><catESAD_cu:MeasuredAmount>0.001</catESAD_cu:MeasuredAmount><catESAD_cu:MeasureUnitQualifierName>М</catESAD_cu:MeasureUnitQualifierName><catESAD_cu:MeasureUnitQualifierCode>006</catESAD_cu:MeasureUnitQualifierCode></catESAD_cu:HeightMeasure></catESAD_cu:DeviationDetails><catESAD_cu:ContractVolumeMeasure><cat_ru:GoodsQuantity>18.085</cat_ru:GoodsQuantity><cat_ru:MeasureUnitQualifierName>М3</cat_ru:MeasureUnitQualifierName><cat_ru:MeasureUnitQualifierCode>113</cat_ru:MeasureUnitQualifierCode></catESAD_cu:ContractVolumeMeasure><catESAD_cu:FactVolumeMeasure><cat_ru:GoodsQuantity>19.78119</cat_ru:GoodsQuantity><cat_ru:MeasureUnitQualifierName>М3</cat_ru:MeasureUnitQualifierName><cat_ru:MeasureUnitQualifierCode>113</cat_ru:MeasureUnitQualifierCode></catESAD_cu:FactVolumeMeasure></catESAD_cu:WoodDescriptionDetails><catESAD_cu:Dimensions><catESAD_cu:LengthMeasure><catESAD_cu:MeasuredAmount>3</catESAD_cu:MeasuredAmount><catESAD_cu:MeasureUnitQualifierName>М</catESAD_cu:MeasureUnitQualifierName><catESAD_cu:MeasureUnitQualifierCode>006</catESAD_cu:MeasureUnitQualifierCode></catESAD_cu:LengthMeasure><catESAD_cu:WidthMeasure><catESAD_cu:MeasuredAmount>0.105</catESAD_cu:MeasuredAmount><catESAD_cu:MeasureUnitQualifierName>М</catESAD_cu:MeasureUnitQualifierName><catESAD_cu:MeasureUnitQualifierCode>006</catESAD_cu:MeasureUnitQualifierCode></catESAD_cu:WidthMeasure><catESAD_cu:HeightMeasure><catESAD_cu:MeasuredAmount>0.018</catESAD_cu:MeasuredAmount><catESAD_cu:MeasureUnitQualifierName>М</catESAD_cu:MeasureUnitQualifierName><catESAD_cu:MeasureUnitQualifierCode>006</catESAD_cu:MeasureUnitQualifierCode></catESAD_cu:HeightMeasure></catESAD_cu:Dimensions><catESAD_cu:GoodsGroupQuantity><catESAD_cu:GoodsQuantity>19.78119</catESAD_cu:GoodsQuantity><catESAD_cu:MeasureUnitQualifierName>М3</catESAD_cu:MeasureUnitQualifierName><catESAD_cu:MeasureUnitQualifierCode>113</catESAD_cu:MeasureUnitQualifierCode></catESAD_cu:GoodsGroupQuantity><catESAD_cu:InvoicedCost>160</catESAD_cu:InvoicedCost></catESAD_cu:GoodsGroupInformation><catESAD_cu:GroupNum>4</catESAD_cu:GroupNum></catESAD_cu:GoodsGroupDescription><catESAD_cu:GoodsGroupDescription><catESAD_cu:GoodsDescription>ДЛИНА 4000ММ(ОТКЛ.+50ММ), ТОЛЩИНА 18ММ(ОТКЛ.+1ММ), ШИРИНА 105ММ(ОТКЛ.+2ММ), 1656ШТ., 160ДОЛ.США/М3-12.518М3/С ПРЕДЕЛЬНЫМ ОТКЛОНЕНИЕМ ОТ НОМИНАЛЬНЫХ РАЗМЕРОВ 13.635504М3</catESAD_cu:GoodsDescription><catESAD_cu:GoodsGroupInformation><catESAD_cu:Manufacturer>ООО "ЛЕСЗАГ" (3808001010)</catESAD_cu:Manufacturer><catESAD_cu:GoodsStandard>26002-83,24454-80,ФР 1.27.2014.17136</catESAD_cu:GoodsStandard><catESAD_cu:GoodsSort>5</catESAD_cu:GoodsSort><catESAD_cu:WoodDescriptionDetails><catESAD_cu:WoodSortiment>ЛИСТВЕННИЦА СИБИРСКАЯ</catESAD_cu:WoodSortiment><catESAD_cu:WoodKind>ЛИСТВЕННИЦА СИБИРСКА</catESAD_cu:WoodKind><catESAD_cu:DeviationDetails><catESAD_cu:LengthMeasure><catESAD_cu:MeasuredAmount>0.05</catESAD_cu:MeasuredAmount><catESAD_cu:MeasureUnitQualifierName>М</catESAD_cu:MeasureUnitQualifierName><catESAD_cu:MeasureUnitQualifierCode>006</catESAD_cu:MeasureUnitQualifierCode></catESAD_cu:LengthMeasure><catESAD_cu:WidthMeasure><catESAD_cu:MeasuredAmount>0.002</catESAD_cu:MeasuredAmount><catESAD_cu:MeasureUnitQualifierName>М</catESAD_cu:MeasureUnitQualifierName><catESAD_cu:MeasureUnitQualifierCode>006</catESAD_cu:MeasureUnitQualifierCode></catESAD_cu:WidthMeasure><catESAD_cu:HeightMeasure><catESAD_cu:MeasuredAmount>0.001</catESAD_cu:MeasuredAmount><catESAD_cu:MeasureUnitQualifierName>М</catESAD_cu:MeasureUnitQualifierName><catESAD_cu:MeasureUnitQualifierCode>006</catESAD_cu:MeasureUnitQualifierCode></catESAD_cu:HeightMeasure></catESAD_cu:DeviationDetails><catESAD_cu:ContractVolumeMeasure><cat_ru:GoodsQuantity>12.518</cat_ru:GoodsQuantity><cat_ru:MeasureUnitQualifierName>М3</cat_ru:MeasureUnitQualifierName><cat_ru:MeasureUnitQualifierCode>113</cat_ru:MeasureUnitQualifierCode></catESAD_cu:ContractVolumeMeasure><catESAD_cu:FactVolumeMeasure><cat_ru:GoodsQuantity>13.635504</cat_ru:GoodsQuantity><cat_ru:MeasureUnitQualifierName>М3</cat_ru:MeasureUnitQualifierName><cat_ru:MeasureUnitQualifierCode>113</cat_ru:MeasureUnitQualifierCode></catESAD_cu:FactVolumeMeasure></catESAD_cu:WoodDescriptionDetails><catESAD_cu:Dimensions><catESAD_cu:LengthMeasure><catESAD_cu:MeasuredAmount>4</catESAD_cu:MeasuredAmount><catESAD_cu:MeasureUnitQualifierName>М</catESAD_cu:MeasureUnitQualifierName><catESAD_cu:MeasureUnitQualifierCode>006</catESAD_cu:MeasureUnitQualifierCode></catESAD_cu:LengthMeasure><catESAD_cu:WidthMeasure><catESAD_cu:MeasuredAmount>0.105</catESAD_cu:MeasuredAmount><catESAD_cu:MeasureUnitQualifierName>М</catESAD_cu:MeasureUnitQualifierName><catESAD_cu:MeasureUnitQualifierCode>006</catESAD_cu:MeasureUnitQualifierCode></catESAD_cu:WidthMeasure><catESAD_cu:HeightMeasure><catESAD_cu:MeasuredAmount>0.018</catESAD_cu:MeasuredAmount><catESAD_cu:MeasureUnitQualifierName>М</catESAD_cu:MeasureUnitQualifierName><catESAD_cu:MeasureUnitQualifierCode>006</catESAD_cu:MeasureUnitQualifierCode></catESAD_cu:HeightMeasure></catESAD_cu:Dimensions><catESAD_cu:GoodsGroupQuantity><catESAD_cu:GoodsQuantity>13.635504</catESAD_cu:GoodsQuantity><catESAD_cu:MeasureUnitQualifierName>М3</catESAD_cu:MeasureUnitQualifierName><catESAD_cu:MeasureUnitQualifierCode>113</catESAD_cu:MeasureUnitQualifierCode></catESAD_cu:GoodsGroupQuantity><catESAD_cu:InvoicedCost>160</catESAD_cu:InvoicedCost></catESAD_cu:GoodsGroupInformation><catESAD_cu:GroupNum>5</catESAD_cu:GroupNum></catESAD_cu:GoodsGroupDescription><catESAD_cu:GoodsGroupDescription><catESAD_cu:GoodsDescription>ДЛИНА 3000ММ(ОТКЛ.+50ММ), ТОЛЩИНА 18ММ(ОТКЛ.+1ММ), ШИРИНА 125ММ(ОТКЛ.+2ММ), 1160ШТ., 160ДОЛ.США/М3-7.83М3/С ПРЕДЕЛЬНЫМ ОТКЛОНЕНИЕМ ОТ НОМИНАЛЬНЫХ РАЗМЕРОВ 8.5376М3</catESAD_cu:GoodsDescription><catESAD_cu:GoodsGroupInformation><catESAD_cu:Manufacturer>ООО "ЛЕСЗАГ" (3808001010)</catESAD_cu:Manufacturer><catESAD_cu:GoodsStandard>26002-83,24454-80,ФР 1.27.2014.17136</catESAD_cu:GoodsStandard><catESAD_cu:GoodsSort>5</catESAD_cu:GoodsSort><catESAD_cu:WoodDescriptionDetails><catESAD_cu:WoodSortiment>ЛИСТВЕННИЦА СИБИРСКАЯ</catESAD_cu:WoodSortiment><catESAD_cu:WoodKind>ЛИСТВЕННИЦА СИБИРСКА</catESAD_cu:WoodKind><catESAD_cu:DeviationDetails><catESAD_cu:LengthMeasure><catESAD_cu:MeasuredAmount>0.05</catESAD_cu:MeasuredAmount><catESAD_cu:MeasureUnitQualifierName>М</catESAD_cu:MeasureUnitQualifierName><catESAD_cu:MeasureUnitQualifierCode>006</catESAD_cu:MeasureUnitQualifierCode></catESAD_cu:LengthMeasure><catESAD_cu:WidthMeasure><catESAD_cu:MeasuredAmount>0.002</catESAD_cu:MeasuredAmount><catESAD_cu:MeasureUnitQualifierName>М</catESAD_cu:MeasureUnitQualifierName><catESAD_cu:MeasureUnitQualifierCode>006</catESAD_cu:MeasureUnitQualifierCode></catESAD_cu:WidthMeasure><catESAD_cu:HeightMeasure><catESAD_cu:MeasuredAmount>0.001</catESAD_cu:MeasuredAmount><catESAD_cu:MeasureUnitQualifierName>М</catESAD_cu:MeasureUnitQualifierName><catESAD_cu:MeasureUnitQualifierCode>006</catESAD_cu:MeasureUnitQualifierCode></catESAD_cu:HeightMeasure></catESAD_cu:DeviationDetails><catESAD_cu:ContractVolumeMeasure><cat_ru:GoodsQuantity>7.83</cat_ru:GoodsQuantity><cat_ru:MeasureUnitQualifierName>М3</cat_ru:MeasureUnitQualifierName><cat_ru:MeasureUnitQualifierCode>113</cat_ru:MeasureUnitQualifierCode></catESAD_cu:ContractVolumeMeasure><catESAD_cu:FactVolumeMeasure><cat_ru:GoodsQuantity>8.5376</cat_ru:GoodsQuantity><cat_ru:MeasureUnitQualifierName>М3</cat_ru:MeasureUnitQualifierName><cat_ru:MeasureUnitQualifierCode>113</cat_ru:MeasureUnitQualifierCode></catESAD_cu:FactVolumeMeasure></catESAD_cu:WoodDescriptionDetails><catESAD_cu:Dimensions><catESAD_cu:LengthMeasure><catESAD_cu:MeasuredAmount>3</catESAD_cu:MeasuredAmount><catESAD_cu:MeasureUnitQualifierName>М</catESAD_cu:MeasureUnitQualifierName><catESAD_cu:MeasureUnitQualifierCode>006</catESAD_cu:MeasureUnitQualifierCode></catESAD_cu:LengthMeasure><catESAD_cu:WidthMeasure><catESAD_cu:MeasuredAmount>0.125</catESAD_cu:MeasuredAmount><catESAD_cu:MeasureUnitQualifierName>М</catESAD_cu:MeasureUnitQualifierName><catESAD_cu:MeasureUnitQualifierCode>006</catESAD_cu:MeasureUnitQualifierCode></catESAD_cu:WidthMeasure><catESAD_cu:HeightMeasure><catESAD_cu:MeasuredAmount>0.018</catESAD_cu:MeasuredAmount><catESAD_cu:MeasureUnitQualifierName>М</catESAD_cu:MeasureUnitQualifierName><catESAD_cu:MeasureUnitQualifierCode>006</catESAD_cu:MeasureUnitQualifierCode></catESAD_cu:HeightMeasure></catESAD_cu:Dimensions><catESAD_cu:GoodsGroupQuantity><catESAD_cu:GoodsQuantity>8.5376</catESAD_cu:GoodsQuantity><catESAD_cu:MeasureUnitQualifierName>М3</catESAD_cu:MeasureUnitQualifierName><catESAD_cu:MeasureUnitQualifierCode>113</catESAD_cu:MeasureUnitQualifierCode></catESAD_cu:GoodsGroupQuantity><catESAD_cu:InvoicedCost>160</catESAD_cu:InvoicedCost></catESAD_cu:GoodsGroupInformation><catESAD_cu:GroupNum>6</catESAD_cu:GroupNum></catESAD_cu:GoodsGroupDescription><catESAD_cu:GoodsGroupDescription><catESAD_cu:GoodsDescription>ДЛИНА 4000ММ(ОТКЛ.+50ММ), ТОЛЩИНА 18ММ(ОТКЛ.+1ММ), ШИРИНА 125ММ(ОТКЛ.+2ММ), 1740ШТ., 160ДОЛ.США/М3-15.66М3/С ПРЕДЕЛЬНЫМ ОТКЛОНЕНИЕМ ОТ НОМИНАЛЬНЫХ РАЗМЕРОВ 17.00502М3</catESAD_cu:GoodsDescription><catESAD_cu:GoodsGroupInformation><catESAD_cu:Manufacturer>ООО "ЛЕСЗАГ" (3808001010)</catESAD_cu:Manufacturer><catESAD_cu:GoodsStandard>26002-83,24454-80,ФР 1.27.2014.17136</catESAD_cu:GoodsStandard><catESAD_cu:GoodsSort>5</catESAD_cu:GoodsSort><catESAD_cu:WoodDescriptionDetails><catESAD_cu:WoodSortiment>ЛИСТВЕННИЦА СИБИРСКАЯ</catESAD_cu:WoodSortiment><catESAD_cu:WoodKind>ЛИСТВЕННИЦА СИБИРСКА</catESAD_cu:WoodKind><catESAD_cu:DeviationDetails><catESAD_cu:LengthMeasure><catESAD_cu:MeasuredAmount>0.05</catESAD_cu:MeasuredAmount><catESAD_cu:MeasureUnitQualifierName>М</catESAD_cu:MeasureUnitQualifierName><catESAD_cu:MeasureUnitQualifierCode>006</catESAD_cu:MeasureUnitQualifierCode></catESAD_cu:LengthMeasure><catESAD_cu:WidthMeasure><catESAD_cu:MeasuredAmount>0.002</catESAD_cu:MeasuredAmount><catESAD_cu:MeasureUnitQualifierName>М</catESAD_cu:MeasureUnitQualifierName><catESAD_cu:MeasureUnitQualifierCode>006</catESAD_cu:MeasureUnitQualifierCode></catESAD_cu:WidthMeasure><catESAD_cu:HeightMeasure><catESAD_cu:MeasuredAmount>0.001</catESAD_cu:MeasuredAmount><catESAD_cu:MeasureUnitQualifierName>М</catESAD_cu:MeasureUnitQualifierName><catESAD_cu:MeasureUnitQualifierCode>006</catESAD_cu:MeasureUnitQualifierCode></catESAD_cu:HeightMeasure></catESAD_cu:DeviationDetails><catESAD_cu:ContractVolumeMeasure><cat_ru:GoodsQuantity>15.66</cat_ru:GoodsQuantity><cat_ru:MeasureUnitQualifierName>М3</cat_ru:MeasureUnitQualifierName><cat_ru:MeasureUnitQualifierCode>113</cat_ru:MeasureUnitQualifierCode></catESAD_cu:ContractVolumeMeasure><catESAD_cu:FactVolumeMeasure><cat_ru:GoodsQuantity>17.00502</cat_ru:GoodsQuantity><cat_ru:MeasureUnitQualifierName>М3</cat_ru:MeasureUnitQualifierName><cat_ru:MeasureUnitQualifierCode>113</cat_ru:MeasureUnitQualifierCode></catESAD_cu:FactVolumeMeasure></catESAD_cu:WoodDescriptionDetails><catESAD_cu:Dimensions><catESAD_cu:LengthMeasure><catESAD_cu:MeasuredAmount>4</catESAD_cu:MeasuredAmount><catESAD_cu:MeasureUnitQualifierName>М</catESAD_cu:MeasureUnitQualifierName><catESAD_cu:MeasureUnitQualifierCode>006</catESAD_cu:MeasureUnitQualifierCode></catESAD_cu:LengthMeasure><catESAD_cu:WidthMeasure><catESAD_cu:MeasuredAmount>0.125</catESAD_cu:MeasuredAmount><catESAD_cu:MeasureUnitQualifierName>М</catESAD_cu:MeasureUnitQualifierName><catESAD_cu:MeasureUnitQualifierCode>006</catESAD_cu:MeasureUnitQualifierCode></catESAD_cu:WidthMeasure><catESAD_cu:HeightMeasure><catESAD_cu:MeasuredAmount>0.018</catESAD_cu:MeasuredAmount><catESAD_cu:MeasureUnitQualifierName>М</catESAD_cu:MeasureUnitQualifierName><catESAD_cu:MeasureUnitQualifierCode>006</catESAD_cu:MeasureUnitQualifierCode></catESAD_cu:HeightMeasure></catESAD_cu:Dimensions><catESAD_cu:GoodsGroupQuantity><catESAD_cu:GoodsQuantity>17.00502</catESAD_cu:GoodsQuantity><catESAD_cu:MeasureUnitQualifierName>М3</catESAD_cu:MeasureUnitQualifierName><catESAD_cu:MeasureUnitQualifierCode>113</catESAD_cu:MeasureUnitQualifierCode></catESAD_cu:GoodsGroupQuantity><catESAD_cu:InvoicedCost>160</catESAD_cu:InvoicedCost></catESAD_cu:GoodsGroupInformation><catESAD_cu:GroupNum>7</catESAD_cu:GroupNum></catESAD_cu:GoodsGroupDescription><catESAD_cu:GoodsGroupDescription><catESAD_cu:GoodsDescription>ДЛИНА 4000ММ(ОТКЛ.+50ММ), ТОЛЩИНА 32ММ(ОТКЛ.+1ММ), ШИРИНА 150ММ(ОТКЛ.+2ММ), 308ШТ., 160ДОЛ.США/М3-5.912М3/С ПРЕДЕЛЬНЫМ ОТКЛОНЕНИЕМ ОТ НОМИНАЛЬНЫХ РАЗМЕРОВ 6.25548М3</catESAD_cu:GoodsDescription><catESAD_cu:GoodsGroupInformation><catESAD_cu:Manufacturer>ООО "ЛЕСЗАГ" (3808001010)</catESAD_cu:Manufacturer><catESAD_cu:GoodsStandard>26002-83,24454-80,ФР 1.27.2014.17136</catESAD_cu:GoodsStandard><catESAD_cu:GoodsSort>5</catESAD_cu:GoodsSort><catESAD_cu:WoodDescriptionDetails><catESAD_cu:WoodSortiment>ЛИСТВЕННИЦА СИБИРСКАЯ</catESAD_cu:WoodSortiment><catESAD_cu:WoodKind>ЛИСТВЕННИЦА СИБИРСКА</catESAD_cu:WoodKind><catESAD_cu:DeviationDetails><catESAD_cu:LengthMeasure><catESAD_cu:MeasuredAmount>0.05</catESAD_cu:MeasuredAmount><catESAD_cu:MeasureUnitQualifierName>М</catESAD_cu:MeasureUnitQualifierName><catESAD_cu:MeasureUnitQualifierCode>006</catESAD_cu:MeasureUnitQualifierCode></catESAD_cu:LengthMeasure><catESAD_cu:WidthMeasure><catESAD_cu:MeasuredAmount>0.002</catESAD_cu:MeasuredAmount><catESAD_cu:MeasureUnitQualifierName>М</catESAD_cu:MeasureUnitQualifierName><catESAD_cu:MeasureUnitQualifierCode>006</catESAD_cu:MeasureUnitQualifierCode></catESAD_cu:WidthMeasure><catESAD_cu:HeightMeasure><catESAD_cu:MeasuredAmount>0.001</catESAD_cu:MeasuredAmount><catESAD_cu:MeasureUnitQualifierName>М</catESAD_cu:MeasureUnitQualifierName><catESAD_cu:MeasureUnitQualifierCode>006</catESAD_cu:MeasureUnitQualifierCode></catESAD_cu:HeightMeasure></catESAD_cu:DeviationDetails><catESAD_cu:ContractVolumeMeasure><cat_ru:GoodsQuantity>5.912</cat_ru:GoodsQuantity><cat_ru:MeasureUnitQualifierName>М3</cat_ru:MeasureUnitQualifierName><cat_ru:MeasureUnitQualifierCode>113</cat_ru:MeasureUnitQualifierCode></catESAD_cu:ContractVolumeMeasure><catESAD_cu:FactVolumeMeasure><cat_ru:GoodsQuantity>6.25548</cat_ru:GoodsQuantity><cat_ru:MeasureUnitQualifierName>М3</cat_ru:MeasureUnitQualifierName><cat_ru:MeasureUnitQualifierCode>113</cat_ru:MeasureUnitQualifierCode></catESAD_cu:FactVolumeMeasure></catESAD_cu:WoodDescriptionDetails><catESAD_cu:Dimensions><catESAD_cu:LengthMeasure><catESAD_cu:MeasuredAmount>4</catESAD_cu:MeasuredAmount><catESAD_cu:MeasureUnitQualifierName>М</catESAD_cu:MeasureUnitQualifierName><catESAD_cu:MeasureUnitQualifierCode>006</catESAD_cu:MeasureUnitQualifierCode></catESAD_cu:LengthMeasure><catESAD_cu:WidthMeasure><catESAD_cu:MeasuredAmount>0.15</catESAD_cu:MeasuredAmount><catESAD_cu:MeasureUnitQualifierName>М</catESAD_cu:MeasureUnitQualifierName><catESAD_cu:MeasureUnitQualifierCode>006</catESAD_cu:MeasureUnitQualifierCode></catESAD_cu:WidthMeasure><catESAD_cu:HeightMeasure><catESAD_cu:MeasuredAmount>0.032</catESAD_cu:MeasuredAmount><catESAD_cu:MeasureUnitQualifierName>М</catESAD_cu:MeasureUnitQualifierName><catESAD_cu:MeasureUnitQualifierCode>006</catESAD_cu:MeasureUnitQualifierCode></catESAD_cu:HeightMeasure></catESAD_cu:Dimensions><catESAD_cu:GoodsGroupQuantity><catESAD_cu:GoodsQuantity>6.25548</catESAD_cu:GoodsQuantity><catESAD_cu:MeasureUnitQualifierName>М3</catESAD_cu:MeasureUnitQualifierName><catESAD_cu:MeasureUnitQualifierCode>113</catESAD_cu:MeasureUnitQualifierCode></catESAD_cu:GoodsGroupQuantity><catESAD_cu:InvoicedCost>160</catESAD_cu:InvoicedCost></catESAD_cu:GoodsGroupInformation><catESAD_cu:GroupNum>8</catESAD_cu:GroupNum></catESAD_cu:GoodsGroupDescription><catESAD_cu:GoodsGroupDescription><catESAD_cu:GoodsDescription>ДЛИНА 4000ММ(ОТКЛ.+50ММ), ТОЛЩИНА 18ММ(ОТКЛ.+1ММ), ШИРИНА 105ММ(ОТКЛ.+2ММ), 190ШТ., 140ДОЛ.США/М3-1.436М3/С ПРЕДЕЛЬНЫМ ОТКЛОНЕНИЕМ ОТ НОМИНАЛЬНЫХ РАЗМЕРОВ 1.56446М3</catESAD_cu:GoodsDescription><catESAD_cu:GoodsGroupInformation><catESAD_cu:Manufacturer>ООО "ЛЕСЗАГ" (3808001010)</catESAD_cu:Manufacturer><catESAD_cu:GoodsStandard>8486-86,24454-80,ФР 1.27.2014.17136</catESAD_cu:GoodsStandard><catESAD_cu:GoodsSort>4</catESAD_cu:GoodsSort><catESAD_cu:WoodDescriptionDetails><catESAD_cu:WoodSortiment>ЛИСТВЕННИЦА СИБИРСКАЯ</catESAD_cu:WoodSortiment><catESAD_cu:WoodKind>ЛИСТВЕННИЦА СИБИРСКА</catESAD_cu:WoodKind><catESAD_cu:DeviationDetails><catESAD_cu:LengthMeasure><catESAD_cu:MeasuredAmount>0.05</catESAD_cu:MeasuredAmount><catESAD_cu:MeasureUnitQualifierName>М</catESAD_cu:MeasureUnitQualifierName><catESAD_cu:MeasureUnitQualifierCode>006</catESAD_cu:MeasureUnitQualifierCode></catESAD_cu:LengthMeasure><catESAD_cu:WidthMeasure><catESAD_cu:MeasuredAmount>0.002</catESAD_cu:MeasuredAmount><catESAD_cu:MeasureUnitQualifierName>М</catESAD_cu:MeasureUnitQualifierName><catESAD_cu:MeasureUnitQualifierCode>006</catESAD_cu:MeasureUnitQualifierCode></catESAD_cu:WidthMeasure><catESAD_cu:HeightMeasure><catESAD_cu:MeasuredAmount>0.001</catESAD_cu:MeasuredAmount><catESAD_cu:MeasureUnitQualifierName>М</catESAD_cu:MeasureUnitQualifierName><catESAD_cu:MeasureUnitQualifierCode>006</catESAD_cu:MeasureUnitQualifierCode></catESAD_cu:HeightMeasure></catESAD_cu:DeviationDetails><catESAD_cu:ContractVolumeMeasure><cat_ru:GoodsQuantity>1.436</cat_ru:GoodsQuantity><cat_ru:MeasureUnitQualifierName>М3</cat_ru:MeasureUnitQualifierName><cat_ru:MeasureUnitQualifierCode>113</cat_ru:MeasureUnitQualifierCode></catESAD_cu:ContractVolumeMeasure><catESAD_cu:FactVolumeMeasure><cat_ru:GoodsQuantity>1.56446</cat_ru:GoodsQuantity><cat_ru:MeasureUnitQualifierName>М3</cat_ru:MeasureUnitQualifierName><cat_ru:MeasureUnitQualifierCode>113</cat_ru:MeasureUnitQualifierCode></catESAD_cu:FactVolumeMeasure></catESAD_cu:WoodDescriptionDetails><catESAD_cu:Dimensions><catESAD_cu:LengthMeasure><catESAD_cu:MeasuredAmount>4</catESAD_cu:MeasuredAmount><catESAD_cu:MeasureUnitQualifierName>М</catESAD_cu:MeasureUnitQualifierName><catESAD_cu:MeasureUnitQualifierCode>006</catESAD_cu:MeasureUnitQualifierCode></catESAD_cu:LengthMeasure><catESAD_cu:WidthMeasure><catESAD_cu:MeasuredAmount>0.105</catESAD_cu:MeasuredAmount><catESAD_cu:MeasureUnitQualifierName>М</catESAD_cu:MeasureUnitQualifierName><catESAD_cu:MeasureUnitQualifierCode>006</catESAD_cu:MeasureUnitQualifierCode></catESAD_cu:WidthMeasure><catESAD_cu:HeightMeasure><catESAD_cu:MeasuredAmount>0.018</catESAD_cu:MeasuredAmount><catESAD_cu:MeasureUnitQualifierName>М</catESAD_cu:MeasureUnitQualifierName><catESAD_cu:MeasureUnitQualifierCode>006</catESAD_cu:MeasureUnitQualifierCode></catESAD_cu:HeightMeasure></catESAD_cu:Dimensions><catESAD_cu:GoodsGroupQuantity><catESAD_cu:GoodsQuantity>1.56446</catESAD_cu:GoodsQuantity><catESAD_cu:MeasureUnitQualifierName>М3</catESAD_cu:MeasureUnitQualifierName><catESAD_cu:MeasureUnitQualifierCode>113</catESAD_cu:MeasureUnitQualifierCode></catESAD_cu:GoodsGroupQuantity><catESAD_cu:InvoicedCost>140</catESAD_cu:InvoicedCost></catESAD_cu:GoodsGroupInformation><catESAD_cu:GroupNum>9</catESAD_cu:GroupNum></catESAD_cu:GoodsGroupDescription><catESAD_cu:GoodsGroupDescription><catESAD_cu:GoodsDescription>ДЛИНА 4000ММ(ОТКЛ.+50ММ), ТОЛЩИНА 32ММ(ОТКЛ.+1ММ), ШИРИНА 150ММ(ОТКЛ.+2ММ), 77ШТ., 140ДОЛ.США/М3-1.478М3/С ПРЕДЕЛЬНЫМ ОТКЛОНЕНИЕМ ОТ НОМИНАЛЬНЫХ РАЗМЕРОВ 1.56387М3</catESAD_cu:GoodsDescription><catESAD_cu:GoodsGroupInformation><catESAD_cu:Manufacturer>ООО "ЛЕСЗАГ" (3808001010)</catESAD_cu:Manufacturer><catESAD_cu:GoodsStandard>8486-86,24454-80,ФР 1.27.2014.17136</catESAD_cu:GoodsStandard><catESAD_cu:GoodsSort>4</catESAD_cu:GoodsSort><catESAD_cu:WoodDescriptionDetails><catESAD_cu:WoodSortiment>ЛИСТВЕННИЦА СИБИРСКАЯ</catESAD_cu:WoodSortiment><catESAD_cu:WoodKind>ЛИСТВЕННИЦА СИБИРСКА</catESAD_cu:WoodKind><catESAD_cu:DeviationDetails><catESAD_cu:LengthMeasure><catESAD_cu:MeasuredAmount>0.05</catESAD_cu:MeasuredAmount><catESAD_cu:MeasureUnitQualifierName>М</catESAD_cu:MeasureUnitQualifierName><catESAD_cu:MeasureUnitQualifierCode>006</catESAD_cu:MeasureUnitQualifierCode></catESAD_cu:LengthMeasure><catESAD_cu:WidthMeasure><catESAD_cu:MeasuredAmount>0.002</catESAD_cu:MeasuredAmount><catESAD_cu:MeasureUnitQualifierName>М</catESAD_cu:MeasureUnitQualifierName><catESAD_cu:MeasureUnitQualifierCode>006</catESAD_cu:MeasureUnitQualifierCode></catESAD_cu:WidthMeasure><catESAD_cu:HeightMeasure><catESAD_cu:MeasuredAmount>0.001</catESAD_cu:MeasuredAmount><catESAD_cu:MeasureUnitQualifierName>М</catESAD_cu:MeasureUnitQualifierName><catESAD_cu:MeasureUnitQualifierCode>006</catESAD_cu:MeasureUnitQualifierCode></catESAD_cu:HeightMeasure></catESAD_cu:DeviationDetails><catESAD_cu:ContractVolumeMeasure><cat_ru:GoodsQuantity>1.478</cat_ru:GoodsQuantity><cat_ru:MeasureUnitQualifierName>М3</cat_ru:MeasureUnitQualifierName><cat_ru:MeasureUnitQualifierCode>113</cat_ru:MeasureUnitQualifierCode></catESAD_cu:ContractVolumeMeasure><catESAD_cu:FactVolumeMeasure><cat_ru:GoodsQuantity>1.56387</cat_ru:GoodsQuantity><cat_ru:MeasureUnitQualifierName>М3</cat_ru:MeasureUnitQualifierName><cat_ru:MeasureUnitQualifierCode>113</cat_ru:MeasureUnitQualifierCode></catESAD_cu:FactVolumeMeasure></catESAD_cu:WoodDescriptionDetails><catESAD_cu:Dimensions><catESAD_cu:LengthMeasure><catESAD_cu:MeasuredAmount>4</catESAD_cu:MeasuredAmount><catESAD_cu:MeasureUnitQualifierName>М</catESAD_cu:MeasureUnitQualifierName><catESAD_cu:MeasureUnitQualifierCode>006</catESAD_cu:MeasureUnitQualifierCode></catESAD_cu:LengthMeasure><catESAD_cu:WidthMeasure><catESAD_cu:MeasuredAmount>0.15</catESAD_cu:MeasuredAmount><catESAD_cu:MeasureUnitQualifierName>М</catESAD_cu:MeasureUnitQualifierName><catESAD_cu:MeasureUnitQualifierCode>006</catESAD_cu:MeasureUnitQualifierCode></catESAD_cu:WidthMeasure><catESAD_cu:HeightMeasure><catESAD_cu:MeasuredAmount>0.032</catESAD_cu:MeasuredAmount><catESAD_cu:MeasureUnitQualifierName>М</catESAD_cu:MeasureUnitQualifierName><catESAD_cu:MeasureUnitQualifierCode>006</catESAD_cu:MeasureUnitQualifierCode></catESAD_cu:HeightMeasure></catESAD_cu:Dimensions><catESAD_cu:GoodsGroupQuantity><catESAD_cu:GoodsQuantity>1.56387</catESAD_cu:GoodsQuantity><catESAD_cu:MeasureUnitQualifierName>М3</catESAD_cu:MeasureUnitQualifierName><catESAD_cu:MeasureUnitQualifierCode>113</catESAD_cu:MeasureUnitQualifierCode></catESAD_cu:GoodsGroupQuantity><catESAD_cu:InvoicedCost>140</catESAD_cu:InvoicedCost></catESAD_cu:GoodsGroupInformation><catESAD_cu:GroupNum>10</catESAD_cu:GroupNum></catESAD_cu:GoodsGroupDescription><catESAD_cu:Preferencii><catESAD_cu:CustomsTax>ОО</catESAD_cu:CustomsTax><catESAD_cu:CustomsDuty>--</catESAD_cu:CustomsDuty><catESAD_cu:Excise>-</catESAD_cu:Excise><catESAD_cu:Rate>--</catESAD_cu:Rate></catESAD_cu:Preferencii><LanguageGoods>RU</LanguageGoods><ESADout_CUPresentedDocument><cat_ru:PrDocumentName>КОНОСАМЕНТ</cat_ru:PrDocumentName><catESAD_cu:PresentedDocumentModeCode>02011</catESAD_cu:PresentedDocumentModeCode><catESAD_cu:RecordID>2380357A-E013-459E-A825-8853B73FA5E0</catESAD_cu:RecordID><RUDECLcat:DocumentPresentingDetails><RUDECLcat:DocPresentKindCode>3</RUDECLcat:DocPresentKindCode><RUDECLcat:PresentedDocumentModeCode>02011</RUDECLcat:PresentedDocumentModeCode></RUDECLcat:DocumentPresentingDetails></ESADout_CUPresentedDocument><ESADout_CUPresentedDocument><cat_ru:PrDocumentName>ДОГОВОР (КОНТРАКТ), ЗАКЛЮЧЕННЫЙ ПРИ СОВЕРШЕНИИ ВНЕШНЕЭКОНОМИЧЕСКОЙ СДЕЛКИ</cat_ru:PrDocumentName><cat_ru:PrDocumentNumber>4/Э-01/2011</cat_ru:PrDocumentNumber><cat_ru:PrDocumentDate>2011-01-13</cat_ru:PrDocumentDate><catESAD_cu:PresentedDocumentModeCode>03011</catESAD_cu:PresentedDocumentModeCode><catESAD_cu:RecordID>EFAED3EA-124E-465D-BB46-9736C3AFE675</catESAD_cu:RecordID><RUDECLcat:DocumentPresentingDetails><RUDECLcat:DocPresentKindCode>2</RUDECLcat:DocPresentKindCode><RUDECLcat:PresentedDocumentModeCode>03011</RUDECLcat:PresentedDocumentModeCode><RUDECLcat:CustomsDocIdDetails><cat_ru:CustomsCode>10607090</cat_ru:CustomsCode><cat_ru:RegistrationDate>2017-09-07</cat_ru:RegistrationDate><cat_ru:GTDNumber>0015595</cat_ru:GTDNumber></RUDECLcat:CustomsDocIdDetails></RUDECLcat:DocumentPresentingDetails></ESADout_CUPresentedDocument><ESADout_CUPresentedDocument><cat_ru:PrDocumentName>ДОКУМЕНТЫ, ВНОСЯЩИЕ ИЗМЕНЕНИЯ И (ИЛИ) ДОПОЛНЕНИЯ К ДОКУМЕНТУ, СВЕДЕНИЯ О КОТОРОМ УКАЗАНЫ ПОД КОДОМ 03011</cat_ru:PrDocumentName><cat_ru:PrDocumentNumber>9</cat_ru:PrDocumentNumber><cat_ru:PrDocumentDate>2016-12-12</cat_ru:PrDocumentDate><catESAD_cu:PresentedDocumentModeCode>03012</catESAD_cu:PresentedDocumentModeCode><catESAD_cu:RecordID>A156DC9F-DE13-4873-84DA-CAD4C53845B7</catESAD_cu:RecordID><RUDECLcat:DocumentPresentingDetails><RUDECLcat:DocPresentKindCode>2</RUDECLcat:DocPresentKindCode><RUDECLcat:PresentedDocumentModeCode>03012</RUDECLcat:PresentedDocumentModeCode><RUDECLcat:CustomsDocIdDetails><cat_ru:CustomsCode>10607090</cat_ru:CustomsCode><cat_ru:RegistrationDate>2017-09-07</cat_ru:RegistrationDate><cat_ru:GTDNumber>0015595</cat_ru:GTDNumber></RUDECLcat:CustomsDocIdDetails></RUDECLcat:DocumentPresentingDetails></ESADout_CUPresentedDocument><ESADout_CUPresentedDocument><cat_ru:PrDocumentName>ДОКУМЕНТЫ, ВНОСЯЩИЕ ИЗМЕНЕНИЯ И (ИЛИ) ДОПОЛНЕНИЯ К ДОКУМЕНТУ, СВЕДЕНИЯ О КОТОРОМ УКАЗАНЫ ПОД КОДОМ 03011</cat_ru:PrDocumentName><cat_ru:PrDocumentNumber>13</cat_ru:PrDocumentNumber><cat_ru:PrDocumentDate>2017-02-15</cat_ru:PrDocumentDate><catESAD_cu:PresentedDocumentModeCode>03012</catESAD_cu:PresentedDocumentModeCode><catESAD_cu:RecordID>3D3E152C-014E-4FD2-A165-FFEDF8669BF7</catESAD_cu:RecordID><RUDECLcat:DocumentPresentingDetails><RUDECLcat:DocPresentKindCode>2</RUDECLcat:DocPresentKindCode><RUDECLcat:PresentedDocumentModeCode>03012</RUDECLcat:PresentedDocumentModeCode><RUDECLcat:CustomsDocIdDetails><cat_ru:CustomsCode>10607090</cat_ru:CustomsCode><cat_ru:RegistrationDate>2017-09-07</cat_ru:RegistrationDate><cat_ru:GTDNumber>0015595</cat_ru:GTDNumber></RUDECLcat:CustomsDocIdDetails></RUDECLcat:DocumentPresentingDetails></ESADout_CUPresentedDocument><ESADout_CUPresentedDocument><cat_ru:PrDocumentName>ДОКУМЕНТЫ, ВНОСЯЩИЕ ИЗМЕНЕНИЯ И (ИЛИ) ДОПОЛНЕНИЯ К ДОКУМЕНТУ, СВЕДЕНИЯ О КОТОРОМ УКАЗАНЫ ПОД КОДОМ 03011</cat_ru:PrDocumentName><cat_ru:PrDocumentNumber>12</cat_ru:PrDocumentNumber><cat_ru:PrDocumentDate>2017-02-17</cat_ru:PrDocumentDate><catESAD_cu:PresentedDocumentModeCode>03012</catESAD_cu:PresentedDocumentModeCode><catESAD_cu:RecordID>CA0A9CF0-A624-4319-BBF3-2093446B40C0</catESAD_cu:RecordID><RUDECLcat:DocumentPresentingDetails><RUDECLcat:DocPresentKindCode>2</RUDECLcat:DocPresentKindCode><RUDECLcat:PresentedDocumentModeCode>03012</RUDECLcat:PresentedDocumentModeCode><RUDECLcat:CustomsDocIdDetails><cat_ru:CustomsCode>10607090</cat_ru:CustomsCode><cat_ru:RegistrationDate>2017-09-07</cat_ru:RegistrationDate><cat_ru:GTDNumber>0015595</cat_ru:GTDNumber></RUDECLcat:CustomsDocIdDetails></RUDECLcat:DocumentPresentingDetails></ESADout_CUPresentedDocument><ESADout_CUPresentedDocument><cat_ru:PrDocumentName>ДОКУМЕНТЫ, ВНОСЯЩИЕ ИЗМЕНЕНИЯ И (ИЛИ) ДОПОЛНЕНИЯ К ДОКУМЕНТУ, СВЕДЕНИЯ О КОТОРОМ УКАЗАНЫ ПОД КОДОМ 03011</cat_ru:PrDocumentName><cat_ru:PrDocumentNumber>25</cat_ru:PrDocumentNumber><cat_ru:PrDocumentDate>2017-09-06</cat_ru:PrDocumentDate><catESAD_cu:PresentedDocumentModeCode>03012</catESAD_cu:PresentedDocumentModeCode><catESAD_cu:RecordID>72C2FF56-01EA-4EE7-A516-1C7CC027893F</catESAD_cu:RecordID><RUDECLcat:DocumentPresentingDetails><RUDECLcat:DocPresentKindCode>2</RUDECLcat:DocPresentKindCode><RUDECLcat:PresentedDocumentModeCode>03012</RUDECLcat:PresentedDocumentModeCode><RUDECLcat:CustomsDocIdDetails><cat_ru:CustomsCode>10607090</cat_ru:CustomsCode><cat_ru:RegistrationDate>2017-09-12</cat_ru:RegistrationDate><cat_ru:GTDNumber>0015862</cat_ru:GTDNumber></RUDECLcat:CustomsDocIdDetails></RUDECLcat:DocumentPresentingDetails></ESADout_CUPresentedDocument><ESADout_CUPresentedDocument><cat_ru:PrDocumentName>УЧРЕДИТЕЛЬНЫЕ ДОКУМЕНТЫ</cat_ru:PrDocumentName><cat_ru:PrDocumentNumber>Б/Н</cat_ru:PrDocumentNumber><cat_ru:PrDocumentDate>2010-10-18</cat_ru:PrDocumentDate><catESAD_cu:PresentedDocumentModeCode>04011</catESAD_cu:PresentedDocumentModeCode><catESAD_cu:RecordID>7316C3A6-06E3-42C8-8BC2-4444024D512F</catESAD_cu:RecordID><RUDECLcat:DocumentPresentingDetails><RUDECLcat:DocPresentKindCode>2</RUDECLcat:DocPresentKindCode><RUDECLcat:PresentedDocumentModeCode>04011</RUDECLcat:PresentedDocumentModeCode><RUDECLcat:CustomsDocIdDetails><cat_ru:CustomsCode>10607090</cat_ru:CustomsCode><cat_ru:RegistrationDate>2017-09-05</cat_ru:RegistrationDate><cat_ru:GTDNumber>0015468</cat_ru:GTDNumber></RUDECLcat:CustomsDocIdDetails></RUDECLcat:DocumentPresentingDetails></ESADout_CUPresentedDocument><ESADout_CUPresentedDocument><cat_ru:PrDocumentName>СЧЕТ-ФАКТУРА (ИНВОЙС) К ДОГОВОРУ</cat_ru:PrDocumentName><cat_ru:PrDocumentNumber>69</cat_ru:PrDocumentNumber><cat_ru:PrDocumentDate>2017-09-29</cat_ru:PrDocumentDate><catESAD_cu:PresentedDocumentModeCode>04021</catESAD_cu:PresentedDocumentModeCode><catESAD_cu:RecordID>86DE8A97-B96C-4211-A730-E3ACC2E5BB48</catESAD_cu:RecordID><RUDECLcat:DocumentPresentingDetails><RUDECLcat:DocPresentKindCode>1</RUDECLcat:DocPresentKindCode><RUDECLcat:PresentedDocumentModeCode>04021</RUDECLcat:PresentedDocumentModeCode></RUDECLcat:DocumentPresentingDetails></ESADout_CUPresentedDocument><ESADout_CUPresentedDocument><cat_ru:PrDocumentName>ПАСПОРТ СДЕЛКИ</cat_ru:PrDocumentName><cat_ru:PrDocumentNumber>11010044/1481/0418/1/0</cat_ru:PrDocumentNumber><catESAD_cu:PresentedDocumentModeCode>03031</catESAD_cu:PresentedDocumentModeCode><catESAD_cu:RecordID>825FFF3D-AD4A-4790-9071-EC609B5621E9</catESAD_cu:RecordID><RUDECLcat:DocumentPresentingDetails><RUDECLcat:DocPresentKindCode>0</RUDECLcat:DocPresentKindCode><RUDECLcat:PresentedDocumentModeCode>03031</RUDECLcat:PresentedDocumentModeCode></RUDECLcat:DocumentPresentingDetails></ESADout_CUPresentedDocument><ESADout_CUPresentedDocument><cat_ru:PrDocumentName>ДЕКЛАРАЦИЯ О СДЕЛКАХ С ДРЕВЕСИНОЙ</cat_ru:PrDocumentName><cat_ru:PrDocumentNumber>0002081800004898003906089959</cat_ru:PrDocumentNumber><cat_ru:PrDocumentDate>2017-07-03</cat_ru:PrDocumentDate><catESAD_cu:PresentedDocumentModeCode>09032</catESAD_cu:PresentedDocumentModeCode><catESAD_cu:RecordID>32EE6701-F091-419C-8E18-29B9D10666C1</catESAD_cu:RecordID><RUDECLcat:DocumentPresentingDetails><RUDECLcat:DocPresentKindCode>0</RUDECLcat:DocPresentKindCode><RUDECLcat:PresentedDocumentModeCode>09032</RUDECLcat:PresentedDocumentModeCode></RUDECLcat:DocumentPresentingDetails></ESADout_CUPresentedDocument><ESADout_CUPresentedDocument><cat_ru:PrDocumentName>СВИДЕТЕЛЬСТВО О ПОСТАНОВКЕ НА УЧЕТ</cat_ru:PrDocumentName><cat_ru:PrDocumentNumber>39 №000615367</cat_ru:PrDocumentNumber><cat_ru:PrDocumentDate>2005-05-06</cat_ru:PrDocumentDate><catESAD_cu:PresentedDocumentModeCode>09999</catESAD_cu:PresentedDocumentModeCode><catESAD_cu:RecordID>42EBA090-6187-430A-B9BA-9EBB905AF834</catESAD_cu:RecordID><RUDECLcat:DocumentPresentingDetails><RUDECLcat:DocPresentKindCode>2</RUDECLcat:DocPresentKindCode><RUDECLcat:PresentedDocumentModeCode>09999</RUDECLcat:PresentedDocumentModeCode><RUDECLcat:CustomsDocIdDetails><cat_ru:CustomsCode>10607090</cat_ru:CustomsCode><cat_ru:RegistrationDate>2017-09-05</cat_ru:RegistrationDate><cat_ru:GTDNumber>0015468</cat_ru:GTDNumber></RUDECLcat:CustomsDocIdDetails></RUDECLcat:DocumentPresentingDetails></ESADout_CUPresentedDocument><ESADout_CUPresentedDocument><cat_ru:PrDocumentName>УВЕДОМЛЕНИЕ О ПОСТАНОВКЕ НА УЧЕТ</cat_ru:PrDocumentName><cat_ru:PrDocumentNumber>1414493</cat_ru:PrDocumentNumber><cat_ru:PrDocumentDate>2010-12-06</cat_ru:PrDocumentDate><catESAD_cu:PresentedDocumentModeCode>09999</catESAD_cu:PresentedDocumentModeCode><catESAD_cu:RecordID>AA074BDE-81AA-4769-9ADD-3340BDE00B70</catESAD_cu:RecordID><RUDECLcat:DocumentPresentingDetails><RUDECLcat:DocPresentKindCode>2</RUDECLcat:DocPresentKindCode><RUDECLcat:PresentedDocumentModeCode>09999</RUDECLcat:PresentedDocumentModeCode><RUDECLcat:CustomsDocIdDetails><cat_ru:CustomsCode>10607090</cat_ru:CustomsCode><cat_ru:RegistrationDate>2017-09-05</cat_ru:RegistrationDate><cat_ru:GTDNumber>0015468</cat_ru:GTDNumber></RUDECLcat:CustomsDocIdDetails></RUDECLcat:DocumentPresentingDetails></ESADout_CUPresentedDocument><ESADout_CUPresentedDocument><cat_ru:PrDocumentName>СВИДЕТЕЛЬСТВО О РЕГИСТРАЦИИ ЮР.ЛИЦА</cat_ru:PrDocumentName><cat_ru:PrDocumentNumber>39 001393687</cat_ru:PrDocumentNumber><cat_ru:PrDocumentDate>2010-11-12</cat_ru:PrDocumentDate><catESAD_cu:PresentedDocumentModeCode>09999</catESAD_cu:PresentedDocumentModeCode><catESAD_cu:RecordID>0F4130B4-7641-42AF-A3CD-98C5CB501597</catESAD_cu:RecordID><RUDECLcat:DocumentPresentingDetails><RUDECLcat:DocPresentKindCode>2</RUDECLcat:DocPresentKindCode><RUDECLcat:PresentedDocumentModeCode>09999</RUDECLcat:PresentedDocumentModeCode><RUDECLcat:CustomsDocIdDetails><cat_ru:CustomsCode>10607090</cat_ru:CustomsCode><cat_ru:RegistrationDate>2017-09-05</cat_ru:RegistrationDate><cat_ru:GTDNumber>0015468</cat_ru:GTDNumber></RUDECLcat:CustomsDocIdDetails></RUDECLcat:DocumentPresentingDetails></ESADout_CUPresentedDocument><ESADout_CUPresentedDocument><cat_ru:PrDocumentName>ДОГОВОР АРЕНДЫ</cat_ru:PrDocumentName><cat_ru:PrDocumentNumber>23-10-2010/ЛБ</cat_ru:PrDocumentNumber><cat_ru:PrDocumentDate>2010-10-23</cat_ru:PrDocumentDate><catESAD_cu:PresentedDocumentModeCode>09999</catESAD_cu:PresentedDocumentModeCode><catESAD_cu:RecordID>E612D664-E343-4B99-BC2F-18EF3C3D7848</catESAD_cu:RecordID><RUDECLcat:DocumentPresentingDetails><RUDECLcat:DocPresentKindCode>2</RUDECLcat:DocPresentKindCode><RUDECLcat:PresentedDocumentModeCode>09999</RUDECLcat:PresentedDocumentModeCode><RUDECLcat:CustomsDocIdDetails><cat_ru:CustomsCode>10607090</cat_ru:CustomsCode><cat_ru:RegistrationDate>2017-09-05</cat_ru:RegistrationDate><cat_ru:GTDNumber>0015468</cat_ru:GTDNumber></RUDECLcat:CustomsDocIdDetails></RUDECLcat:DocumentPresentingDetails></ESADout_CUPresentedDocument><ESADout_CUPresentedDocument><cat_ru:PrDocumentName>ДОП.СОГЛАШЕНИЕ К ДОГОВОРУ АРЕНДЫ</cat_ru:PrDocumentName><cat_ru:PrDocumentNumber>Б/Н</cat_ru:PrDocumentNumber><cat_ru:PrDocumentDate>2017-03-31</cat_ru:PrDocumentDate><catESAD_cu:PresentedDocumentModeCode>09999</catESAD_cu:PresentedDocumentModeCode><catESAD_cu:RecordID>685B1878-6075-4D89-AA16-25B39929601C</catESAD_cu:RecordID><RUDECLcat:DocumentPresentingDetails><RUDECLcat:DocPresentKindCode>2</RUDECLcat:DocPresentKindCode><RUDECLcat:PresentedDocumentModeCode>09999</RUDECLcat:PresentedDocumentModeCode><RUDECLcat:CustomsDocIdDetails><cat_ru:CustomsCode>10607090</cat_ru:CustomsCode><cat_ru:RegistrationDate>2017-09-05</cat_ru:RegistrationDate><cat_ru:GTDNumber>0015468</cat_ru:GTDNumber></RUDECLcat:CustomsDocIdDetails></RUDECLcat:DocumentPresentingDetails></ESADout_CUPresentedDocument><ESADout_CUPresentedDocument><cat_ru:PrDocumentName>РЕШЕНИЕ</cat_ru:PrDocumentName><cat_ru:PrDocumentNumber>БН</cat_ru:PrDocumentNumber><cat_ru:PrDocumentDate>2011-07-13</cat_ru:PrDocumentDate><catESAD_cu:PresentedDocumentModeCode>09999</catESAD_cu:PresentedDocumentModeCode><catESAD_cu:RecordID>31560D73-9819-40AC-A2DC-347F11C0DC12</catESAD_cu:RecordID><RUDECLcat:DocumentPresentingDetails><RUDECLcat:DocPresentKindCode>2</RUDECLcat:DocPresentKindCode><RUDECLcat:PresentedDocumentModeCode>09999</RUDECLcat:PresentedDocumentModeCode><RUDECLcat:CustomsDocIdDetails><cat_ru:CustomsCode>10607090</cat_ru:CustomsCode><cat_ru:RegistrationDate>2017-09-05</cat_ru:RegistrationDate><cat_ru:GTDNumber>0015468</cat_ru:GTDNumber></RUDECLcat:CustomsDocIdDetails></RUDECLcat:DocumentPresentingDetails></ESADout_CUPresentedDocument><ESADout_CUPresentedDocument><cat_ru:PrDocumentName>ДОВЕРЕННОСТЬ</cat_ru:PrDocumentName><cat_ru:PrDocumentNumber>БН</cat_ru:PrDocumentNumber><cat_ru:PrDocumentDate>2014-10-31</cat_ru:PrDocumentDate><catESAD_cu:PresentedDocumentModeCode>09999</catESAD_cu:PresentedDocumentModeCode><catESAD_cu:RecordID>FE78FE7B-819F-4C8E-816B-798ED072E48E</catESAD_cu:RecordID><RUDECLcat:DocumentPresentingDetails><RUDECLcat:DocPresentKindCode>2</RUDECLcat:DocPresentKindCode><RUDECLcat:PresentedDocumentModeCode>09999</RUDECLcat:PresentedDocumentModeCode><RUDECLcat:CustomsDocIdDetails><cat_ru:CustomsCode>10607090</cat_ru:CustomsCode><cat_ru:RegistrationDate>2017-09-05</cat_ru:RegistrationDate><cat_ru:GTDNumber>0015468</cat_ru:GTDNumber></RUDECLcat:CustomsDocIdDetails></RUDECLcat:DocumentPresentingDetails></ESADout_CUPresentedDocument><ESADout_CUPresentedDocument><cat_ru:PrDocumentName>ОБЯЗАТЕЛЬСТВО</cat_ru:PrDocumentName><cat_ru:PrDocumentNumber>Б/Н.</cat_ru:PrDocumentNumber><cat_ru:PrDocumentDate>2017-09-29</cat_ru:PrDocumentDate><catESAD_cu:PresentedDocumentModeCode>09999</catESAD_cu:PresentedDocumentModeCode><catESAD_cu:RecordID>330077B4-4CAE-437C-B795-188C8B4F1771</catESAD_cu:RecordID><RUDECLcat:DocumentPresentingDetails><RUDECLcat:DocPresentKindCode>1</RUDECLcat:DocPresentKindCode><RUDECLcat:PresentedDocumentModeCode>09999</RUDECLcat:PresentedDocumentModeCode></RUDECLcat:DocumentPresentingDetails></ESADout_CUPresentedDocument><ESADout_CUPresentedDocument><cat_ru:PrDocumentName>СПРАВКА ПО ПЕРЕВАЛКЕ</cat_ru:PrDocumentName><cat_ru:PrDocumentNumber>001-AD</cat_ru:PrDocumentNumber><cat_ru:PrDocumentDate>2017-01-01</cat_ru:PrDocumentDate><catESAD_cu:PresentedDocumentModeCode>09999</catESAD_cu:PresentedDocumentModeCode><catESAD_cu:RecordID>8E0B85B2-EF49-421E-BA5E-672BC61BD834</catESAD_cu:RecordID><RUDECLcat:DocumentPresentingDetails><RUDECLcat:DocPresentKindCode>2</RUDECLcat:DocPresentKindCode><RUDECLcat:PresentedDocumentModeCode>09999</RUDECLcat:PresentedDocumentModeCode><RUDECLcat:CustomsDocIdDetails><cat_ru:CustomsCode>10607090</cat_ru:CustomsCode><cat_ru:RegistrationDate>2017-09-07</cat_ru:RegistrationDate><cat_ru:GTDNumber>0015595</cat_ru:GTDNumber></RUDECLcat:CustomsDocIdDetails></RUDECLcat:DocumentPresentingDetails></ESADout_CUPresentedDocument><ESADout_CUPresentedDocument><cat_ru:PrDocumentName>ИНФОРМАЦИОННОЕ ПИСЬМО</cat_ru:PrDocumentName><cat_ru:PrDocumentNumber>БН</cat_ru:PrDocumentNumber><cat_ru:PrDocumentDate>2017-07-06</cat_ru:PrDocumentDate><catESAD_cu:PresentedDocumentModeCode>09999</catESAD_cu:PresentedDocumentModeCode><catESAD_cu:RecordID>E68436FD-DDD6-4DCC-82E7-7EF0900DD5FB</catESAD_cu:RecordID><RUDECLcat:DocumentPresentingDetails><RUDECLcat:DocPresentKindCode>2</RUDECLcat:DocPresentKindCode><RUDECLcat:PresentedDocumentModeCode>09999</RUDECLcat:PresentedDocumentModeCode><RUDECLcat:CustomsDocIdDetails><cat_ru:CustomsCode>10607090</cat_ru:CustomsCode><cat_ru:RegistrationDate>2017-09-05</cat_ru:RegistrationDate><cat_ru:GTDNumber>0015468</cat_ru:GTDNumber></RUDECLcat:CustomsDocIdDetails></RUDECLcat:DocumentPresentingDetails></ESADout_CUPresentedDocument><ESADout_CUPresentedDocument><cat_ru:PrDocumentName>ДОВЕРЕННОСТЬ</cat_ru:PrDocumentName><cat_ru:PrDocumentNumber>2-ИЛ</cat_ru:PrDocumentNumber><cat_ru:PrDocumentDate>2016-01-01</cat_ru:PrDocumentDate><catESAD_cu:PresentedDocumentModeCode>11003</catESAD_cu:PresentedDocumentModeCode><catESAD_cu:RecordID>EC09B97E-39D4-4F0E-B2C7-715726E26143</catESAD_cu:RecordID><RUDECLcat:DocumentPresentingDetails><RUDECLcat:DocPresentKindCode>2</RUDECLcat:DocPresentKindCode><RUDECLcat:PresentedDocumentModeCode>11003</RUDECLcat:PresentedDocumentModeCode><RUDECLcat:CustomsDocIdDetails><cat_ru:CustomsCode>10607090</cat_ru:CustomsCode><cat_ru:RegistrationDate>2017-09-05</cat_ru:RegistrationDate><cat_ru:GTDNumber>0015468</cat_ru:GTDNumber></RUDECLcat:CustomsDocIdDetails></RUDECLcat:DocumentPresentingDetails></ESADout_CUPresentedDocument><ESADout_CUPresentedDocument><cat_ru:PrDocumentName>ТРУДОВОЙ ДОГОВОР</cat_ru:PrDocumentName><cat_ru:PrDocumentNumber>2-ИЛ.</cat_ru:PrDocumentNumber><cat_ru:PrDocumentDate>2014-01-24</cat_ru:PrDocumentDate><catESAD_cu:PresentedDocumentModeCode>11003</catESAD_cu:PresentedDocumentModeCode><catESAD_cu:RecordID>A7295B3C-1024-4D9F-9F84-057712349398</catESAD_cu:RecordID><RUDECLcat:DocumentPresentingDetails><RUDECLcat:DocPresentKindCode>2</RUDECLcat:DocPresentKindCode><RUDECLcat:PresentedDocumentModeCode>11003</RUDECLcat:PresentedDocumentModeCode><RUDECLcat:CustomsDocIdDetails><cat_ru:CustomsCode>10607090</cat_ru:CustomsCode><cat_ru:RegistrationDate>2017-09-05</cat_ru:RegistrationDate><cat_ru:GTDNumber>0015468</cat_ru:GTDNumber></RUDECLcat:CustomsDocIdDetails></RUDECLcat:DocumentPresentingDetails></ESADout_CUPresentedDocument><ESADout_CUPresentedDocument><cat_ru:PrDocumentName>ПРИКАЗ</cat_ru:PrDocumentName><cat_ru:PrDocumentNumber>БН</cat_ru:PrDocumentNumber><cat_ru:PrDocumentDate>2014-01-24</cat_ru:PrDocumentDate><catESAD_cu:PresentedDocumentModeCode>11003</catESAD_cu:PresentedDocumentModeCode><catESAD_cu:RecordID>2485E523-3D2A-4786-AF58-FF936AB0E8E8</catESAD_cu:RecordID><RUDECLcat:DocumentPresentingDetails><RUDECLcat:DocPresentKindCode>2</RUDECLcat:DocPresentKindCode><RUDECLcat:PresentedDocumentModeCode>11003</RUDECLcat:PresentedDocumentModeCode><RUDECLcat:CustomsDocIdDetails><cat_ru:CustomsCode>10607090</cat_ru:CustomsCode><cat_ru:RegistrationDate>2017-09-05</cat_ru:RegistrationDate><cat_ru:GTDNumber>0015468</cat_ru:GTDNumber></RUDECLcat:CustomsDocIdDetails></RUDECLcat:DocumentPresentingDetails></ESADout_CUPresentedDocument><ESADout_CUCustomsPaymentCalculation><catESAD_cu:PaymentModeCode>1010</catESAD_cu:PaymentModeCode><catESAD_cu:PaymentAmount>750</catESAD_cu:PaymentAmount><catESAD_cu:PaymentCurrencyCode>643</catESAD_cu:PaymentCurrencyCode><catESAD_cu:TaxBase>686801.69</catESAD_cu:TaxBase><catESAD_cu:TaxBaseCurrencyCode>643</catESAD_cu:TaxBaseCurrencyCode><catESAD_cu:Rate>750</catESAD_cu:Rate><catESAD_cu:RateTypeCode>*</catESAD_cu:RateTypeCode><catESAD_cu:RateCurrencyCode>643</catESAD_cu:RateCurrencyCode><catESAD_cu:RateUseDate>2020-05-01</catESAD_cu:RateUseDate><catESAD_cu:PaymentCode>ИУ</catESAD_cu:PaymentCode></ESADout_CUCustomsPaymentCalculation><SupplementaryGoodsQuantity><cat_ru:GoodsQuantity>79.53</cat_ru:GoodsQuantity><cat_ru:MeasureUnitQualifierName>М3</cat_ru:MeasureUnitQualifierName><cat_ru:MeasureUnitQualifierCode>113</cat_ru:MeasureUnitQualifierCode></SupplementaryGoodsQuantity><ESADGoodsPackaging><catESAD_cu:PakageQuantity>23</catESAD_cu:PakageQuantity><catESAD_cu:PakageTypeCode>1</catESAD_cu:PakageTypeCode><catESAD_cu:PakagePartQuantity>0</catESAD_cu:PakagePartQuantity><catESAD_cu:PackagePalleteInformation><catESAD_cu:InfoKindCode>0</catESAD_cu:InfoKindCode><catESAD_cu:PalleteCode>BY</catESAD_cu:PalleteCode><catESAD_cu:PalleteQuantity>23</catESAD_cu:PalleteQuantity></catESAD_cu:PackagePalleteInformation></ESADGoodsPackaging><ESADCustomsProcedure><catESAD_cu:MainCustomsModeCode>10</catESAD_cu:MainCustomsModeCode><catESAD_cu:PrecedingCustomsModeCode>00</catESAD_cu:PrecedingCustomsModeCode><catESAD_cu:GoodsTransferFeature>000</catESAD_cu:GoodsTransferFeature></ESADCustomsProcedure></ESADout_CUGoods><ESADout_CUPayments><ESADout_CUCustomsPayment><catESAD_cu:PaymentModeCode>1010</catESAD_cu:PaymentModeCode><catESAD_cu:PaymentAmount>750</catESAD_cu:PaymentAmount><catESAD_cu:PaymentCurrencyCode>643</catESAD_cu:PaymentCurrencyCode><catESAD_cu:CurrencyRate>1</catESAD_cu:CurrencyRate><RFOrganizationFeatures><cat_ru:OGRN>1023900989749</cat_ru:OGRN><cat_ru:INN>3906089959</cat_ru:INN><cat_ru:KPP>390501001</cat_ru:KPP></RFOrganizationFeatures></ESADout_CUCustomsPayment></ESADout_CUPayments></ESADout_CUGoodsShipment><FilledPerson><RUDECLcat:SigningDetails><cat_ru:PersonSurname>БОРОДУЛИНА</cat_ru:PersonSurname><cat_ru:PersonName>ЮЛИЯ</cat_ru:PersonName><cat_ru:PersonMiddleName>ОЛЕГОВНА</cat_ru:PersonMiddleName><cat_ru:PersonPost>СПЕЦИАЛИСТ ПО ТАМОЖЕННОМУ ОФОРМЛЕНИЮ</cat_ru:PersonPost><RUScat_ru:CommunicationDetails><cat_ru:Phone>41-48-34</cat_ru:Phone></RUScat_ru:CommunicationDetails><RUScat_ru:SigningDate>2020-05-01T00:00:00</RUScat_ru:SigningDate></RUDECLcat:SigningDetails><RUDECLcat:SignatoryPersonIdentityDetails><RUScat_ru:IdentityCardCode>21</RUScat_ru:IdentityCardCode><RUScat_ru:IdentityCardName>ПАСРФ</RUScat_ru:IdentityCardName><RUScat_ru:IdentityCardSeries>25 04</RUScat_ru:IdentityCardSeries><RUScat_ru:IdentityCardNumber>227548</RUScat_ru:IdentityCardNumber><RUScat_ru:IdentityCardDate>2003-12-26</RUScat_ru:IdentityCardDate><RUScat_ru:OrganizationName>УПРАВЛЕНИЕМ ВНУТРЕННИХ ДЕЛ Г.БРАТСКА ИРКУТСКОЙ ОБЛ.</RUScat_ru:OrganizationName></RUDECLcat:SignatoryPersonIdentityDetails><RUDECLcat:PowerOfAttorneyDetails><cat_ru:PrDocumentName>ДОВЕРЕННОСТЬ</cat_ru:PrDocumentName><cat_ru:PrDocumentNumber>2-ИЛ</cat_ru:PrDocumentNumber><cat_ru:PrDocumentDate>2016-01-01</cat_ru:PrDocumentDate><RUScat_ru:DocStartDate>2016-01-01</RUScat_ru:DocStartDate><RUScat_ru:DocValidityDate>2018-12-31</RUScat_ru:DocValidityDate></RUDECLcat:PowerOfAttorneyDetails></FilledPerson></ESADout_CU>
		</DocBody></ContainerDoc></ED_Container>
<!--Local=10607120/120520/0100007-->