<?xml version="1.0" encoding="UTF-8"?>
<ED_Container xmlns="urn:customs.ru:Information:ExchangeDocuments:ED_Container:5.13.1" xmlns:CategoryCust="urn:customs.ru:Categories:3.0.0" xmlns:cat_ru="urn:customs.ru:CommonAggregateTypes:5.10.0" xmlns:clt_ru="urn:customs.ru:CommonLeafTypes:5.10.0" xmlns:xsi="http://www.w3.org/2001/XMLSchema-instance" DocumentModeID="1006058E"><cat_ru:DocumentID>E3EDB5EE-EBD2-4868-819E-1E58CEEF595C</cat_ru:DocumentID><ContainerDoc><DocBody><ESADout_CU xmlns="urn:customs.ru:Information:CustomsDocuments:ESADout_CU:5.17.0" xmlns:catESAD_cu="urn:customs.ru:CUESADCommonAggregateTypesCust:5.17.0" xmlns:nsi="urn:customs.ru:RUSCommonLeafTypes:5.14.3" xmlns:RUScat_ru="urn:customs.ru:RUSCommonAggregateTypes:5.16.0" xmlns:RUDECLcat="urn:customs.ru:RUDeclCommonAggregateTypesCust:5.17.0" xmlns:cltESAD_cu="urn:customs.ru:CUESADCommonLeafTypes:5.17.0" xmlns:CategoryCust="urn:customs.ru:Categories:3.0.0" xmlns:cat_ru="urn:customs.ru:CommonAggregateTypes:5.10.0" xmlns:clt_ru="urn:customs.ru:CommonLeafTypes:5.10.0" xmlns:xsi="http://www.w3.org/2001/XMLSchema-instance" DocumentModeID="1006107E"><cat_ru:DocumentID>89A51AE2-CECC-4F89-8F80-A2615E2DC2E4</cat_ru:DocumentID><EECEDocHeaderAddInfo><RUScat_ru:EDocCode>R.036</RUScat_ru:EDocCode><RUScat_ru:EDocDateTime>2020-05-13T00:00:00</RUScat_ru:EDocDateTime><RUScat_ru:LanguageCode>RU</RUScat_ru:LanguageCode><RUScat_ru:SourceCountryCode>RU</RUScat_ru:SourceCountryCode><RUScat_ru:DestinationCountryCode>RU</RUScat_ru:DestinationCountryCode></EECEDocHeaderAddInfo><CustomsProcedure>ЭК</CustomsProcedure><CustomsModeCode>10</CustomsModeCode><ElectronicDocumentSign>ЭД</ElectronicDocumentSign><DeclarationKind>НТД</DeclarationKind><RecipientCountryCode>RU</RecipientCountryCode><ESADout_CUGoodsShipment><catESAD_cu:OriginCountryName>РОССИЯ</catESAD_cu:OriginCountryName><catESAD_cu:OriginCountryCode>RU</catESAD_cu:OriginCountryCode><catESAD_cu:SpecificationNumber>4</catESAD_cu:SpecificationNumber><catESAD_cu:SpecificationListNumber>4</catESAD_cu:SpecificationListNumber><catESAD_cu:TotalGoodsNumber>1</catESAD_cu:TotalGoodsNumber><catESAD_cu:TotalPackageNumber>64</catESAD_cu:TotalPackageNumber><catESAD_cu:TotalSheetNumber>1</catESAD_cu:TotalSheetNumber><ESADout_CUConsignor><cat_ru:OrganizationName>ООО "КРАСАВТОЛОГИСТИК"</cat_ru:OrganizationName><cat_ru:RFOrganizationFeatures><cat_ru:OGRN>1072468011879</cat_ru:OGRN><cat_ru:INN>2462201393</cat_ru:INN><cat_ru:KPP>246501001</cat_ru:KPP></cat_ru:RFOrganizationFeatures><RUScat_ru:SubjectAddressDetails><RUScat_ru:PostalCode>660135</RUScat_ru:PostalCode><RUScat_ru:CountryCode>RU</RUScat_ru:CountryCode><RUScat_ru:CounryName>РОССИЯ</RUScat_ru:CounryName><RUScat_ru:Region>КРАСНОЯРСКИЙ КРАЙ</RUScat_ru:Region><RUScat_ru:City>Г. КРАСНОЯРСК</RUScat_ru:City><RUScat_ru:StreetHouse>УЛ. МОЛОКОВА, Д. 37 "А", ПОМ. 38</RUScat_ru:StreetHouse></RUScat_ru:SubjectAddressDetails></ESADout_CUConsignor><ESADout_CUConsignee><cat_ru:OrganizationName>ХЭЙЛУНЦЗЯНСКАЯ МЕЖДУНАРОДНАЯ ТОРГОВАЯ КОМПАНИЯ С ОГРАНИЧЕННОЙ ОТВЕТСТВЕННОСТЬЮ "ЦИНЬВЭЙ"</cat_ru:OrganizationName><RUScat_ru:SubjectAddressDetails><RUScat_ru:PostalCode>Г.ХЭЙХЭ</RUScat_ru:PostalCode><RUScat_ru:CountryCode>CN</RUScat_ru:CountryCode><RUScat_ru:CounryName>КИТАЙ</RUScat_ru:CounryName><RUScat_ru:Region>ПРОВИНЦИЯ ХЭЙЛУНЦЗЯН</RUScat_ru:Region><RUScat_ru:City>РАЙОН ЭКОНОМИЧЕСКОГО СОТРУДНИЧЕСТВА</RUScat_ru:City><RUScat_ru:StreetHouse>ЦЕНТР ОБСЛУЖИВАНИЯ ПРЕДПРИНИМАТЕЛЬСТВА МАЛОГО И СРЕДНЕГО БИЗНЕСА</RUScat_ru:StreetHouse></RUScat_ru:SubjectAddressDetails></ESADout_CUConsignee><ESADout_CUFinancialAdjustingResponsiblePerson><DeclarantEqualFlag>1</DeclarantEqualFlag></ESADout_CUFinancialAdjustingResponsiblePerson><ESADout_CUDeclarant><cat_ru:OrganizationName>ООО "ЛЕСЭКСПО"</cat_ru:OrganizationName><cat_ru:RFOrganizationFeatures><cat_ru:OGRN>1162468119890</cat_ru:OGRN><cat_ru:INN>2465156117</cat_ru:INN><cat_ru:KPP>246501001</cat_ru:KPP></cat_ru:RFOrganizationFeatures><RUScat_ru:SubjectAddressDetails><RUScat_ru:PostalCode>660135</RUScat_ru:PostalCode><RUScat_ru:CountryCode>RU</RUScat_ru:CountryCode><RUScat_ru:CounryName>РОССИЯ</RUScat_ru:CounryName><RUScat_ru:Region>КРАСНОЯРСКИЙ КРАЙ</RUScat_ru:Region><RUScat_ru:City>Г. КРАСНОЯРСК</RUScat_ru:City><RUScat_ru:StreetHouse>УЛ. ВЗЛЁТНАЯ, ДОМ 5 А, ПОМЕЩЕНИЕ 15</RUScat_ru:StreetHouse></RUScat_ru:SubjectAddressDetails></ESADout_CUDeclarant><ESADout_CUConsigment><catESAD_cu:ContainerIndicator>1</catESAD_cu:ContainerIndicator><catESAD_cu:DispatchCountryCode>RU</catESAD_cu:DispatchCountryCode><catESAD_cu:DispatchCountryName>РОССИЯ</catESAD_cu:DispatchCountryName><catESAD_cu:DestinationCountryCode>CN</catESAD_cu:DestinationCountryCode><catESAD_cu:DestinationCountryName>КИТАЙ</catESAD_cu:DestinationCountryName><ESADout_CUDepartureArrivalTransport><cat_ru:TransportModeCode>20</cat_ru:TransportModeCode></ESADout_CUDepartureArrivalTransport><ESADout_CUBorderTransport><cat_ru:TransportModeCode>20</cat_ru:TransportModeCode></ESADout_CUBorderTransport></ESADout_CUConsigment><ESADout_CUMainContractTerms><catESAD_cu:ContractCurrencyCode>RUB</catESAD_cu:ContractCurrencyCode><catESAD_cu:TotalInvoiceAmount>1363932</catESAD_cu:TotalInvoiceAmount><catESAD_cu:TradeCountryCode>CN</catESAD_cu:TradeCountryCode><catESAD_cu:DealFeatureCode>00</catESAD_cu:DealFeatureCode><catESAD_cu:DealNatureCode>010</catESAD_cu:DealNatureCode><catESAD_cu:CUESADDeliveryTerms><cat_ru:DeliveryPlace>КАНСК</cat_ru:DeliveryPlace><cat_ru:DeliveryTermsStringCode>FCA</cat_ru:DeliveryTermsStringCode></catESAD_cu:CUESADDeliveryTerms></ESADout_CUMainContractTerms><ESADout_CUGoods><catESAD_cu:GoodsNumeric>1</catESAD_cu:GoodsNumeric><catESAD_cu:GoodsDescription>ПИЛОМАТЕРИАЛЫ Х/П ЕЛИ СИБИРСКОЙ "PICEA OBOVATA L", ПИХТЫ СИБИРСКОЙ "ABIES SIBIRICA L" РАСПИЛЕННЫЕ ВДОЛЬ, НЕШЛИФОВАННЫЕ, НЕСТРОГАННЫЕ, НЕЛУЩЕНЫЕ, НЕОБТЕСАННЫЕ, НЕ ИМЕЮЩИЕ СОЕДИНЕНИЯ В ШИП, НЕ ИМЕЮЩИЕ ТОРЦЕВЫХ СОЕДИНЕНИЙ, ЕСТЕСТВЕННОЙ ВЛАЖНОСТИ ФР 1.27</catESAD_cu:GoodsDescription><catESAD_cu:GoodsDescription>.2014.17136 БРУСОК ОБРЕЗНОЙ ДЛЯ СТРОИТЕЛЬСТВА СОРТ1-2 ГОСТ8486-86 НОМ.РАЗМ.ДЛ.3000ММ,ТЛ.36ММ,Ш.55ММ, ПРЕД.ОТКЛОН.ОТ НОМИН.РАЗМ.ДЛ.+50ММ,ТЛ.+1ММ, Ш.+2ММ. ПРИПУСКИ НА ВЕЛИЧ.УСУШКИ ОТСУТ.,ГОСТ24454-80,ГОСТ 5306-83. ОБЪЕМ,УКАЗАН В КОНТРАКТЕ С УЧЕТОМ ГЕОМ</catESAD_cu:GoodsDescription><catESAD_cu:GoodsDescription>.НОМИН. РАЗМ.151,548М3/ ОБЪЕМ С УЧЕТОМ ПРЕД.ОТКЛОН.164,12М3, ВСЕГО ШТ.25513</catESAD_cu:GoodsDescription><catESAD_cu:GrossWeightQuantity>104000</catESAD_cu:GrossWeightQuantity><catESAD_cu:NetWeightQuantity>103200</catESAD_cu:NetWeightQuantity><catESAD_cu:InvoicedCost>1363932</catESAD_cu:InvoicedCost><catESAD_cu:StatisticalCost>21569.87</catESAD_cu:StatisticalCost><catESAD_cu:GoodsTNVEDCode>4407129800</catESAD_cu:GoodsTNVEDCode><catESAD_cu:AdditionalSign>С</catESAD_cu:AdditionalSign><catESAD_cu:OriginCountryCode>RU</catESAD_cu:OriginCountryCode><catESAD_cu:AdditionalSheetCount>1</catESAD_cu:AdditionalSheetCount><catESAD_cu:GoodsGroupDescription><catESAD_cu:GoodsDescription>: - ФАКТУРНАЯ СТОИМОСТЬ 9000РУБ/М3-37,951М3, ШТ6389</catESAD_cu:GoodsDescription><catESAD_cu:GoodsGroupInformation><catESAD_cu:Manufacturer>ООО "ЛЕСЭКСПО" ИНН 2465156117</catESAD_cu:Manufacturer><catESAD_cu:TradeMark>ОТСУТСТВУЕТ</catESAD_cu:TradeMark><catESAD_cu:GoodsStandard>ГОСТ 24454-80,ГОСТ 8486–86, ФР 1.27.2014.17136</catESAD_cu:GoodsStandard><catESAD_cu:GoodsSort>1-2</catESAD_cu:GoodsSort><catESAD_cu:WoodDescriptionDetails><catESAD_cu:WoodKind>ЕЛЬ/ПИХТА СИБИРСКАЯ</catESAD_cu:WoodKind></catESAD_cu:WoodDescriptionDetails><catESAD_cu:Dimensions><catESAD_cu:LengthMeasure><catESAD_cu:MeasuredAmount>3</catESAD_cu:MeasuredAmount><catESAD_cu:MeasureUnitQualifierName>М</catESAD_cu:MeasureUnitQualifierName><catESAD_cu:MeasureUnitQualifierCode>006</catESAD_cu:MeasureUnitQualifierCode></catESAD_cu:LengthMeasure><catESAD_cu:WidthMeasure><catESAD_cu:MeasuredAmount>0.055</catESAD_cu:MeasuredAmount><catESAD_cu:MeasureUnitQualifierName>М</catESAD_cu:MeasureUnitQualifierName><catESAD_cu:MeasureUnitQualifierCode>006</catESAD_cu:MeasureUnitQualifierCode></catESAD_cu:WidthMeasure><catESAD_cu:HeightMeasure><catESAD_cu:MeasuredAmount>0.036</catESAD_cu:MeasuredAmount><catESAD_cu:MeasureUnitQualifierName>М</catESAD_cu:MeasureUnitQualifierName><catESAD_cu:MeasureUnitQualifierCode>006</catESAD_cu:MeasureUnitQualifierCode></catESAD_cu:HeightMeasure></catESAD_cu:Dimensions><catESAD_cu:GoodsGroupQuantity><catESAD_cu:GoodsQuantity>41.1</catESAD_cu:GoodsQuantity><catESAD_cu:MeasureUnitQualifierName>М3</catESAD_cu:MeasureUnitQualifierName><catESAD_cu:MeasureUnitQualifierCode>113</catESAD_cu:MeasureUnitQualifierCode></catESAD_cu:GoodsGroupQuantity></catESAD_cu:GoodsGroupInformation><catESAD_cu:GroupNum>1</catESAD_cu:GroupNum></catESAD_cu:GoodsGroupDescription><catESAD_cu:GoodsGroupDescription><catESAD_cu:GoodsDescription>: - ФАКТУРНАЯ СТОИМОСТЬ 9000РУБ/М3-37,951М3, ШТ6389</catESAD_cu:GoodsDescription><catESAD_cu:GoodsGroupInformation><catESAD_cu:Manufacturer>ООО "ЛЕСЭКСПО" ИНН 2465156117</catESAD_cu:Manufacturer><catESAD_cu:TradeMark>ОТСУТСТВУЕТ</catESAD_cu:TradeMark><catESAD_cu:GoodsStandard>ГОСТ 24454-80,ГОСТ 8486–86, ФР 1.27.2014.17136</catESAD_cu:GoodsStandard><catESAD_cu:GoodsSort>1-2</catESAD_cu:GoodsSort><catESAD_cu:WoodDescriptionDetails><catESAD_cu:WoodKind>ЕЛЬ/ПИХТА СИБИРСКАЯ</catESAD_cu:WoodKind></catESAD_cu:WoodDescriptionDetails><catESAD_cu:Dimensions><catESAD_cu:LengthMeasure><catESAD_cu:MeasuredAmount>3</catESAD_cu:MeasuredAmount><catESAD_cu:MeasureUnitQualifierName>М</catESAD_cu:MeasureUnitQualifierName><catESAD_cu:MeasureUnitQualifierCode>006</catESAD_cu:MeasureUnitQualifierCode></catESAD_cu:LengthMeasure><catESAD_cu:WidthMeasure><catESAD_cu:MeasuredAmount>0.055</catESAD_cu:MeasuredAmount><catESAD_cu:MeasureUnitQualifierName>М</catESAD_cu:MeasureUnitQualifierName><catESAD_cu:MeasureUnitQualifierCode>006</catESAD_cu:MeasureUnitQualifierCode></catESAD_cu:WidthMeasure><catESAD_cu:HeightMeasure><catESAD_cu:MeasuredAmount>0.036</catESAD_cu:MeasuredAmount><catESAD_cu:MeasureUnitQualifierName>М</catESAD_cu:MeasureUnitQualifierName><catESAD_cu:MeasureUnitQualifierCode>006</catESAD_cu:MeasureUnitQualifierCode></catESAD_cu:HeightMeasure></catESAD_cu:Dimensions><catESAD_cu:GoodsGroupQuantity><catESAD_cu:GoodsQuantity>41.1</catESAD_cu:GoodsQuantity><catESAD_cu:MeasureUnitQualifierName>М3</catESAD_cu:MeasureUnitQualifierName><catESAD_cu:MeasureUnitQualifierCode>113</catESAD_cu:MeasureUnitQualifierCode></catESAD_cu:GoodsGroupQuantity></catESAD_cu:GoodsGroupInformation><catESAD_cu:GroupNum>2</catESAD_cu:GroupNum></catESAD_cu:GoodsGroupDescription><catESAD_cu:GoodsGroupDescription><catESAD_cu:GoodsDescription>: - ФАКТУРНАЯ СТОИМОСТЬ 9000РУБ/М3-37,951М3, ШТ6389</catESAD_cu:GoodsDescription><catESAD_cu:GoodsGroupInformation><catESAD_cu:Manufacturer>ООО "ЛЕСЭКСПО" ИНН 2465156117</catESAD_cu:Manufacturer><catESAD_cu:TradeMark>ОТСУТСТВУЕТ</catESAD_cu:TradeMark><catESAD_cu:GoodsStandard>ГОСТ 24454-80,ГОСТ 8486–86, ФР 1.27.2014.17136</catESAD_cu:GoodsStandard><catESAD_cu:GoodsSort>1-2</catESAD_cu:GoodsSort><catESAD_cu:WoodDescriptionDetails><catESAD_cu:WoodKind>ЕЛЬ/ПИХТА СИБИРСКАЯ</catESAD_cu:WoodKind></catESAD_cu:WoodDescriptionDetails><catESAD_cu:Dimensions><catESAD_cu:LengthMeasure><catESAD_cu:MeasuredAmount>3</catESAD_cu:MeasuredAmount><catESAD_cu:MeasureUnitQualifierName>М</catESAD_cu:MeasureUnitQualifierName><catESAD_cu:MeasureUnitQualifierCode>006</catESAD_cu:MeasureUnitQualifierCode></catESAD_cu:LengthMeasure><catESAD_cu:WidthMeasure><catESAD_cu:MeasuredAmount>0.055</catESAD_cu:MeasuredAmount><catESAD_cu:MeasureUnitQualifierName>М</catESAD_cu:MeasureUnitQualifierName><catESAD_cu:MeasureUnitQualifierCode>006</catESAD_cu:MeasureUnitQualifierCode></catESAD_cu:WidthMeasure><catESAD_cu:HeightMeasure><catESAD_cu:MeasuredAmount>0.036</catESAD_cu:MeasuredAmount><catESAD_cu:MeasureUnitQualifierName>М</catESAD_cu:MeasureUnitQualifierName><catESAD_cu:MeasureUnitQualifierCode>006</catESAD_cu:MeasureUnitQualifierCode></catESAD_cu:HeightMeasure></catESAD_cu:Dimensions><catESAD_cu:GoodsGroupQuantity><catESAD_cu:GoodsQuantity>41.1</catESAD_cu:GoodsQuantity><catESAD_cu:MeasureUnitQualifierName>М3</catESAD_cu:MeasureUnitQualifierName><catESAD_cu:MeasureUnitQualifierCode>113</catESAD_cu:MeasureUnitQualifierCode></catESAD_cu:GoodsGroupQuantity></catESAD_cu:GoodsGroupInformation><catESAD_cu:GroupNum>3</catESAD_cu:GroupNum></catESAD_cu:GoodsGroupDescription><catESAD_cu:GoodsGroupDescription><catESAD_cu:GoodsDescription>: - ФАКТУРНАЯ СТОИМОСТЬ 9000РУБ/М3-37,695М3, ШТ6346</catESAD_cu:GoodsDescription><catESAD_cu:GoodsGroupInformation><catESAD_cu:Manufacturer>ООО "ЛЕСЭКСПО" ИНН 2465156117</catESAD_cu:Manufacturer><catESAD_cu:TradeMark>ОТСУТСТВУЕТ</catESAD_cu:TradeMark><catESAD_cu:GoodsStandard>ГОСТ 24454-80,ГОСТ 8486–86, ФР 1.27.2014.17136</catESAD_cu:GoodsStandard><catESAD_cu:GoodsSort>1-2</catESAD_cu:GoodsSort><catESAD_cu:WoodDescriptionDetails><catESAD_cu:WoodKind>ЕЛЬ/ПИХТА СИБИРСКАЯ</catESAD_cu:WoodKind></catESAD_cu:WoodDescriptionDetails><catESAD_cu:Dimensions><catESAD_cu:LengthMeasure><catESAD_cu:MeasuredAmount>3</catESAD_cu:MeasuredAmount><catESAD_cu:MeasureUnitQualifierName>М</catESAD_cu:MeasureUnitQualifierName><catESAD_cu:MeasureUnitQualifierCode>006</catESAD_cu:MeasureUnitQualifierCode></catESAD_cu:LengthMeasure><catESAD_cu:WidthMeasure><catESAD_cu:MeasuredAmount>0.055</catESAD_cu:MeasuredAmount><catESAD_cu:MeasureUnitQualifierName>М</catESAD_cu:MeasureUnitQualifierName><catESAD_cu:MeasureUnitQualifierCode>006</catESAD_cu:MeasureUnitQualifierCode></catESAD_cu:WidthMeasure><catESAD_cu:HeightMeasure><catESAD_cu:MeasuredAmount>0.036</catESAD_cu:MeasuredAmount><catESAD_cu:MeasureUnitQualifierName>М</catESAD_cu:MeasureUnitQualifierName><catESAD_cu:MeasureUnitQualifierCode>006</catESAD_cu:MeasureUnitQualifierCode></catESAD_cu:HeightMeasure></catESAD_cu:Dimensions><catESAD_cu:GoodsGroupQuantity><catESAD_cu:GoodsQuantity>40.82</catESAD_cu:GoodsQuantity><catESAD_cu:MeasureUnitQualifierName>М3</catESAD_cu:MeasureUnitQualifierName><catESAD_cu:MeasureUnitQualifierCode>113</catESAD_cu:MeasureUnitQualifierCode></catESAD_cu:GoodsGroupQuantity></catESAD_cu:GoodsGroupInformation><catESAD_cu:GroupNum>4</catESAD_cu:GroupNum></catESAD_cu:GoodsGroupDescription><catESAD_cu:Preferencii><catESAD_cu:CustomsTax>ЭС</catESAD_cu:CustomsTax><catESAD_cu:CustomsDuty>--</catESAD_cu:CustomsDuty><catESAD_cu:Excise>-</catESAD_cu:Excise><catESAD_cu:Rate>--</catESAD_cu:Rate></catESAD_cu:Preferencii><LanguageGoods>RU</LanguageGoods><ESADout_CUPresentedDocument><cat_ru:PrDocumentName>КОНТРАКТ</cat_ru:PrDocumentName><cat_ru:PrDocumentNumber>LY-2017/1</cat_ru:PrDocumentNumber><cat_ru:PrDocumentDate>2017-01-16</cat_ru:PrDocumentDate><catESAD_cu:PresentedDocumentModeCode>03011</catESAD_cu:PresentedDocumentModeCode><catESAD_cu:RecordID>D60D4407-DC89-41A2-B8A5-9F83341E626A</catESAD_cu:RecordID><RUDECLcat:DocumentPresentingDetails><RUDECLcat:DocPresentKindCode>2</RUDECLcat:DocPresentKindCode><RUDECLcat:PresentedDocumentModeCode>03011</RUDECLcat:PresentedDocumentModeCode><RUDECLcat:CustomsDocIdDetails><cat_ru:CustomsCode>10611020</cat_ru:CustomsCode><cat_ru:RegistrationDate>2020-04-03</cat_ru:RegistrationDate><cat_ru:GTDNumber>0014055</cat_ru:GTDNumber></RUDECLcat:CustomsDocIdDetails></RUDECLcat:DocumentPresentingDetails></ESADout_CUPresentedDocument><ESADout_CUPresentedDocument><cat_ru:PrDocumentName>СОГЛАШЕНИЕ</cat_ru:PrDocumentName><cat_ru:PrDocumentNumber>Б/Н</cat_ru:PrDocumentNumber><cat_ru:PrDocumentDate>2019-12-30</cat_ru:PrDocumentDate><catESAD_cu:PresentedDocumentModeCode>03012</catESAD_cu:PresentedDocumentModeCode><catESAD_cu:RecordID>398AEE94-1536-4724-BFBA-3FD3B7DEC486</catESAD_cu:RecordID><RUDECLcat:DocumentPresentingDetails><RUDECLcat:DocPresentKindCode>2</RUDECLcat:DocPresentKindCode><RUDECLcat:PresentedDocumentModeCode>03012</RUDECLcat:PresentedDocumentModeCode><RUDECLcat:CustomsDocIdDetails><cat_ru:CustomsCode>10611020</cat_ru:CustomsCode><cat_ru:RegistrationDate>2020-04-03</cat_ru:RegistrationDate><cat_ru:GTDNumber>0014055</cat_ru:GTDNumber></RUDECLcat:CustomsDocIdDetails></RUDECLcat:DocumentPresentingDetails></ESADout_CUPresentedDocument><ESADout_CUPresentedDocument><cat_ru:PrDocumentName>ПРИЛОЖЕНИЕ</cat_ru:PrDocumentName><cat_ru:PrDocumentNumber>7</cat_ru:PrDocumentNumber><cat_ru:PrDocumentDate>2019-11-06</cat_ru:PrDocumentDate><catESAD_cu:PresentedDocumentModeCode>03012</catESAD_cu:PresentedDocumentModeCode><catESAD_cu:RecordID>CD5F9B1F-6B92-4EB6-A0E4-9E53D021CA61</catESAD_cu:RecordID><RUDECLcat:DocumentPresentingDetails><RUDECLcat:DocPresentKindCode>2</RUDECLcat:DocPresentKindCode><RUDECLcat:PresentedDocumentModeCode>03012</RUDECLcat:PresentedDocumentModeCode><RUDECLcat:CustomsDocIdDetails><cat_ru:CustomsCode>10611020</cat_ru:CustomsCode><cat_ru:RegistrationDate>2020-04-03</cat_ru:RegistrationDate><cat_ru:GTDNumber>0014055</cat_ru:GTDNumber></RUDECLcat:CustomsDocIdDetails></RUDECLcat:DocumentPresentingDetails></ESADout_CUPresentedDocument><ESADout_CUPresentedDocument><cat_ru:PrDocumentName>ПРИЛОЖЕНИЕ</cat_ru:PrDocumentName><cat_ru:PrDocumentNumber>8</cat_ru:PrDocumentNumber><cat_ru:PrDocumentDate>2020-03-06</cat_ru:PrDocumentDate><catESAD_cu:PresentedDocumentModeCode>03012</catESAD_cu:PresentedDocumentModeCode><catESAD_cu:RecordID>93047DD3-42A8-4231-B3DB-6E091634C1D6</catESAD_cu:RecordID><RUDECLcat:DocumentPresentingDetails><RUDECLcat:DocPresentKindCode>2</RUDECLcat:DocPresentKindCode><RUDECLcat:PresentedDocumentModeCode>03012</RUDECLcat:PresentedDocumentModeCode><RUDECLcat:CustomsDocIdDetails><cat_ru:CustomsCode>10611020</cat_ru:CustomsCode><cat_ru:RegistrationDate>2020-04-03</cat_ru:RegistrationDate><cat_ru:GTDNumber>0014055</cat_ru:GTDNumber></RUDECLcat:CustomsDocIdDetails></RUDECLcat:DocumentPresentingDetails></ESADout_CUPresentedDocument><ESADout_CUPresentedDocument><cat_ru:PrDocumentName>ПРИЛОЖЕНИЕ</cat_ru:PrDocumentName><cat_ru:PrDocumentNumber>9</cat_ru:PrDocumentNumber><cat_ru:PrDocumentDate>2020-04-13</cat_ru:PrDocumentDate><catESAD_cu:PresentedDocumentModeCode>03012</catESAD_cu:PresentedDocumentModeCode><catESAD_cu:RecordID>5B037864-694F-46CF-B29C-8A2EE0363FF6</catESAD_cu:RecordID><RUDECLcat:DocumentPresentingDetails><RUDECLcat:DocPresentKindCode>2</RUDECLcat:DocPresentKindCode><RUDECLcat:PresentedDocumentModeCode>03012</RUDECLcat:PresentedDocumentModeCode><RUDECLcat:CustomsDocIdDetails><cat_ru:CustomsCode>10611020</cat_ru:CustomsCode><cat_ru:RegistrationDate>2020-04-17</cat_ru:RegistrationDate><cat_ru:GTDNumber>0016481</cat_ru:GTDNumber></RUDECLcat:CustomsDocIdDetails></RUDECLcat:DocumentPresentingDetails></ESADout_CUPresentedDocument><ESADout_CUPresentedDocument><cat_ru:PrDocumentName>ПРИЛОЖЕНИЕ</cat_ru:PrDocumentName><cat_ru:PrDocumentNumber>10</cat_ru:PrDocumentNumber><cat_ru:PrDocumentDate>2020-04-16</cat_ru:PrDocumentDate><catESAD_cu:PresentedDocumentModeCode>03012</catESAD_cu:PresentedDocumentModeCode><catESAD_cu:RecordID>8FFC0FC5-B742-4849-AE7D-84BFA0A3F70C</catESAD_cu:RecordID><RUDECLcat:DocumentPresentingDetails><RUDECLcat:DocPresentKindCode>2</RUDECLcat:DocPresentKindCode><RUDECLcat:PresentedDocumentModeCode>03012</RUDECLcat:PresentedDocumentModeCode><RUDECLcat:CustomsDocIdDetails><cat_ru:CustomsCode>10611020</cat_ru:CustomsCode><cat_ru:RegistrationDate>2020-04-17</cat_ru:RegistrationDate><cat_ru:GTDNumber>0016481</cat_ru:GTDNumber></RUDECLcat:CustomsDocIdDetails></RUDECLcat:DocumentPresentingDetails></ESADout_CUPresentedDocument><ESADout_CUPresentedDocument><cat_ru:PrDocumentName>ИНН ЛЕСЭКСПО</cat_ru:PrDocumentName><cat_ru:PrDocumentNumber>24 006501064</cat_ru:PrDocumentNumber><cat_ru:PrDocumentDate>2016-11-21</cat_ru:PrDocumentDate><catESAD_cu:PresentedDocumentModeCode>04011</catESAD_cu:PresentedDocumentModeCode><catESAD_cu:RecordID>7058C142-59E6-4870-AFA6-7E25E59B7E25</catESAD_cu:RecordID><RUDECLcat:DocumentPresentingDetails><RUDECLcat:DocPresentKindCode>2</RUDECLcat:DocPresentKindCode><RUDECLcat:PresentedDocumentModeCode>04011</RUDECLcat:PresentedDocumentModeCode><RUDECLcat:CustomsDocIdDetails><cat_ru:CustomsCode>10609050</cat_ru:CustomsCode><cat_ru:RegistrationDate>2018-11-20</cat_ru:RegistrationDate><cat_ru:GTDNumber>0040978</cat_ru:GTDNumber></RUDECLcat:CustomsDocIdDetails></RUDECLcat:DocumentPresentingDetails></ESADout_CUPresentedDocument><ESADout_CUPresentedDocument><cat_ru:PrDocumentName>ОГРН ЛЕСЭКСПО</cat_ru:PrDocumentName><cat_ru:PrDocumentNumber>24 006501063</cat_ru:PrDocumentNumber><cat_ru:PrDocumentDate>2016-11-21</cat_ru:PrDocumentDate><catESAD_cu:PresentedDocumentModeCode>04011</catESAD_cu:PresentedDocumentModeCode><catESAD_cu:RecordID>8A3E3788-681B-4270-8558-CC18C04F8FC7</catESAD_cu:RecordID><RUDECLcat:DocumentPresentingDetails><RUDECLcat:DocPresentKindCode>2</RUDECLcat:DocPresentKindCode><RUDECLcat:PresentedDocumentModeCode>04011</RUDECLcat:PresentedDocumentModeCode><RUDECLcat:CustomsDocIdDetails><cat_ru:CustomsCode>10609050</cat_ru:CustomsCode><cat_ru:RegistrationDate>2018-11-20</cat_ru:RegistrationDate><cat_ru:GTDNumber>0040978</cat_ru:GTDNumber></RUDECLcat:CustomsDocIdDetails></RUDECLcat:DocumentPresentingDetails></ESADout_CUPresentedDocument><ESADout_CUPresentedDocument><cat_ru:PrDocumentName>УСТАВ ЛЕСЭКСПО</cat_ru:PrDocumentName><cat_ru:PrDocumentNumber>УСТАВ</cat_ru:PrDocumentNumber><cat_ru:PrDocumentDate>2016-11-07</cat_ru:PrDocumentDate><catESAD_cu:PresentedDocumentModeCode>04011</catESAD_cu:PresentedDocumentModeCode><catESAD_cu:RecordID>2A4FD4B0-8E2E-4A66-AF93-FA3BAA4E7DDE</catESAD_cu:RecordID><RUDECLcat:DocumentPresentingDetails><RUDECLcat:DocPresentKindCode>2</RUDECLcat:DocPresentKindCode><RUDECLcat:PresentedDocumentModeCode>04011</RUDECLcat:PresentedDocumentModeCode><RUDECLcat:CustomsDocIdDetails><cat_ru:CustomsCode>10609050</cat_ru:CustomsCode><cat_ru:RegistrationDate>2018-11-20</cat_ru:RegistrationDate><cat_ru:GTDNumber>0040978</cat_ru:GTDNumber></RUDECLcat:CustomsDocIdDetails></RUDECLcat:DocumentPresentingDetails></ESADout_CUPresentedDocument><ESADout_CUPresentedDocument><cat_ru:PrDocumentName>ИНВОЙС</cat_ru:PrDocumentName><cat_ru:PrDocumentNumber>21</cat_ru:PrDocumentNumber><cat_ru:PrDocumentDate>2020-05-13</cat_ru:PrDocumentDate><catESAD_cu:PresentedDocumentModeCode>04021</catESAD_cu:PresentedDocumentModeCode><catESAD_cu:RecordID>832B73DA-CFE6-458E-AE43-894DB36D02B0</catESAD_cu:RecordID><RUDECLcat:DocumentPresentingDetails><RUDECLcat:DocPresentKindCode>0</RUDECLcat:DocPresentKindCode><RUDECLcat:PresentedDocumentModeCode>04021</RUDECLcat:PresentedDocumentModeCode></RUDECLcat:DocumentPresentingDetails></ESADout_CUPresentedDocument><ESADout_CUPresentedDocument><cat_ru:PrDocumentName>ФЕДЕРАЛЬНЫЙ ЗАКОН</cat_ru:PrDocumentName><cat_ru:PrDocumentNumber>289-ФЗ П. 26 Ч.1 СТ. 47</cat_ru:PrDocumentNumber><cat_ru:PrDocumentDate>2018-08-03</cat_ru:PrDocumentDate><catESAD_cu:PresentedDocumentModeCode>07011</catESAD_cu:PresentedDocumentModeCode><catESAD_cu:CustomsPaymentModeCodeType>1010</catESAD_cu:CustomsPaymentModeCodeType><catESAD_cu:RecordID>F9394C76-627D-4ABD-8438-EC5EDB564431</catESAD_cu:RecordID><RUDECLcat:DocumentPresentingDetails><RUDECLcat:DocPresentKindCode>0</RUDECLcat:DocPresentKindCode><RUDECLcat:PresentedDocumentModeCode>07011</RUDECLcat:PresentedDocumentModeCode></RUDECLcat:DocumentPresentingDetails></ESADout_CUPresentedDocument><ESADout_CUPresentedDocument><cat_ru:PrDocumentName>ПАСПОРТ СДЕЛКИ</cat_ru:PrDocumentName><cat_ru:PrDocumentNumber>17010001/1249/0003/1/1</cat_ru:PrDocumentNumber><cat_ru:PrDocumentDate>2017-01-30</cat_ru:PrDocumentDate><catESAD_cu:PresentedDocumentModeCode>03031</catESAD_cu:PresentedDocumentModeCode><catESAD_cu:RecordID>D5A54792-F8FC-4FA3-8032-1504490EF200</catESAD_cu:RecordID><RUDECLcat:DocumentPresentingDetails><RUDECLcat:DocPresentKindCode>0</RUDECLcat:DocPresentKindCode><RUDECLcat:PresentedDocumentModeCode>03031</RUDECLcat:PresentedDocumentModeCode></RUDECLcat:DocumentPresentingDetails></ESADout_CUPresentedDocument><ESADout_CUPresentedDocument><cat_ru:PrDocumentName>СПРАВКА О ПРОВОЗНОЙ ПЛАТЕ</cat_ru:PrDocumentName><cat_ru:PrDocumentNumber>Б/Н</cat_ru:PrDocumentNumber><cat_ru:PrDocumentDate>2020-05-12</cat_ru:PrDocumentDate><catESAD_cu:PresentedDocumentModeCode>09023</catESAD_cu:PresentedDocumentModeCode><catESAD_cu:RecordID>F31F5ABF-BB24-4A7A-BA31-4742A2643105</catESAD_cu:RecordID><RUDECLcat:DocumentPresentingDetails><RUDECLcat:DocPresentKindCode>0</RUDECLcat:DocPresentKindCode><RUDECLcat:PresentedDocumentModeCode>09023</RUDECLcat:PresentedDocumentModeCode></RUDECLcat:DocumentPresentingDetails></ESADout_CUPresentedDocument><ESADout_CUPresentedDocument><cat_ru:PrDocumentName>ЛИСТ ЗАПИСИ ЕГРЮЛ</cat_ru:PrDocumentName><cat_ru:PrDocumentNumber>6192468122148</cat_ru:PrDocumentNumber><cat_ru:PrDocumentDate>2019-12-26</cat_ru:PrDocumentDate><catESAD_cu:PresentedDocumentModeCode>09023</catESAD_cu:PresentedDocumentModeCode><catESAD_cu:RecordID>8D2BAF67-939A-4069-BADD-52ED050C5BD8</catESAD_cu:RecordID><RUDECLcat:DocumentPresentingDetails><RUDECLcat:DocPresentKindCode>2</RUDECLcat:DocPresentKindCode><RUDECLcat:PresentedDocumentModeCode>09023</RUDECLcat:PresentedDocumentModeCode><RUDECLcat:CustomsDocIdDetails><cat_ru:CustomsCode>10611020</cat_ru:CustomsCode><cat_ru:RegistrationDate>2020-01-22</cat_ru:RegistrationDate><cat_ru:GTDNumber>0002143</cat_ru:GTDNumber></RUDECLcat:CustomsDocIdDetails></RUDECLcat:DocumentPresentingDetails></ESADout_CUPresentedDocument><ESADout_CUPresentedDocument><cat_ru:PrDocumentName>ДТ О СДЕЛКАХ С ДРЕВЕСИНОЙ ЛЕСЭКСПО-ЛИН И</cat_ru:PrDocumentName><cat_ru:PrDocumentNumber>0002015600001474002465156117</cat_ru:PrDocumentNumber><cat_ru:PrDocumentDate>2020-04-16</cat_ru:PrDocumentDate><catESAD_cu:PresentedDocumentModeCode>09023</catESAD_cu:PresentedDocumentModeCode><catESAD_cu:RecordID>B003F885-70BB-49CF-AAE1-2C950E355168</catESAD_cu:RecordID><RUDECLcat:DocumentPresentingDetails><RUDECLcat:DocPresentKindCode>2</RUDECLcat:DocPresentKindCode><RUDECLcat:PresentedDocumentModeCode>09023</RUDECLcat:PresentedDocumentModeCode><RUDECLcat:CustomsDocIdDetails><cat_ru:CustomsCode>10611020</cat_ru:CustomsCode><cat_ru:RegistrationDate>2020-04-17</cat_ru:RegistrationDate><cat_ru:GTDNumber>0016481</cat_ru:GTDNumber></RUDECLcat:CustomsDocIdDetails></RUDECLcat:DocumentPresentingDetails></ESADout_CUPresentedDocument><ESADout_CUPresentedDocument><cat_ru:PrDocumentName>ДТ О СДЕЛКАХ С ДРЕВЕСИНОЙ ЛЕСЭКСПО-ЛИН И</cat_ru:PrDocumentName><cat_ru:PrDocumentNumber>0002015600001474002465156117</cat_ru:PrDocumentNumber><cat_ru:PrDocumentDate>2020-04-16</cat_ru:PrDocumentDate><catESAD_cu:PresentedDocumentModeCode>09032</catESAD_cu:PresentedDocumentModeCode><catESAD_cu:RecordID>0A7734D2-8341-455B-8B0D-9AC2E7DF2609</catESAD_cu:RecordID><RUDECLcat:DocumentPresentingDetails><RUDECLcat:DocPresentKindCode>0</RUDECLcat:DocPresentKindCode><RUDECLcat:PresentedDocumentModeCode>09032</RUDECLcat:PresentedDocumentModeCode></RUDECLcat:DocumentPresentingDetails></ESADout_CUPresentedDocument><ESADout_CUPresentedDocument><cat_ru:PrDocumentName>СПЕЦИФИКАЦИЯ</cat_ru:PrDocumentName><cat_ru:PrDocumentNumber>1</cat_ru:PrDocumentNumber><cat_ru:PrDocumentDate>2020-05-13</cat_ru:PrDocumentDate><catESAD_cu:PresentedDocumentModeCode>10999</catESAD_cu:PresentedDocumentModeCode><catESAD_cu:RecordID>EEA5CDA9-0AF0-4CA3-8AE4-690FDC41DDA7</catESAD_cu:RecordID><RUDECLcat:DocumentPresentingDetails><RUDECLcat:DocPresentKindCode>0</RUDECLcat:DocPresentKindCode><RUDECLcat:PresentedDocumentModeCode>10999</RUDECLcat:PresentedDocumentModeCode></RUDECLcat:DocumentPresentingDetails></ESADout_CUPresentedDocument><ESADout_CUPresentedDocument><cat_ru:PrDocumentName>СПЕЦИФИКАЦИЯ</cat_ru:PrDocumentName><cat_ru:PrDocumentNumber>2</cat_ru:PrDocumentNumber><cat_ru:PrDocumentDate>2020-05-13</cat_ru:PrDocumentDate><catESAD_cu:PresentedDocumentModeCode>10999</catESAD_cu:PresentedDocumentModeCode><catESAD_cu:RecordID>4247AA40-B51D-44A4-B5CC-717055F8EBA4</catESAD_cu:RecordID><RUDECLcat:DocumentPresentingDetails><RUDECLcat:DocPresentKindCode>0</RUDECLcat:DocPresentKindCode><RUDECLcat:PresentedDocumentModeCode>10999</RUDECLcat:PresentedDocumentModeCode></RUDECLcat:DocumentPresentingDetails></ESADout_CUPresentedDocument><ESADout_CUPresentedDocument><cat_ru:PrDocumentName>СПЕЦИФИКАЦИЯ</cat_ru:PrDocumentName><cat_ru:PrDocumentNumber>3</cat_ru:PrDocumentNumber><cat_ru:PrDocumentDate>2020-05-13</cat_ru:PrDocumentDate><catESAD_cu:PresentedDocumentModeCode>10999</catESAD_cu:PresentedDocumentModeCode><catESAD_cu:RecordID>8EF5BE33-427A-49C9-AEEA-F07E32D71348</catESAD_cu:RecordID><RUDECLcat:DocumentPresentingDetails><RUDECLcat:DocPresentKindCode>0</RUDECLcat:DocPresentKindCode><RUDECLcat:PresentedDocumentModeCode>10999</RUDECLcat:PresentedDocumentModeCode></RUDECLcat:DocumentPresentingDetails></ESADout_CUPresentedDocument><ESADout_CUPresentedDocument><cat_ru:PrDocumentName>СПЕЦИФИКАЦИЯ</cat_ru:PrDocumentName><cat_ru:PrDocumentNumber>4</cat_ru:PrDocumentNumber><cat_ru:PrDocumentDate>2020-05-13</cat_ru:PrDocumentDate><catESAD_cu:PresentedDocumentModeCode>10999</catESAD_cu:PresentedDocumentModeCode><catESAD_cu:RecordID>4875AF11-6BEB-4709-8768-02DC2C357377</catESAD_cu:RecordID><RUDECLcat:DocumentPresentingDetails><RUDECLcat:DocPresentKindCode>0</RUDECLcat:DocPresentKindCode><RUDECLcat:PresentedDocumentModeCode>10999</RUDECLcat:PresentedDocumentModeCode></RUDECLcat:DocumentPresentingDetails></ESADout_CUPresentedDocument><ESADout_CUPresentedDocument><cat_ru:PrDocumentName>ПОЯСНЕНИЕ ПО ПРОИЗВОДИТЕЛЮ</cat_ru:PrDocumentName><cat_ru:PrDocumentNumber>1</cat_ru:PrDocumentNumber><cat_ru:PrDocumentDate>2018-11-19</cat_ru:PrDocumentDate><catESAD_cu:PresentedDocumentModeCode>10999</catESAD_cu:PresentedDocumentModeCode><catESAD_cu:RecordID>C03DD8C5-C91E-4940-81FA-C4DA078E641B</catESAD_cu:RecordID><RUDECLcat:DocumentPresentingDetails><RUDECLcat:DocPresentKindCode>2</RUDECLcat:DocPresentKindCode><RUDECLcat:PresentedDocumentModeCode>10999</RUDECLcat:PresentedDocumentModeCode><RUDECLcat:CustomsDocIdDetails><cat_ru:CustomsCode>10609050</cat_ru:CustomsCode><cat_ru:RegistrationDate>2018-11-20</cat_ru:RegistrationDate><cat_ru:GTDNumber>0040978</cat_ru:GTDNumber></RUDECLcat:CustomsDocIdDetails></RUDECLcat:DocumentPresentingDetails></ESADout_CUPresentedDocument><ESADout_CUPresentedDocument><cat_ru:PrDocumentName>РЕШЕНИЕ</cat_ru:PrDocumentName><cat_ru:PrDocumentNumber>1</cat_ru:PrDocumentNumber><cat_ru:PrDocumentDate>2019-02-04</cat_ru:PrDocumentDate><catESAD_cu:PresentedDocumentModeCode>11003</catESAD_cu:PresentedDocumentModeCode><catESAD_cu:RecordID>867C5A87-C8A4-4F5D-B3FF-6555D91B302E</catESAD_cu:RecordID><RUDECLcat:DocumentPresentingDetails><RUDECLcat:DocPresentKindCode>2</RUDECLcat:DocPresentKindCode><RUDECLcat:PresentedDocumentModeCode>11003</RUDECLcat:PresentedDocumentModeCode><RUDECLcat:CustomsDocIdDetails><cat_ru:CustomsCode>10611020</cat_ru:CustomsCode><cat_ru:RegistrationDate>2019-10-08</cat_ru:RegistrationDate><cat_ru:GTDNumber>0043211</cat_ru:GTDNumber></RUDECLcat:CustomsDocIdDetails></RUDECLcat:DocumentPresentingDetails></ESADout_CUPresentedDocument><ESADout_CUCustomsPaymentCalculation><catESAD_cu:PaymentModeCode>1010</catESAD_cu:PaymentModeCode><catESAD_cu:PaymentAmount>750</catESAD_cu:PaymentAmount><catESAD_cu:PaymentCurrencyCode>643</catESAD_cu:PaymentCurrencyCode><catESAD_cu:TaxBase>0</catESAD_cu:TaxBase><catESAD_cu:Rate>750</catESAD_cu:Rate><catESAD_cu:RateTypeCode>*</catESAD_cu:RateTypeCode><catESAD_cu:RateCurrencyCode>643</catESAD_cu:RateCurrencyCode><catESAD_cu:RateUseDate>2020-05-13</catESAD_cu:RateUseDate><catESAD_cu:PaymentCode>УН</catESAD_cu:PaymentCode></ESADout_CUCustomsPaymentCalculation><ESADout_CUCustomsPaymentCalculation><catESAD_cu:PaymentModeCode>1010</catESAD_cu:PaymentModeCode><catESAD_cu:PaymentAmount>0</catESAD_cu:PaymentAmount><catESAD_cu:TaxBase>0</catESAD_cu:TaxBase><catESAD_cu:RateUseDate>2020-05-13</catESAD_cu:RateUseDate><catESAD_cu:PaymentCode>УМ</catESAD_cu:PaymentCode></ESADout_CUCustomsPaymentCalculation><SupplementaryGoodsQuantity><cat_ru:GoodsQuantity>164.12</cat_ru:GoodsQuantity><cat_ru:MeasureUnitQualifierName>М3</cat_ru:MeasureUnitQualifierName><cat_ru:MeasureUnitQualifierCode>113</cat_ru:MeasureUnitQualifierCode></SupplementaryGoodsQuantity><ESADGoodsPackaging><catESAD_cu:PakageQuantity>64</catESAD_cu:PakageQuantity><catESAD_cu:PakageTypeCode>1</catESAD_cu:PakageTypeCode><catESAD_cu:PackagePalleteInformation><catESAD_cu:InfoKindCode>0</catESAD_cu:InfoKindCode><catESAD_cu:PalleteCode>BY</catESAD_cu:PalleteCode><catESAD_cu:PalleteQuantity>64</catESAD_cu:PalleteQuantity></catESAD_cu:PackagePalleteInformation></ESADGoodsPackaging><ESADCustomsProcedure><catESAD_cu:MainCustomsModeCode>10</catESAD_cu:MainCustomsModeCode><catESAD_cu:PrecedingCustomsModeCode>00</catESAD_cu:PrecedingCustomsModeCode><catESAD_cu:GoodsTransferFeature>000</catESAD_cu:GoodsTransferFeature></ESADCustomsProcedure></ESADout_CUGoods></ESADout_CUGoodsShipment><FilledPerson><RUDECLcat:SigningDetails><cat_ru:PersonSurname>КАЗАРЦЕВ</cat_ru:PersonSurname><cat_ru:PersonName>ИГОРЬ</cat_ru:PersonName><cat_ru:PersonMiddleName>АНАТОЛЬЕВИЧ</cat_ru:PersonMiddleName><cat_ru:PersonPost>ДИРЕКТОР</cat_ru:PersonPost><RUScat_ru:CommunicationDetails><cat_ru:Phone>89130395622</cat_ru:Phone><cat_ru:E_mail>LESEKSPO@MAIL.RU</cat_ru:E_mail></RUScat_ru:CommunicationDetails><RUScat_ru:SigningDate>2020-05-13T00:00:00</RUScat_ru:SigningDate></RUDECLcat:SigningDetails><RUDECLcat:SignatoryPersonIdentityDetails><RUScat_ru:IdentityCardCode>RU01001</RUScat_ru:IdentityCardCode><RUScat_ru:IdentityCardName>ПАСПОРТ</RUScat_ru:IdentityCardName><RUScat_ru:IdentityCardSeries>04 04</RUScat_ru:IdentityCardSeries><RUScat_ru:IdentityCardNumber>180786</RUScat_ru:IdentityCardNumber><RUScat_ru:IdentityCardDate>2003-07-18</RUScat_ru:IdentityCardDate><RUScat_ru:OrganizationName>УВД КИРОВСКОГО РАЙОНА Г. КРАСНОЯРСКА</RUScat_ru:OrganizationName></RUDECLcat:SignatoryPersonIdentityDetails><RUDECLcat:PowerOfAttorneyDetails><cat_ru:PrDocumentName>РЕШЕНИЕ</cat_ru:PrDocumentName><cat_ru:PrDocumentNumber>1</cat_ru:PrDocumentNumber><cat_ru:PrDocumentDate>2019-02-04</cat_ru:PrDocumentDate><RUScat_ru:DocStartDate>2019-02-04</RUScat_ru:DocStartDate><RUScat_ru:DocValidityDate>2024-02-04</RUScat_ru:DocValidityDate><RUScat_ru:DocKindCode>11003</RUScat_ru:DocKindCode></RUDECLcat:PowerOfAttorneyDetails></FilledPerson></ESADout_CU>
		</DocBody></ContainerDoc></ED_Container>
<!--ND=10611020/130520/0020389--><!--Local=10606050/120520/0200013-->