<?xml version="1.0" encoding="UTF-8"?>
<ED_Container xmlns="urn:customs.ru:Information:ExchangeDocuments:ED_Container:5.13.1" xmlns:CategoryCust="urn:customs.ru:Categories:3.0.0" xmlns:cat_ru="urn:customs.ru:CommonAggregateTypes:5.10.0" xmlns:clt_ru="urn:customs.ru:CommonLeafTypes:5.10.0" xmlns:xsi="http://www.w3.org/2001/XMLSchema-instance" DocumentModeID="1006058E"><cat_ru:DocumentID>CCF7CA42-75C4-43D2-A567-67407E7CAEE9</cat_ru:DocumentID><ContainerDoc><DocBody><ESADout_CU xmlns="urn:customs.ru:Information:CustomsDocuments:ESADout_CU:5.17.0" xmlns:catESAD_cu="urn:customs.ru:CUESADCommonAggregateTypesCust:5.17.0" xmlns:nsi="urn:customs.ru:RUSCommonLeafTypes:5.14.3" xmlns:RUScat_ru="urn:customs.ru:RUSCommonAggregateTypes:5.16.0" xmlns:RUDECLcat="urn:customs.ru:RUDeclCommonAggregateTypesCust:5.17.0" xmlns:cltESAD_cu="urn:customs.ru:CUESADCommonLeafTypes:5.17.0" xmlns:CategoryCust="urn:customs.ru:Categories:3.0.0" xmlns:cat_ru="urn:customs.ru:CommonAggregateTypes:5.10.0" xmlns:clt_ru="urn:customs.ru:CommonLeafTypes:5.10.0" xmlns:xsi="http://www.w3.org/2001/XMLSchema-instance" DocumentModeID="1006107E"><cat_ru:DocumentID>BF4047B4-37DF-4C3B-BDA8-B3C837F4C6AB</cat_ru:DocumentID><EECEDocHeaderAddInfo><RUScat_ru:EDocCode>R.036</RUScat_ru:EDocCode><RUScat_ru:EDocDateTime>2019-07-22T00:00:00</RUScat_ru:EDocDateTime><RUScat_ru:LanguageCode>RU</RUScat_ru:LanguageCode><RUScat_ru:SourceCountryCode>RU</RUScat_ru:SourceCountryCode><RUScat_ru:DestinationCountryCode>RU</RUScat_ru:DestinationCountryCode></EECEDocHeaderAddInfo><CustomsProcedure>ИМ</CustomsProcedure><CustomsModeCode>40</CustomsModeCode><ElectronicDocumentSign>ЭД</ElectronicDocumentSign><RecipientCountryCode>RU</RecipientCountryCode><ESADout_CUGoodsShipment><catESAD_cu:OriginCountryName>РАЗНЫЕ</catESAD_cu:OriginCountryName><catESAD_cu:OriginCountryCode>99</catESAD_cu:OriginCountryCode><catESAD_cu:TotalGoodsNumber>4</catESAD_cu:TotalGoodsNumber><catESAD_cu:TotalPackageNumber>3</catESAD_cu:TotalPackageNumber><catESAD_cu:TotalSheetNumber>2</catESAD_cu:TotalSheetNumber><catESAD_cu:TotalCustCost>623594.79</catESAD_cu:TotalCustCost><catESAD_cu:CustCostCurrencyCode>RUB</catESAD_cu:CustCostCurrencyCode><ESADout_CUConsignor><cat_ru:OrganizationName>GERRANG GMBH</cat_ru:OrganizationName><RUScat_ru:SubjectAddressDetails><RUScat_ru:PostalCode>D-58229</RUScat_ru:PostalCode><RUScat_ru:CountryCode>DE</RUScat_ru:CountryCode><RUScat_ru:CounryName>ГЕРМАНИЯ</RUScat_ru:CounryName><RUScat_ru:City>MANNHEIM</RUScat_ru:City><RUScat_ru:StreetHouse>ELSA-BRANDSTROM-STRASSE 3</RUScat_ru:StreetHouse></RUScat_ru:SubjectAddressDetails></ESADout_CUConsignor><ESADout_CUConsignee><RUDECLcat:EqualIndicator>1</RUDECLcat:EqualIndicator></ESADout_CUConsignee><ESADout_CUFinancialAdjustingResponsiblePerson><DeclarantEqualFlag>1</DeclarantEqualFlag></ESADout_CUFinancialAdjustingResponsiblePerson><ESADout_CUDeclarant><cat_ru:OrganizationName>ООО "СТМ"</cat_ru:OrganizationName><cat_ru:RFOrganizationFeatures><cat_ru:OGRN>1027809233374</cat_ru:OGRN><cat_ru:INN>7825679650</cat_ru:INN><cat_ru:KPP>782501001</cat_ru:KPP></cat_ru:RFOrganizationFeatures><RUScat_ru:SubjectAddressDetails><RUScat_ru:PostalCode>197022</RUScat_ru:PostalCode><RUScat_ru:CountryCode>RU</RUScat_ru:CountryCode><RUScat_ru:CounryName>РОССИЯ</RUScat_ru:CounryName><RUScat_ru:City>САНКТ-ПЕТЕРБУРГ</RUScat_ru:City><RUScat_ru:StreetHouse>УЛ. АКАДЕМИКА ПАВЛОВА, Д.5</RUScat_ru:StreetHouse></RUScat_ru:SubjectAddressDetails></ESADout_CUDeclarant><ESADout_CUGoodsLocation><InformationTypeCode>11</InformationTypeCode><CustomsOffice>10221010</CustomsOffice><CustomsCountryCode>RU</CustomsCountryCode><RegisterDocumentIdDetails><catESAD_cu:DocId>10221/280416/10020/2</catESAD_cu:DocId></RegisterDocumentIdDetails><Address><RUScat_ru:CountryCode>RU</RUScat_ru:CountryCode><RUScat_ru:CounryName>РОССИЯ</RUScat_ru:CounryName><RUScat_ru:City>САНКТ-ПЕТЕРБУРГ</RUScat_ru:City><RUScat_ru:StreetHouse>УЛ. ПИЛОТОВ, Д. 56 ЛИТ "А", ПОМ. 101</RUScat_ru:StreetHouse></Address></ESADout_CUGoodsLocation><ESADout_CUConsigment><catESAD_cu:ContainerIndicator>0</catESAD_cu:ContainerIndicator><catESAD_cu:DispatchCountryCode>DE</catESAD_cu:DispatchCountryCode><catESAD_cu:DispatchCountryName>ГЕРМАНИЯ</catESAD_cu:DispatchCountryName><catESAD_cu:DestinationCountryCode>RU</catESAD_cu:DestinationCountryCode><catESAD_cu:DestinationCountryName>РОССИЯ</catESAD_cu:DestinationCountryName><catESAD_cu:BorderCustomsOffice><cat_ru:Code>10221010</cat_ru:Code><cat_ru:OfficeName>Т/П ПУЛКОВСКИЙ</cat_ru:OfficeName><cat_ru:CustomsCountryCode>643</cat_ru:CustomsCountryCode></catESAD_cu:BorderCustomsOffice><ESADout_CUDepartureArrivalTransport><cat_ru:TransportModeCode>40</cat_ru:TransportModeCode></ESADout_CUDepartureArrivalTransport><ESADout_CUBorderTransport><cat_ru:TransportModeCode>40</cat_ru:TransportModeCode><cat_ru:TransportNationalityCode>RU</cat_ru:TransportNationalityCode><TransportMeansQuantity>1</TransportMeansQuantity><TransportMeans><cat_ru:TransportIdentifier>RU612</cat_ru:TransportIdentifier><cat_ru:TransportMeansNationalityCode>RU</cat_ru:TransportMeansNationalityCode></TransportMeans></ESADout_CUBorderTransport></ESADout_CUConsigment><ESADout_CUMainContractTerms><catESAD_cu:ContractCurrencyCode>EUR</catESAD_cu:ContractCurrencyCode><catESAD_cu:ContractCurrencyRate>70.7941</catESAD_cu:ContractCurrencyRate><catESAD_cu:TotalInvoiceAmount>8278.57</catESAD_cu:TotalInvoiceAmount><catESAD_cu:TradeCountryCode>DE</catESAD_cu:TradeCountryCode><catESAD_cu:DealFeatureCode>00</catESAD_cu:DealFeatureCode><catESAD_cu:DealNatureCode>010</catESAD_cu:DealNatureCode><catESAD_cu:CUESADDeliveryTerms><cat_ru:DeliveryPlace>МАНГЕЙМ</cat_ru:DeliveryPlace><cat_ru:DeliveryTermsStringCode>FCA</cat_ru:DeliveryTermsStringCode></catESAD_cu:CUESADDeliveryTerms></ESADout_CUMainContractTerms><ESADout_CUGoods><catESAD_cu:GoodsNumeric>1</catESAD_cu:GoodsNumeric><catESAD_cu:GoodsDescription>БОЛТЫ С ШЕСТИГРАННОЙ ГОЛОВКОЙ ИЗ ЧЕРНЫХ МЕТАЛЛОВ С ПРЕДЕЛОМ ПРОЧНОСТИ НА РАСТЯЖЕНИЕ 800 МПА И БОЛЕЕ ДЛЯ СЕЛЬСКОХОЗЯЙСТВЕННОЙ ТЕХНИКИ:</catESAD_cu:GoodsDescription><catESAD_cu:GrossWeightQuantity>29.151</catESAD_cu:GrossWeightQuantity><catESAD_cu:NetWeightQuantity>24.28</catESAD_cu:NetWeightQuantity><catESAD_cu:InvoicedCost>114.18</catESAD_cu:InvoicedCost><catESAD_cu:CustomsCost>25794.54</catESAD_cu:CustomsCost><catESAD_cu:StatisticalCost>410.31</catESAD_cu:StatisticalCost><catESAD_cu:GoodsTNVEDCode>7318158900</catESAD_cu:GoodsTNVEDCode><catESAD_cu:OriginCountryCode>DE</catESAD_cu:OriginCountryCode><catESAD_cu:CustomsCostCorrectMethod>1</catESAD_cu:CustomsCostCorrectMethod><catESAD_cu:AdditionalSheetCount>1</catESAD_cu:AdditionalSheetCount><catESAD_cu:GoodsGroupDescription><catESAD_cu:GoodsDescription>:НОМИН. НАРУЖН. ДИАМ. РЕЗЬБЫ 16ММ, ДОП. ЭЛ-ТЫ КОНСТРУКЦ. (ПАЗЫ,ПРОТОЧКИ,ПРОРЕЗИ,ОТВЕРСТИЯ,НАСЕЧКИ,ВЫСТУПЫ НА ГОЛОВКЕ/СТЕРЖНЕ) ОТСУТСТВ., БЕЗ ФЛАНЦА, БЕЗ ЗАОСТРЕНН. КОНЦА СТРЕЖНЯ, НЕКОРРОЗИОННОСТОЙКАЯ СТАЛЬ</catESAD_cu:GoodsDescription><catESAD_cu:GoodsGroupInformation><catESAD_cu:Manufacturer>GERRANG GMBH</catESAD_cu:Manufacturer><catESAD_cu:TradeMark>GERRANG</catESAD_cu:TradeMark><catESAD_cu:GoodsMark>GERRANG</catESAD_cu:GoodsMark><catESAD_cu:GoodsModel>ОТСУТСТВУЕТ</catESAD_cu:GoodsModel><catESAD_cu:GoodsMarking>19M912</catESAD_cu:GoodsMarking><catESAD_cu:GoodsGroupQuantity><catESAD_cu:GoodsQuantity>50</catESAD_cu:GoodsQuantity><catESAD_cu:MeasureUnitQualifierName>ШТ</catESAD_cu:MeasureUnitQualifierName><catESAD_cu:MeasureUnitQualifierCode>796</catESAD_cu:MeasureUnitQualifierCode></catESAD_cu:GoodsGroupQuantity></catESAD_cu:GoodsGroupInformation><catESAD_cu:GroupNum>1</catESAD_cu:GroupNum></catESAD_cu:GoodsGroupDescription><catESAD_cu:Preferencii><catESAD_cu:CustomsTax>ОО</catESAD_cu:CustomsTax><catESAD_cu:CustomsDuty>ОО</catESAD_cu:CustomsDuty><catESAD_cu:Excise>-</catESAD_cu:Excise><catESAD_cu:Rate>ОО</catESAD_cu:Rate></catESAD_cu:Preferencii><LanguageGoods>RU</LanguageGoods><ESADout_CUPresentedDocument><cat_ru:PrDocumentName>АВИАНАКЛАДНАЯ</cat_ru:PrDocumentName><cat_ru:PrDocumentNumber>580-10655304</cat_ru:PrDocumentNumber><cat_ru:PrDocumentDate>2018-04-07</cat_ru:PrDocumentDate><catESAD_cu:PresentedDocumentModeCode>02017</catESAD_cu:PresentedDocumentModeCode><RUDECLcat:DocumentPresentingDetails><RUDECLcat:DocPresentKindCode>1</RUDECLcat:DocPresentKindCode><RUDECLcat:PresentedDocumentModeCode>02017</RUDECLcat:PresentedDocumentModeCode></RUDECLcat:DocumentPresentingDetails></ESADout_CUPresentedDocument><ESADout_CUPresentedDocument><cat_ru:PrDocumentName>ДОГОВОР (КОНТРАКТ)</cat_ru:PrDocumentName><cat_ru:PrDocumentNumber>60505</cat_ru:PrDocumentNumber><cat_ru:PrDocumentDate>2016-04-13</cat_ru:PrDocumentDate><catESAD_cu:PresentedDocumentModeCode>03011</catESAD_cu:PresentedDocumentModeCode><RUDECLcat:DocumentPresentingDetails><RUDECLcat:DocPresentKindCode>0</RUDECLcat:DocPresentKindCode><RUDECLcat:PresentedDocumentModeCode>03011</RUDECLcat:PresentedDocumentModeCode></RUDECLcat:DocumentPresentingDetails></ESADout_CUPresentedDocument><ESADout_CUPresentedDocument><cat_ru:PrDocumentName>ДОПОЛНЕНИЕ К ДОГОВОРУ</cat_ru:PrDocumentName><cat_ru:PrDocumentNumber>1</cat_ru:PrDocumentNumber><cat_ru:PrDocumentDate>2017-02-24</cat_ru:PrDocumentDate><catESAD_cu:PresentedDocumentModeCode>03012</catESAD_cu:PresentedDocumentModeCode><RUDECLcat:DocumentPresentingDetails><RUDECLcat:DocPresentKindCode>0</RUDECLcat:DocPresentKindCode><RUDECLcat:PresentedDocumentModeCode>03012</RUDECLcat:PresentedDocumentModeCode></RUDECLcat:DocumentPresentingDetails></ESADout_CUPresentedDocument><ESADout_CUPresentedDocument><cat_ru:PrDocumentName>СВИДЕТЕЛЬСТВО ИМНС О ВНЕСЕНИИ В ЕГРЮЛ</cat_ru:PrDocumentName><cat_ru:PrDocumentNumber>1027809233374</cat_ru:PrDocumentNumber><cat_ru:PrDocumentDate>2016-05-26</cat_ru:PrDocumentDate><catESAD_cu:PresentedDocumentModeCode>04011</catESAD_cu:PresentedDocumentModeCode><RUDECLcat:DocumentPresentingDetails><RUDECLcat:DocPresentKindCode>2</RUDECLcat:DocPresentKindCode><RUDECLcat:PresentedDocumentModeCode>04011</RUDECLcat:PresentedDocumentModeCode><RUDECLcat:CustomsDocIdDetails><cat_ru:CustomsCode>10000000</cat_ru:CustomsCode><cat_ru:RegistrationDate>2015-09-27</cat_ru:RegistrationDate><cat_ru:GTDNumber>0052910</cat_ru:GTDNumber></RUDECLcat:CustomsDocIdDetails></RUDECLcat:DocumentPresentingDetails></ESADout_CUPresentedDocument><ESADout_CUPresentedDocument><cat_ru:PrDocumentName>СВИДЕТЕЛЬСТВО ИНН</cat_ru:PrDocumentName><cat_ru:PrDocumentNumber>78 25679650</cat_ru:PrDocumentNumber><cat_ru:PrDocumentDate>2016-05-26</cat_ru:PrDocumentDate><catESAD_cu:PresentedDocumentModeCode>04011</catESAD_cu:PresentedDocumentModeCode><RUDECLcat:DocumentPresentingDetails><RUDECLcat:DocPresentKindCode>2</RUDECLcat:DocPresentKindCode><RUDECLcat:PresentedDocumentModeCode>04011</RUDECLcat:PresentedDocumentModeCode><RUDECLcat:CustomsDocIdDetails><cat_ru:CustomsCode>10000000</cat_ru:CustomsCode><cat_ru:RegistrationDate>2015-09-27</cat_ru:RegistrationDate><cat_ru:GTDNumber>0052910</cat_ru:GTDNumber></RUDECLcat:CustomsDocIdDetails></RUDECLcat:DocumentPresentingDetails></ESADout_CUPresentedDocument><ESADout_CUPresentedDocument><cat_ru:PrDocumentName>УСТАВ</cat_ru:PrDocumentName><cat_ru:PrDocumentNumber>Б/Н</cat_ru:PrDocumentNumber><cat_ru:PrDocumentDate>2016-08-12</cat_ru:PrDocumentDate><catESAD_cu:PresentedDocumentModeCode>04011</catESAD_cu:PresentedDocumentModeCode><RUDECLcat:DocumentPresentingDetails><RUDECLcat:DocPresentKindCode>2</RUDECLcat:DocPresentKindCode><RUDECLcat:PresentedDocumentModeCode>04011</RUDECLcat:PresentedDocumentModeCode><RUDECLcat:CustomsDocIdDetails><cat_ru:CustomsCode>10000000</cat_ru:CustomsCode><cat_ru:RegistrationDate>2015-09-27</cat_ru:RegistrationDate><cat_ru:GTDNumber>0052910</cat_ru:GTDNumber></RUDECLcat:CustomsDocIdDetails></RUDECLcat:DocumentPresentingDetails></ESADout_CUPresentedDocument><ESADout_CUPresentedDocument><cat_ru:PrDocumentName>ИНВОЙС (ПЕРЕВОД)</cat_ru:PrDocumentName><cat_ru:PrDocumentNumber>3736665</cat_ru:PrDocumentNumber><cat_ru:PrDocumentDate>2018-04-04</cat_ru:PrDocumentDate><catESAD_cu:PresentedDocumentModeCode>04021</catESAD_cu:PresentedDocumentModeCode><RUDECLcat:DocumentPresentingDetails><RUDECLcat:DocPresentKindCode>1</RUDECLcat:DocPresentKindCode><RUDECLcat:PresentedDocumentModeCode>04021</RUDECLcat:PresentedDocumentModeCode></RUDECLcat:DocumentPresentingDetails></ESADout_CUPresentedDocument><ESADout_CUPresentedDocument><cat_ru:PrDocumentName>ИНВОЙС (СЧЕТ-ФАКТУРА) ЗА ПЕРЕВОЗКУ/ПОГРУЗКУ</cat_ru:PrDocumentName><cat_ru:PrDocumentNumber>4116-55308</cat_ru:PrDocumentNumber><cat_ru:PrDocumentDate>2018-04-06</cat_ru:PrDocumentDate><catESAD_cu:PresentedDocumentModeCode>04031</catESAD_cu:PresentedDocumentModeCode><RUDECLcat:DocumentPresentingDetails><RUDECLcat:DocPresentKindCode>1</RUDECLcat:DocPresentKindCode><RUDECLcat:PresentedDocumentModeCode>04031</RUDECLcat:PresentedDocumentModeCode></RUDECLcat:DocumentPresentingDetails></ESADout_CUPresentedDocument><ESADout_CUPresentedDocument><cat_ru:PrDocumentName>ОТГРУЗОЧНЫЙ (УПАКОВОЧНЫЙ) ЛИСТ</cat_ru:PrDocumentName><cat_ru:PrDocumentNumber>3736665</cat_ru:PrDocumentNumber><cat_ru:PrDocumentDate>2018-04-04</cat_ru:PrDocumentDate><catESAD_cu:PresentedDocumentModeCode>04131</catESAD_cu:PresentedDocumentModeCode><RUDECLcat:DocumentPresentingDetails><RUDECLcat:DocPresentKindCode>1</RUDECLcat:DocPresentKindCode><RUDECLcat:PresentedDocumentModeCode>04131</RUDECLcat:PresentedDocumentModeCode></RUDECLcat:DocumentPresentingDetails></ESADout_CUPresentedDocument><ESADout_CUPresentedDocument><cat_ru:PrDocumentName>УНИКАЛЬНЫЙ НОМЕР КОНТРАКТА (ПРИСВАИВАЕМЫЙ УПОЛНОМОЧЕННЫМ БАНКОМ ПРИ ПОСТАНОВКЕ КОНТРАКТА НА УЧЕТ)</cat_ru:PrDocumentName><cat_ru:PrDocumentNumber>12110026/2557/0000/2/1</cat_ru:PrDocumentNumber><catESAD_cu:PresentedDocumentModeCode>03031</catESAD_cu:PresentedDocumentModeCode><RUDECLcat:DocumentPresentingDetails><RUDECLcat:DocPresentKindCode>0</RUDECLcat:DocPresentKindCode><RUDECLcat:PresentedDocumentModeCode>03031</RUDECLcat:PresentedDocumentModeCode></RUDECLcat:DocumentPresentingDetails></ESADout_CUPresentedDocument><ESADout_CUPresentedDocument><cat_ru:PrDocumentName>ВЫПИСКА ИЗ ЕГРЮЛ</cat_ru:PrDocumentName><cat_ru:PrDocumentNumber>Б/Н</cat_ru:PrDocumentNumber><cat_ru:PrDocumentDate>2017-03-18</cat_ru:PrDocumentDate><catESAD_cu:PresentedDocumentModeCode>09023</catESAD_cu:PresentedDocumentModeCode><RUDECLcat:DocumentPresentingDetails><RUDECLcat:DocPresentKindCode>2</RUDECLcat:DocPresentKindCode><RUDECLcat:PresentedDocumentModeCode>09023</RUDECLcat:PresentedDocumentModeCode><RUDECLcat:CustomsDocIdDetails><cat_ru:CustomsCode>10000000</cat_ru:CustomsCode><cat_ru:RegistrationDate>2015-09-27</cat_ru:RegistrationDate><cat_ru:GTDNumber>0052910</cat_ru:GTDNumber></RUDECLcat:CustomsDocIdDetails></RUDECLcat:DocumentPresentingDetails></ESADout_CUPresentedDocument><ESADout_CUPresentedDocument><cat_ru:PrDocumentName>ПРИКАЗ О НАЗНАЧЕНИИ ГЕН. ДИРЕКТОРА</cat_ru:PrDocumentName><cat_ru:PrDocumentNumber>20</cat_ru:PrDocumentNumber><cat_ru:PrDocumentDate>2017-12-01</cat_ru:PrDocumentDate><catESAD_cu:PresentedDocumentModeCode>09023</catESAD_cu:PresentedDocumentModeCode><RUDECLcat:DocumentPresentingDetails><RUDECLcat:DocPresentKindCode>2</RUDECLcat:DocPresentKindCode><RUDECLcat:PresentedDocumentModeCode>09023</RUDECLcat:PresentedDocumentModeCode><RUDECLcat:CustomsDocIdDetails><cat_ru:CustomsCode>10000000</cat_ru:CustomsCode><cat_ru:RegistrationDate>2015-09-27</cat_ru:RegistrationDate><cat_ru:GTDNumber>0052910</cat_ru:GTDNumber></RUDECLcat:CustomsDocIdDetails></RUDECLcat:DocumentPresentingDetails></ESADout_CUPresentedDocument><ESADout_CUPresentedDocument><cat_ru:PrDocumentName>СПРАВКА ИЗ БАНКА</cat_ru:PrDocumentName><cat_ru:PrDocumentNumber>Б/Н</cat_ru:PrDocumentNumber><cat_ru:PrDocumentDate>2017-06-03</cat_ru:PrDocumentDate><catESAD_cu:PresentedDocumentModeCode>09023</catESAD_cu:PresentedDocumentModeCode><RUDECLcat:DocumentPresentingDetails><RUDECLcat:DocPresentKindCode>2</RUDECLcat:DocPresentKindCode><RUDECLcat:PresentedDocumentModeCode>09023</RUDECLcat:PresentedDocumentModeCode></RUDECLcat:DocumentPresentingDetails></ESADout_CUPresentedDocument><ESADout_CUPresentedDocument><cat_ru:PrDocumentName>ЭКСПОРТНАЯ ДТ</cat_ru:PrDocumentName><cat_ru:PrDocumentNumber>16DE590443881296E8</cat_ru:PrDocumentNumber><cat_ru:PrDocumentDate>2018-01-12</cat_ru:PrDocumentDate><catESAD_cu:PresentedDocumentModeCode>09023</catESAD_cu:PresentedDocumentModeCode><RUDECLcat:DocumentPresentingDetails><RUDECLcat:DocPresentKindCode>1</RUDECLcat:DocPresentKindCode><RUDECLcat:PresentedDocumentModeCode>09023</RUDECLcat:PresentedDocumentModeCode></RUDECLcat:DocumentPresentingDetails></ESADout_CUPresentedDocument><ESADout_CUPresentedDocument><cat_ru:PrDocumentName>ПИСЬМО О ЦЕЛЕВОМ НАЗНАЧЕНИИ</cat_ru:PrDocumentName><cat_ru:PrDocumentNumber>Б\Н</cat_ru:PrDocumentNumber><cat_ru:PrDocumentDate>2017-12-15</cat_ru:PrDocumentDate><catESAD_cu:PresentedDocumentModeCode>09999</catESAD_cu:PresentedDocumentModeCode><RUDECLcat:DocumentPresentingDetails><RUDECLcat:DocPresentKindCode>1</RUDECLcat:DocPresentKindCode><RUDECLcat:PresentedDocumentModeCode>09999</RUDECLcat:PresentedDocumentModeCode></RUDECLcat:DocumentPresentingDetails></ESADout_CUPresentedDocument><ESADout_CUPresentedDocument><cat_ru:PrDocumentName>ПРИКАЗ О ПРИЕМЕ НА РАБОТУ</cat_ru:PrDocumentName><cat_ru:PrDocumentNumber>17-ЛС/Д</cat_ru:PrDocumentNumber><cat_ru:PrDocumentDate>2018-01-01</cat_ru:PrDocumentDate><catESAD_cu:PresentedDocumentModeCode>09999</catESAD_cu:PresentedDocumentModeCode><RUDECLcat:DocumentPresentingDetails><RUDECLcat:DocPresentKindCode>1</RUDECLcat:DocPresentKindCode><RUDECLcat:PresentedDocumentModeCode>09999</RUDECLcat:PresentedDocumentModeCode></RUDECLcat:DocumentPresentingDetails></ESADout_CUPresentedDocument><ESADout_CUPresentedDocument><cat_ru:PrDocumentName>ТРУДОВОЙ ДОГОВОР</cat_ru:PrDocumentName><cat_ru:PrDocumentNumber>19-16</cat_ru:PrDocumentNumber><cat_ru:PrDocumentDate>2018-01-01</cat_ru:PrDocumentDate><catESAD_cu:PresentedDocumentModeCode>09999</catESAD_cu:PresentedDocumentModeCode><RUDECLcat:DocumentPresentingDetails><RUDECLcat:DocPresentKindCode>1</RUDECLcat:DocPresentKindCode><RUDECLcat:PresentedDocumentModeCode>09999</RUDECLcat:PresentedDocumentModeCode></RUDECLcat:DocumentPresentingDetails></ESADout_CUPresentedDocument><ESADout_CUCustomsPaymentCalculation><catESAD_cu:PaymentModeCode>1010</catESAD_cu:PaymentModeCode><catESAD_cu:PaymentAmount>375</catESAD_cu:PaymentAmount><catESAD_cu:PaymentCurrencyCode>643</catESAD_cu:PaymentCurrencyCode><catESAD_cu:TaxBase>54410.23</catESAD_cu:TaxBase><catESAD_cu:TaxBaseCurrencyCode>643</catESAD_cu:TaxBaseCurrencyCode><catESAD_cu:Rate>375</catESAD_cu:Rate><catESAD_cu:RateTypeCode>*</catESAD_cu:RateTypeCode><catESAD_cu:RateCurrencyCode>643</catESAD_cu:RateCurrencyCode><catESAD_cu:RateUseDate>2019-07-22</catESAD_cu:RateUseDate><catESAD_cu:PaymentCode>ИУ</catESAD_cu:PaymentCode></ESADout_CUCustomsPaymentCalculation><ESADout_CUCustomsPaymentCalculation><catESAD_cu:PaymentModeCode>2010</catESAD_cu:PaymentModeCode><catESAD_cu:PaymentAmount>2063.56</catESAD_cu:PaymentAmount><catESAD_cu:PaymentCurrencyCode>643</catESAD_cu:PaymentCurrencyCode><catESAD_cu:TaxBase>25794.54</catESAD_cu:TaxBase><catESAD_cu:TaxBaseCurrencyCode>643</catESAD_cu:TaxBaseCurrencyCode><catESAD_cu:Rate>8</catESAD_cu:Rate><catESAD_cu:RateTypeCode>%</catESAD_cu:RateTypeCode><catESAD_cu:RateUseDate>2019-07-22</catESAD_cu:RateUseDate><catESAD_cu:PaymentCode>ИУ</catESAD_cu:PaymentCode></ESADout_CUCustomsPaymentCalculation><ESADout_CUCustomsPaymentCalculation><catESAD_cu:PaymentModeCode>5010</catESAD_cu:PaymentModeCode><catESAD_cu:PaymentAmount>5571.62</catESAD_cu:PaymentAmount><catESAD_cu:PaymentCurrencyCode>643</catESAD_cu:PaymentCurrencyCode><catESAD_cu:TaxBase>27858.1</catESAD_cu:TaxBase><catESAD_cu:TaxBaseCurrencyCode>643</catESAD_cu:TaxBaseCurrencyCode><catESAD_cu:Rate>20</catESAD_cu:Rate><catESAD_cu:RateTypeCode>%</catESAD_cu:RateTypeCode><catESAD_cu:RateUseDate>2019-07-22</catESAD_cu:RateUseDate><catESAD_cu:PaymentCode>ИУ</catESAD_cu:PaymentCode></ESADout_CUCustomsPaymentCalculation><ESADGoodsPackaging><catESAD_cu:PakageQuantity>1</catESAD_cu:PakageQuantity><catESAD_cu:PakageTypeCode>1</catESAD_cu:PakageTypeCode><catESAD_cu:PackagePalleteInformation><catESAD_cu:InfoKindCode>0</catESAD_cu:InfoKindCode><catESAD_cu:PalleteCode>DC</catESAD_cu:PalleteCode><catESAD_cu:PalleteQuantity>1</catESAD_cu:PalleteQuantity></catESAD_cu:PackagePalleteInformation><catESAD_cu:PackagePalleteInformation><catESAD_cu:InfoKindCode>1</catESAD_cu:InfoKindCode><catESAD_cu:PalleteCode>PA</catESAD_cu:PalleteCode></catESAD_cu:PackagePalleteInformation><catESAD_cu:PackagePalleteInformation><catESAD_cu:InfoKindCode>3</catESAD_cu:InfoKindCode><catESAD_cu:PalleteCode>PX</catESAD_cu:PalleteCode><catESAD_cu:PalleteQuantity>1</catESAD_cu:PalleteQuantity><catESAD_cu:CargoDescriptionText>ОБЩИМ ВЕСОМ 20 КГ</catESAD_cu:CargoDescriptionText></catESAD_cu:PackagePalleteInformation></ESADGoodsPackaging><ESADCustomsProcedure><catESAD_cu:MainCustomsModeCode>40</catESAD_cu:MainCustomsModeCode><catESAD_cu:PrecedingCustomsModeCode>00</catESAD_cu:PrecedingCustomsModeCode><catESAD_cu:GoodsTransferFeature>000</catESAD_cu:GoodsTransferFeature></ESADCustomsProcedure></ESADout_CUGoods><ESADout_CUGoods><catESAD_cu:GoodsNumeric>2</catESAD_cu:GoodsNumeric><catESAD_cu:GoodsDescription>ГАЙКИ САМОСТОПОРЯЩИЕСЯ ИЗ ЧЕРНЫХ МЕТАЛЛОВ С НАРЕЗАННОЙ РЕЗЬБОЙ ДЛЯ СЕЛЬСКОХОЗЯЙСТВЕННОЙ ТЕХНИКИ:</catESAD_cu:GoodsDescription><catESAD_cu:GrossWeightQuantity>3.014</catESAD_cu:GrossWeightQuantity><catESAD_cu:NetWeightQuantity>2.25</catESAD_cu:NetWeightQuantity><catESAD_cu:InvoicedCost>65.2</catESAD_cu:InvoicedCost><catESAD_cu:CustomsCost>6446.52</catESAD_cu:CustomsCost><catESAD_cu:StatisticalCost>102.54</catESAD_cu:StatisticalCost><catESAD_cu:GoodsTNVEDCode>7318165000</catESAD_cu:GoodsTNVEDCode><catESAD_cu:OriginCountryCode>DE</catESAD_cu:OriginCountryCode><catESAD_cu:CustomsCostCorrectMethod>1</catESAD_cu:CustomsCostCorrectMethod><catESAD_cu:AdditionalSheetCount>2</catESAD_cu:AdditionalSheetCount><catESAD_cu:GoodsGroupDescription><catESAD_cu:GoodsDescription>:С ДЮЙМОВОЙ РЕЗЬБОЙ, ШЕСТИГРАННАЯ, НОМИНАЛ. ВНУТР. ДИАМ. РЕЗЬБЫ 6ММ, ДОП. ЭЛЕМЕНТЫ КОНСТРУКЦ. (ПАЗЫ, ПРОТОЧКИ, ПРОРЕЗИ, ОТВЕРСТИЯ, НАСЕЧКИ, ВЫСТУПЫ) ОТСУТСТВУЮТ, БЕЗ ФЛАНЦА, БЕЗ БУРТА, НЕ КОЛПАЧКОВАЯ, НЕКОРРОЗИОННОСТОЙКАЯ СТАЛЬ</catESAD_cu:GoodsDescription><catESAD_cu:GoodsGroupInformation><catESAD_cu:Manufacturer>GERRANG GMBH</catESAD_cu:Manufacturer><catESAD_cu:TradeMark>GERRANG</catESAD_cu:TradeMark><catESAD_cu:GoodsMark>GERRANG</catESAD_cu:GoodsMark><catESAD_cu:GoodsModel>ОТСУТСТВУЕТ</catESAD_cu:GoodsModel><catESAD_cu:GoodsMarking>14M739</catESAD_cu:GoodsMarking><catESAD_cu:GoodsGroupQuantity><catESAD_cu:GoodsQuantity>500</catESAD_cu:GoodsQuantity><catESAD_cu:MeasureUnitQualifierName>ШТ</catESAD_cu:MeasureUnitQualifierName><catESAD_cu:MeasureUnitQualifierCode>796</catESAD_cu:MeasureUnitQualifierCode></catESAD_cu:GoodsGroupQuantity></catESAD_cu:GoodsGroupInformation><catESAD_cu:GroupNum>1</catESAD_cu:GroupNum></catESAD_cu:GoodsGroupDescription><catESAD_cu:Preferencii><catESAD_cu:CustomsTax>ОО</catESAD_cu:CustomsTax><catESAD_cu:CustomsDuty>ОО</catESAD_cu:CustomsDuty><catESAD_cu:Excise>-</catESAD_cu:Excise><catESAD_cu:Rate>ОО</catESAD_cu:Rate></catESAD_cu:Preferencii><LanguageGoods>RU</LanguageGoods><ESADout_CUPresentedDocument><cat_ru:PrDocumentName>АВИАНАКЛАДНАЯ</cat_ru:PrDocumentName><cat_ru:PrDocumentNumber>580-10655304</cat_ru:PrDocumentNumber><cat_ru:PrDocumentDate>2018-04-07</cat_ru:PrDocumentDate><catESAD_cu:PresentedDocumentModeCode>02017</catESAD_cu:PresentedDocumentModeCode><RUDECLcat:DocumentPresentingDetails><RUDECLcat:DocPresentKindCode>1</RUDECLcat:DocPresentKindCode><RUDECLcat:PresentedDocumentModeCode>02017</RUDECLcat:PresentedDocumentModeCode></RUDECLcat:DocumentPresentingDetails></ESADout_CUPresentedDocument><ESADout_CUPresentedDocument><cat_ru:PrDocumentName>ДОГОВОР (КОНТРАКТ)</cat_ru:PrDocumentName><cat_ru:PrDocumentNumber>60505</cat_ru:PrDocumentNumber><cat_ru:PrDocumentDate>2016-04-13</cat_ru:PrDocumentDate><catESAD_cu:PresentedDocumentModeCode>03011</catESAD_cu:PresentedDocumentModeCode><RUDECLcat:DocumentPresentingDetails><RUDECLcat:DocPresentKindCode>0</RUDECLcat:DocPresentKindCode><RUDECLcat:PresentedDocumentModeCode>03011</RUDECLcat:PresentedDocumentModeCode></RUDECLcat:DocumentPresentingDetails></ESADout_CUPresentedDocument><ESADout_CUPresentedDocument><cat_ru:PrDocumentName>ДОПОЛНЕНИЕ К ДОГОВОРУ</cat_ru:PrDocumentName><cat_ru:PrDocumentNumber>1</cat_ru:PrDocumentNumber><cat_ru:PrDocumentDate>2017-02-24</cat_ru:PrDocumentDate><catESAD_cu:PresentedDocumentModeCode>03012</catESAD_cu:PresentedDocumentModeCode><RUDECLcat:DocumentPresentingDetails><RUDECLcat:DocPresentKindCode>0</RUDECLcat:DocPresentKindCode><RUDECLcat:PresentedDocumentModeCode>03012</RUDECLcat:PresentedDocumentModeCode></RUDECLcat:DocumentPresentingDetails></ESADout_CUPresentedDocument><ESADout_CUPresentedDocument><cat_ru:PrDocumentName>СВИДЕТЕЛЬСТВО ИМНС О ВНЕСЕНИИ В ЕГРЮЛ</cat_ru:PrDocumentName><cat_ru:PrDocumentNumber>1027809233374</cat_ru:PrDocumentNumber><cat_ru:PrDocumentDate>2016-05-26</cat_ru:PrDocumentDate><catESAD_cu:PresentedDocumentModeCode>04011</catESAD_cu:PresentedDocumentModeCode><RUDECLcat:DocumentPresentingDetails><RUDECLcat:DocPresentKindCode>2</RUDECLcat:DocPresentKindCode><RUDECLcat:PresentedDocumentModeCode>04011</RUDECLcat:PresentedDocumentModeCode><RUDECLcat:CustomsDocIdDetails><cat_ru:CustomsCode>10000000</cat_ru:CustomsCode><cat_ru:RegistrationDate>2015-09-27</cat_ru:RegistrationDate><cat_ru:GTDNumber>0052910</cat_ru:GTDNumber></RUDECLcat:CustomsDocIdDetails></RUDECLcat:DocumentPresentingDetails></ESADout_CUPresentedDocument><ESADout_CUPresentedDocument><cat_ru:PrDocumentName>СВИДЕТЕЛЬСТВО ИНН</cat_ru:PrDocumentName><cat_ru:PrDocumentNumber>78 25679650</cat_ru:PrDocumentNumber><cat_ru:PrDocumentDate>2016-05-26</cat_ru:PrDocumentDate><catESAD_cu:PresentedDocumentModeCode>04011</catESAD_cu:PresentedDocumentModeCode><RUDECLcat:DocumentPresentingDetails><RUDECLcat:DocPresentKindCode>2</RUDECLcat:DocPresentKindCode><RUDECLcat:PresentedDocumentModeCode>04011</RUDECLcat:PresentedDocumentModeCode><RUDECLcat:CustomsDocIdDetails><cat_ru:CustomsCode>10000000</cat_ru:CustomsCode><cat_ru:RegistrationDate>2015-09-27</cat_ru:RegistrationDate><cat_ru:GTDNumber>0052910</cat_ru:GTDNumber></RUDECLcat:CustomsDocIdDetails></RUDECLcat:DocumentPresentingDetails></ESADout_CUPresentedDocument><ESADout_CUPresentedDocument><cat_ru:PrDocumentName>УСТАВ</cat_ru:PrDocumentName><cat_ru:PrDocumentNumber>Б/Н</cat_ru:PrDocumentNumber><cat_ru:PrDocumentDate>2016-08-12</cat_ru:PrDocumentDate><catESAD_cu:PresentedDocumentModeCode>04011</catESAD_cu:PresentedDocumentModeCode><RUDECLcat:DocumentPresentingDetails><RUDECLcat:DocPresentKindCode>2</RUDECLcat:DocPresentKindCode><RUDECLcat:PresentedDocumentModeCode>04011</RUDECLcat:PresentedDocumentModeCode><RUDECLcat:CustomsDocIdDetails><cat_ru:CustomsCode>10000000</cat_ru:CustomsCode><cat_ru:RegistrationDate>2015-09-27</cat_ru:RegistrationDate><cat_ru:GTDNumber>0052910</cat_ru:GTDNumber></RUDECLcat:CustomsDocIdDetails></RUDECLcat:DocumentPresentingDetails></ESADout_CUPresentedDocument><ESADout_CUPresentedDocument><cat_ru:PrDocumentName>ИНВОЙС (ПЕРЕВОД)</cat_ru:PrDocumentName><cat_ru:PrDocumentNumber>3736665</cat_ru:PrDocumentNumber><cat_ru:PrDocumentDate>2018-04-04</cat_ru:PrDocumentDate><catESAD_cu:PresentedDocumentModeCode>04021</catESAD_cu:PresentedDocumentModeCode><RUDECLcat:DocumentPresentingDetails><RUDECLcat:DocPresentKindCode>1</RUDECLcat:DocPresentKindCode><RUDECLcat:PresentedDocumentModeCode>04021</RUDECLcat:PresentedDocumentModeCode></RUDECLcat:DocumentPresentingDetails></ESADout_CUPresentedDocument><ESADout_CUPresentedDocument><cat_ru:PrDocumentName>ИНВОЙС (СЧЕТ-ФАКТУРА) ЗА ПЕРЕВОЗКУ/ПОГРУЗКУ</cat_ru:PrDocumentName><cat_ru:PrDocumentNumber>4116-55308</cat_ru:PrDocumentNumber><cat_ru:PrDocumentDate>2018-04-06</cat_ru:PrDocumentDate><catESAD_cu:PresentedDocumentModeCode>04031</catESAD_cu:PresentedDocumentModeCode><RUDECLcat:DocumentPresentingDetails><RUDECLcat:DocPresentKindCode>1</RUDECLcat:DocPresentKindCode><RUDECLcat:PresentedDocumentModeCode>04031</RUDECLcat:PresentedDocumentModeCode></RUDECLcat:DocumentPresentingDetails></ESADout_CUPresentedDocument><ESADout_CUPresentedDocument><cat_ru:PrDocumentName>ОТГРУЗОЧНЫЙ (УПАКОВОЧНЫЙ) ЛИСТ</cat_ru:PrDocumentName><cat_ru:PrDocumentNumber>3736665</cat_ru:PrDocumentNumber><cat_ru:PrDocumentDate>2018-04-04</cat_ru:PrDocumentDate><catESAD_cu:PresentedDocumentModeCode>04131</catESAD_cu:PresentedDocumentModeCode><RUDECLcat:DocumentPresentingDetails><RUDECLcat:DocPresentKindCode>1</RUDECLcat:DocPresentKindCode><RUDECLcat:PresentedDocumentModeCode>04131</RUDECLcat:PresentedDocumentModeCode></RUDECLcat:DocumentPresentingDetails></ESADout_CUPresentedDocument><ESADout_CUPresentedDocument><cat_ru:PrDocumentName>УНИКАЛЬНЫЙ НОМЕР КОНТРАКТА (ПРИСВАИВАЕМЫЙ УПОЛНОМОЧЕННЫМ БАНКОМ ПРИ ПОСТАНОВКЕ КОНТРАКТА НА УЧЕТ)</cat_ru:PrDocumentName><cat_ru:PrDocumentNumber>12110026/2557/0000/2/1</cat_ru:PrDocumentNumber><catESAD_cu:PresentedDocumentModeCode>03031</catESAD_cu:PresentedDocumentModeCode><RUDECLcat:DocumentPresentingDetails><RUDECLcat:DocPresentKindCode>0</RUDECLcat:DocPresentKindCode><RUDECLcat:PresentedDocumentModeCode>03031</RUDECLcat:PresentedDocumentModeCode></RUDECLcat:DocumentPresentingDetails></ESADout_CUPresentedDocument><ESADout_CUPresentedDocument><cat_ru:PrDocumentName>ВЫПИСКА ИЗ ЕГРЮЛ</cat_ru:PrDocumentName><cat_ru:PrDocumentNumber>Б/Н</cat_ru:PrDocumentNumber><cat_ru:PrDocumentDate>2017-03-18</cat_ru:PrDocumentDate><catESAD_cu:PresentedDocumentModeCode>09023</catESAD_cu:PresentedDocumentModeCode><RUDECLcat:DocumentPresentingDetails><RUDECLcat:DocPresentKindCode>2</RUDECLcat:DocPresentKindCode><RUDECLcat:PresentedDocumentModeCode>09023</RUDECLcat:PresentedDocumentModeCode><RUDECLcat:CustomsDocIdDetails><cat_ru:CustomsCode>10000000</cat_ru:CustomsCode><cat_ru:RegistrationDate>2015-09-27</cat_ru:RegistrationDate><cat_ru:GTDNumber>0052910</cat_ru:GTDNumber></RUDECLcat:CustomsDocIdDetails></RUDECLcat:DocumentPresentingDetails></ESADout_CUPresentedDocument><ESADout_CUPresentedDocument><cat_ru:PrDocumentName>ПРИКАЗ О НАЗНАЧЕНИИ ГЕН. ДИРЕКТОРА</cat_ru:PrDocumentName><cat_ru:PrDocumentNumber>20</cat_ru:PrDocumentNumber><cat_ru:PrDocumentDate>2017-12-01</cat_ru:PrDocumentDate><catESAD_cu:PresentedDocumentModeCode>09023</catESAD_cu:PresentedDocumentModeCode><RUDECLcat:DocumentPresentingDetails><RUDECLcat:DocPresentKindCode>2</RUDECLcat:DocPresentKindCode><RUDECLcat:PresentedDocumentModeCode>09023</RUDECLcat:PresentedDocumentModeCode><RUDECLcat:CustomsDocIdDetails><cat_ru:CustomsCode>10000000</cat_ru:CustomsCode><cat_ru:RegistrationDate>2015-09-27</cat_ru:RegistrationDate><cat_ru:GTDNumber>0052910</cat_ru:GTDNumber></RUDECLcat:CustomsDocIdDetails></RUDECLcat:DocumentPresentingDetails></ESADout_CUPresentedDocument><ESADout_CUPresentedDocument><cat_ru:PrDocumentName>СПРАВКА ИЗ БАНКА</cat_ru:PrDocumentName><cat_ru:PrDocumentNumber>Б/Н</cat_ru:PrDocumentNumber><cat_ru:PrDocumentDate>2017-06-03</cat_ru:PrDocumentDate><catESAD_cu:PresentedDocumentModeCode>09023</catESAD_cu:PresentedDocumentModeCode><RUDECLcat:DocumentPresentingDetails><RUDECLcat:DocPresentKindCode>2</RUDECLcat:DocPresentKindCode><RUDECLcat:PresentedDocumentModeCode>09023</RUDECLcat:PresentedDocumentModeCode></RUDECLcat:DocumentPresentingDetails></ESADout_CUPresentedDocument><ESADout_CUPresentedDocument><cat_ru:PrDocumentName>ЭКСПОРТНАЯ ДТ</cat_ru:PrDocumentName><cat_ru:PrDocumentNumber>16DE590443881296E8</cat_ru:PrDocumentNumber><cat_ru:PrDocumentDate>2018-01-12</cat_ru:PrDocumentDate><catESAD_cu:PresentedDocumentModeCode>09023</catESAD_cu:PresentedDocumentModeCode><RUDECLcat:DocumentPresentingDetails><RUDECLcat:DocPresentKindCode>1</RUDECLcat:DocPresentKindCode><RUDECLcat:PresentedDocumentModeCode>09023</RUDECLcat:PresentedDocumentModeCode></RUDECLcat:DocumentPresentingDetails></ESADout_CUPresentedDocument><ESADout_CUPresentedDocument><cat_ru:PrDocumentName>ПИСЬМО О ЦЕЛЕВОМ НАЗНАЧЕНИИ</cat_ru:PrDocumentName><cat_ru:PrDocumentNumber>Б\Н</cat_ru:PrDocumentNumber><cat_ru:PrDocumentDate>2017-12-15</cat_ru:PrDocumentDate><catESAD_cu:PresentedDocumentModeCode>09999</catESAD_cu:PresentedDocumentModeCode><RUDECLcat:DocumentPresentingDetails><RUDECLcat:DocPresentKindCode>1</RUDECLcat:DocPresentKindCode><RUDECLcat:PresentedDocumentModeCode>09999</RUDECLcat:PresentedDocumentModeCode></RUDECLcat:DocumentPresentingDetails></ESADout_CUPresentedDocument><ESADout_CUPresentedDocument><cat_ru:PrDocumentName>ПРИКАЗ О ПРИЕМЕ НА РАБОТУ</cat_ru:PrDocumentName><cat_ru:PrDocumentNumber>17-ЛС/Д</cat_ru:PrDocumentNumber><cat_ru:PrDocumentDate>2018-01-01</cat_ru:PrDocumentDate><catESAD_cu:PresentedDocumentModeCode>09999</catESAD_cu:PresentedDocumentModeCode><RUDECLcat:DocumentPresentingDetails><RUDECLcat:DocPresentKindCode>1</RUDECLcat:DocPresentKindCode><RUDECLcat:PresentedDocumentModeCode>09999</RUDECLcat:PresentedDocumentModeCode></RUDECLcat:DocumentPresentingDetails></ESADout_CUPresentedDocument><ESADout_CUPresentedDocument><cat_ru:PrDocumentName>ТРУДОВОЙ ДОГОВОР</cat_ru:PrDocumentName><cat_ru:PrDocumentNumber>19-16</cat_ru:PrDocumentNumber><cat_ru:PrDocumentDate>2018-01-01</cat_ru:PrDocumentDate><catESAD_cu:PresentedDocumentModeCode>09999</catESAD_cu:PresentedDocumentModeCode><RUDECLcat:DocumentPresentingDetails><RUDECLcat:DocPresentKindCode>1</RUDECLcat:DocPresentKindCode><RUDECLcat:PresentedDocumentModeCode>09999</RUDECLcat:PresentedDocumentModeCode></RUDECLcat:DocumentPresentingDetails></ESADout_CUPresentedDocument><ESADout_CUCustomsPaymentCalculation><catESAD_cu:PaymentModeCode>2010</catESAD_cu:PaymentModeCode><catESAD_cu:PaymentAmount>515.72</catESAD_cu:PaymentAmount><catESAD_cu:PaymentCurrencyCode>643</catESAD_cu:PaymentCurrencyCode><catESAD_cu:TaxBase>6446.52</catESAD_cu:TaxBase><catESAD_cu:TaxBaseCurrencyCode>643</catESAD_cu:TaxBaseCurrencyCode><catESAD_cu:Rate>8</catESAD_cu:Rate><catESAD_cu:RateTypeCode>%</catESAD_cu:RateTypeCode><catESAD_cu:RateUseDate>2019-07-22</catESAD_cu:RateUseDate><catESAD_cu:PaymentCode>ИУ</catESAD_cu:PaymentCode></ESADout_CUCustomsPaymentCalculation><ESADout_CUCustomsPaymentCalculation><catESAD_cu:PaymentModeCode>5010</catESAD_cu:PaymentModeCode><catESAD_cu:PaymentAmount>1392.45</catESAD_cu:PaymentAmount><catESAD_cu:PaymentCurrencyCode>643</catESAD_cu:PaymentCurrencyCode><catESAD_cu:TaxBase>6962.24</catESAD_cu:TaxBase><catESAD_cu:TaxBaseCurrencyCode>643</catESAD_cu:TaxBaseCurrencyCode><catESAD_cu:Rate>20</catESAD_cu:Rate><catESAD_cu:RateTypeCode>%</catESAD_cu:RateTypeCode><catESAD_cu:RateUseDate>2019-07-22</catESAD_cu:RateUseDate><catESAD_cu:PaymentCode>ИУ</catESAD_cu:PaymentCode></ESADout_CUCustomsPaymentCalculation><ESADGoodsPackaging><catESAD_cu:PakageQuantity>1</catESAD_cu:PakageQuantity><catESAD_cu:PakageTypeCode>1</catESAD_cu:PakageTypeCode><catESAD_cu:PackagePalleteInformation><catESAD_cu:InfoKindCode>0</catESAD_cu:InfoKindCode><catESAD_cu:PalleteCode>DC</catESAD_cu:PalleteCode><catESAD_cu:PalleteQuantity>1</catESAD_cu:PalleteQuantity></catESAD_cu:PackagePalleteInformation><catESAD_cu:PackagePalleteInformation><catESAD_cu:InfoKindCode>1</catESAD_cu:InfoKindCode><catESAD_cu:PalleteCode>PA</catESAD_cu:PalleteCode></catESAD_cu:PackagePalleteInformation></ESADGoodsPackaging><ESADCustomsProcedure><catESAD_cu:MainCustomsModeCode>40</catESAD_cu:MainCustomsModeCode><catESAD_cu:PrecedingCustomsModeCode>00</catESAD_cu:PrecedingCustomsModeCode><catESAD_cu:GoodsTransferFeature>000</catESAD_cu:GoodsTransferFeature></ESADCustomsProcedure></ESADout_CUGoods><ESADout_CUGoods><catESAD_cu:GoodsNumeric>3</catESAD_cu:GoodsNumeric><catESAD_cu:GoodsDescription>ГАЙКИ ИЗ ЧЕРНЫХ МЕТАЛЛОВ С ВНУТРЕННИМ ДИАМЕТРОМ БОЛЕЕ 12 ММ, С НАРЕЗАННОЙ РЕЗЬБОЙ ДЛЯ СЕЛЬСКОХОЗЯЙСТВЕННОЙ ТЕХНИКИ:</catESAD_cu:GoodsDescription><catESAD_cu:GrossWeightQuantity>29.589</catESAD_cu:GrossWeightQuantity><catESAD_cu:NetWeightQuantity>24.6</catESAD_cu:NetWeightQuantity><catESAD_cu:InvoicedCost>59.19</catESAD_cu:InvoicedCost><catESAD_cu:CustomsCost>22169.17</catESAD_cu:CustomsCost><catESAD_cu:StatisticalCost>352.64</catESAD_cu:StatisticalCost><catESAD_cu:GoodsTNVEDCode>7318169900</catESAD_cu:GoodsTNVEDCode><catESAD_cu:OriginCountryCode>DE</catESAD_cu:OriginCountryCode><catESAD_cu:CustomsCostCorrectMethod>1</catESAD_cu:CustomsCostCorrectMethod><catESAD_cu:AdditionalSheetCount>2</catESAD_cu:AdditionalSheetCount><catESAD_cu:GoodsGroupDescription><catESAD_cu:GoodsDescription>:С ФЛАНЦЕМ, ШЕСТИГРАННАЯ, НОМИНАЛ. ВНУТР. ДИАМ. РЕЗЬБЫ 16ММ, ДОП. ЭЛЕМЕНТЫ КОНСТРУКЦ. (ПАЗЫ, ПРОТОЧКИ, ПРОРЕЗИ, ОТВЕРСТИЯ, НАСЕЧКИ, ВЫСТУПЫ) ОТСУТСТВУЮТ, НЕКОРРОЗИОННОСТОЙКАЯ СТАЛЬ</catESAD_cu:GoodsDescription><catESAD_cu:GoodsGroupInformation><catESAD_cu:Manufacturer>GERRANG GMBH</catESAD_cu:Manufacturer><catESAD_cu:TradeMark>GERRANG</catESAD_cu:TradeMark><catESAD_cu:GoodsMark>GERRANG</catESAD_cu:GoodsMark><catESAD_cu:GoodsModel>ОТСУТСТВУЕТ</catESAD_cu:GoodsModel><catESAD_cu:GoodsMarking>14M729</catESAD_cu:GoodsMarking><catESAD_cu:GoodsGroupQuantity><catESAD_cu:GoodsQuantity>450</catESAD_cu:GoodsQuantity><catESAD_cu:MeasureUnitQualifierName>ШТ</catESAD_cu:MeasureUnitQualifierName><catESAD_cu:MeasureUnitQualifierCode>796</catESAD_cu:MeasureUnitQualifierCode></catESAD_cu:GoodsGroupQuantity></catESAD_cu:GoodsGroupInformation><catESAD_cu:GroupNum>1</catESAD_cu:GroupNum></catESAD_cu:GoodsGroupDescription><catESAD_cu:Preferencii><catESAD_cu:CustomsTax>ОО</catESAD_cu:CustomsTax><catESAD_cu:CustomsDuty>ОО</catESAD_cu:CustomsDuty><catESAD_cu:Excise>-</catESAD_cu:Excise><catESAD_cu:Rate>ОО</catESAD_cu:Rate></catESAD_cu:Preferencii><LanguageGoods>RU</LanguageGoods><ESADout_CUPresentedDocument><cat_ru:PrDocumentName>АВИАНАКЛАДНАЯ</cat_ru:PrDocumentName><cat_ru:PrDocumentNumber>580-10655304</cat_ru:PrDocumentNumber><cat_ru:PrDocumentDate>2018-04-07</cat_ru:PrDocumentDate><catESAD_cu:PresentedDocumentModeCode>02017</catESAD_cu:PresentedDocumentModeCode><RUDECLcat:DocumentPresentingDetails><RUDECLcat:DocPresentKindCode>1</RUDECLcat:DocPresentKindCode><RUDECLcat:PresentedDocumentModeCode>02017</RUDECLcat:PresentedDocumentModeCode></RUDECLcat:DocumentPresentingDetails></ESADout_CUPresentedDocument><ESADout_CUPresentedDocument><cat_ru:PrDocumentName>ДОГОВОР (КОНТРАКТ)</cat_ru:PrDocumentName><cat_ru:PrDocumentNumber>60505</cat_ru:PrDocumentNumber><cat_ru:PrDocumentDate>2016-04-13</cat_ru:PrDocumentDate><catESAD_cu:PresentedDocumentModeCode>03011</catESAD_cu:PresentedDocumentModeCode><RUDECLcat:DocumentPresentingDetails><RUDECLcat:DocPresentKindCode>0</RUDECLcat:DocPresentKindCode><RUDECLcat:PresentedDocumentModeCode>03011</RUDECLcat:PresentedDocumentModeCode></RUDECLcat:DocumentPresentingDetails></ESADout_CUPresentedDocument><ESADout_CUPresentedDocument><cat_ru:PrDocumentName>ДОПОЛНЕНИЕ К ДОГОВОРУ</cat_ru:PrDocumentName><cat_ru:PrDocumentNumber>1</cat_ru:PrDocumentNumber><cat_ru:PrDocumentDate>2017-02-24</cat_ru:PrDocumentDate><catESAD_cu:PresentedDocumentModeCode>03012</catESAD_cu:PresentedDocumentModeCode><RUDECLcat:DocumentPresentingDetails><RUDECLcat:DocPresentKindCode>0</RUDECLcat:DocPresentKindCode><RUDECLcat:PresentedDocumentModeCode>03012</RUDECLcat:PresentedDocumentModeCode></RUDECLcat:DocumentPresentingDetails></ESADout_CUPresentedDocument><ESADout_CUPresentedDocument><cat_ru:PrDocumentName>СВИДЕТЕЛЬСТВО ИМНС О ВНЕСЕНИИ В ЕГРЮЛ</cat_ru:PrDocumentName><cat_ru:PrDocumentNumber>1027809233374</cat_ru:PrDocumentNumber><cat_ru:PrDocumentDate>2016-05-26</cat_ru:PrDocumentDate><catESAD_cu:PresentedDocumentModeCode>04011</catESAD_cu:PresentedDocumentModeCode><RUDECLcat:DocumentPresentingDetails><RUDECLcat:DocPresentKindCode>2</RUDECLcat:DocPresentKindCode><RUDECLcat:PresentedDocumentModeCode>04011</RUDECLcat:PresentedDocumentModeCode><RUDECLcat:CustomsDocIdDetails><cat_ru:CustomsCode>10000000</cat_ru:CustomsCode><cat_ru:RegistrationDate>2015-09-27</cat_ru:RegistrationDate><cat_ru:GTDNumber>0052910</cat_ru:GTDNumber></RUDECLcat:CustomsDocIdDetails></RUDECLcat:DocumentPresentingDetails></ESADout_CUPresentedDocument><ESADout_CUPresentedDocument><cat_ru:PrDocumentName>СВИДЕТЕЛЬСТВО ИНН</cat_ru:PrDocumentName><cat_ru:PrDocumentNumber>78 25679650</cat_ru:PrDocumentNumber><cat_ru:PrDocumentDate>2016-05-26</cat_ru:PrDocumentDate><catESAD_cu:PresentedDocumentModeCode>04011</catESAD_cu:PresentedDocumentModeCode><RUDECLcat:DocumentPresentingDetails><RUDECLcat:DocPresentKindCode>2</RUDECLcat:DocPresentKindCode><RUDECLcat:PresentedDocumentModeCode>04011</RUDECLcat:PresentedDocumentModeCode><RUDECLcat:CustomsDocIdDetails><cat_ru:CustomsCode>10000000</cat_ru:CustomsCode><cat_ru:RegistrationDate>2015-09-27</cat_ru:RegistrationDate><cat_ru:GTDNumber>0052910</cat_ru:GTDNumber></RUDECLcat:CustomsDocIdDetails></RUDECLcat:DocumentPresentingDetails></ESADout_CUPresentedDocument><ESADout_CUPresentedDocument><cat_ru:PrDocumentName>УСТАВ</cat_ru:PrDocumentName><cat_ru:PrDocumentNumber>Б/Н</cat_ru:PrDocumentNumber><cat_ru:PrDocumentDate>2016-08-12</cat_ru:PrDocumentDate><catESAD_cu:PresentedDocumentModeCode>04011</catESAD_cu:PresentedDocumentModeCode><RUDECLcat:DocumentPresentingDetails><RUDECLcat:DocPresentKindCode>2</RUDECLcat:DocPresentKindCode><RUDECLcat:PresentedDocumentModeCode>04011</RUDECLcat:PresentedDocumentModeCode><RUDECLcat:CustomsDocIdDetails><cat_ru:CustomsCode>10000000</cat_ru:CustomsCode><cat_ru:RegistrationDate>2015-09-27</cat_ru:RegistrationDate><cat_ru:GTDNumber>0052910</cat_ru:GTDNumber></RUDECLcat:CustomsDocIdDetails></RUDECLcat:DocumentPresentingDetails></ESADout_CUPresentedDocument><ESADout_CUPresentedDocument><cat_ru:PrDocumentName>ИНВОЙС (ПЕРЕВОД)</cat_ru:PrDocumentName><cat_ru:PrDocumentNumber>3736665</cat_ru:PrDocumentNumber><cat_ru:PrDocumentDate>2018-04-04</cat_ru:PrDocumentDate><catESAD_cu:PresentedDocumentModeCode>04021</catESAD_cu:PresentedDocumentModeCode><RUDECLcat:DocumentPresentingDetails><RUDECLcat:DocPresentKindCode>1</RUDECLcat:DocPresentKindCode><RUDECLcat:PresentedDocumentModeCode>04021</RUDECLcat:PresentedDocumentModeCode></RUDECLcat:DocumentPresentingDetails></ESADout_CUPresentedDocument><ESADout_CUPresentedDocument><cat_ru:PrDocumentName>ИНВОЙС (СЧЕТ-ФАКТУРА) ЗА ПЕРЕВОЗКУ/ПОГРУЗКУ</cat_ru:PrDocumentName><cat_ru:PrDocumentNumber>4116-55308</cat_ru:PrDocumentNumber><cat_ru:PrDocumentDate>2018-04-06</cat_ru:PrDocumentDate><catESAD_cu:PresentedDocumentModeCode>04031</catESAD_cu:PresentedDocumentModeCode><RUDECLcat:DocumentPresentingDetails><RUDECLcat:DocPresentKindCode>1</RUDECLcat:DocPresentKindCode><RUDECLcat:PresentedDocumentModeCode>04031</RUDECLcat:PresentedDocumentModeCode></RUDECLcat:DocumentPresentingDetails></ESADout_CUPresentedDocument><ESADout_CUPresentedDocument><cat_ru:PrDocumentName>ОТГРУЗОЧНЫЙ (УПАКОВОЧНЫЙ) ЛИСТ</cat_ru:PrDocumentName><cat_ru:PrDocumentNumber>3736665</cat_ru:PrDocumentNumber><cat_ru:PrDocumentDate>2018-04-04</cat_ru:PrDocumentDate><catESAD_cu:PresentedDocumentModeCode>04131</catESAD_cu:PresentedDocumentModeCode><RUDECLcat:DocumentPresentingDetails><RUDECLcat:DocPresentKindCode>1</RUDECLcat:DocPresentKindCode><RUDECLcat:PresentedDocumentModeCode>04131</RUDECLcat:PresentedDocumentModeCode></RUDECLcat:DocumentPresentingDetails></ESADout_CUPresentedDocument><ESADout_CUPresentedDocument><cat_ru:PrDocumentName>УНИКАЛЬНЫЙ НОМЕР КОНТРАКТА (ПРИСВАИВАЕМЫЙ УПОЛНОМОЧЕННЫМ БАНКОМ ПРИ ПОСТАНОВКЕ КОНТРАКТА НА УЧЕТ)</cat_ru:PrDocumentName><cat_ru:PrDocumentNumber>12110026/2557/0000/2/1</cat_ru:PrDocumentNumber><catESAD_cu:PresentedDocumentModeCode>03031</catESAD_cu:PresentedDocumentModeCode><RUDECLcat:DocumentPresentingDetails><RUDECLcat:DocPresentKindCode>0</RUDECLcat:DocPresentKindCode><RUDECLcat:PresentedDocumentModeCode>03031</RUDECLcat:PresentedDocumentModeCode></RUDECLcat:DocumentPresentingDetails></ESADout_CUPresentedDocument><ESADout_CUPresentedDocument><cat_ru:PrDocumentName>ВЫПИСКА ИЗ ЕГРЮЛ</cat_ru:PrDocumentName><cat_ru:PrDocumentNumber>Б/Н</cat_ru:PrDocumentNumber><cat_ru:PrDocumentDate>2017-03-18</cat_ru:PrDocumentDate><catESAD_cu:PresentedDocumentModeCode>09023</catESAD_cu:PresentedDocumentModeCode><RUDECLcat:DocumentPresentingDetails><RUDECLcat:DocPresentKindCode>2</RUDECLcat:DocPresentKindCode><RUDECLcat:PresentedDocumentModeCode>09023</RUDECLcat:PresentedDocumentModeCode><RUDECLcat:CustomsDocIdDetails><cat_ru:CustomsCode>10000000</cat_ru:CustomsCode><cat_ru:RegistrationDate>2015-09-27</cat_ru:RegistrationDate><cat_ru:GTDNumber>0052910</cat_ru:GTDNumber></RUDECLcat:CustomsDocIdDetails></RUDECLcat:DocumentPresentingDetails></ESADout_CUPresentedDocument><ESADout_CUPresentedDocument><cat_ru:PrDocumentName>ПРИКАЗ О НАЗНАЧЕНИИ ГЕН. ДИРЕКТОРА</cat_ru:PrDocumentName><cat_ru:PrDocumentNumber>20</cat_ru:PrDocumentNumber><cat_ru:PrDocumentDate>2017-12-01</cat_ru:PrDocumentDate><catESAD_cu:PresentedDocumentModeCode>09023</catESAD_cu:PresentedDocumentModeCode><RUDECLcat:DocumentPresentingDetails><RUDECLcat:DocPresentKindCode>2</RUDECLcat:DocPresentKindCode><RUDECLcat:PresentedDocumentModeCode>09023</RUDECLcat:PresentedDocumentModeCode><RUDECLcat:CustomsDocIdDetails><cat_ru:CustomsCode>10000000</cat_ru:CustomsCode><cat_ru:RegistrationDate>2015-09-27</cat_ru:RegistrationDate><cat_ru:GTDNumber>0052910</cat_ru:GTDNumber></RUDECLcat:CustomsDocIdDetails></RUDECLcat:DocumentPresentingDetails></ESADout_CUPresentedDocument><ESADout_CUPresentedDocument><cat_ru:PrDocumentName>СПРАВКА ИЗ БАНКА</cat_ru:PrDocumentName><cat_ru:PrDocumentNumber>Б/Н</cat_ru:PrDocumentNumber><cat_ru:PrDocumentDate>2017-06-03</cat_ru:PrDocumentDate><catESAD_cu:PresentedDocumentModeCode>09023</catESAD_cu:PresentedDocumentModeCode><RUDECLcat:DocumentPresentingDetails><RUDECLcat:DocPresentKindCode>2</RUDECLcat:DocPresentKindCode><RUDECLcat:PresentedDocumentModeCode>09023</RUDECLcat:PresentedDocumentModeCode></RUDECLcat:DocumentPresentingDetails></ESADout_CUPresentedDocument><ESADout_CUPresentedDocument><cat_ru:PrDocumentName>ЭКСПОРТНАЯ ДТ</cat_ru:PrDocumentName><cat_ru:PrDocumentNumber>16DE590443881296E8</cat_ru:PrDocumentNumber><cat_ru:PrDocumentDate>2018-01-12</cat_ru:PrDocumentDate><catESAD_cu:PresentedDocumentModeCode>09023</catESAD_cu:PresentedDocumentModeCode><RUDECLcat:DocumentPresentingDetails><RUDECLcat:DocPresentKindCode>1</RUDECLcat:DocPresentKindCode><RUDECLcat:PresentedDocumentModeCode>09023</RUDECLcat:PresentedDocumentModeCode></RUDECLcat:DocumentPresentingDetails></ESADout_CUPresentedDocument><ESADout_CUPresentedDocument><cat_ru:PrDocumentName>ПИСЬМО О ЦЕЛЕВОМ НАЗНАЧЕНИИ</cat_ru:PrDocumentName><cat_ru:PrDocumentNumber>Б\Н</cat_ru:PrDocumentNumber><cat_ru:PrDocumentDate>2017-12-15</cat_ru:PrDocumentDate><catESAD_cu:PresentedDocumentModeCode>09999</catESAD_cu:PresentedDocumentModeCode><RUDECLcat:DocumentPresentingDetails><RUDECLcat:DocPresentKindCode>1</RUDECLcat:DocPresentKindCode><RUDECLcat:PresentedDocumentModeCode>09999</RUDECLcat:PresentedDocumentModeCode></RUDECLcat:DocumentPresentingDetails></ESADout_CUPresentedDocument><ESADout_CUPresentedDocument><cat_ru:PrDocumentName>ПРИКАЗ О ПРИЕМЕ НА РАБОТУ</cat_ru:PrDocumentName><cat_ru:PrDocumentNumber>17-ЛС/Д</cat_ru:PrDocumentNumber><cat_ru:PrDocumentDate>2018-01-01</cat_ru:PrDocumentDate><catESAD_cu:PresentedDocumentModeCode>09999</catESAD_cu:PresentedDocumentModeCode><RUDECLcat:DocumentPresentingDetails><RUDECLcat:DocPresentKindCode>1</RUDECLcat:DocPresentKindCode><RUDECLcat:PresentedDocumentModeCode>09999</RUDECLcat:PresentedDocumentModeCode></RUDECLcat:DocumentPresentingDetails></ESADout_CUPresentedDocument><ESADout_CUPresentedDocument><cat_ru:PrDocumentName>ТРУДОВОЙ ДОГОВОР</cat_ru:PrDocumentName><cat_ru:PrDocumentNumber>19-16</cat_ru:PrDocumentNumber><cat_ru:PrDocumentDate>2018-01-01</cat_ru:PrDocumentDate><catESAD_cu:PresentedDocumentModeCode>09999</catESAD_cu:PresentedDocumentModeCode><RUDECLcat:DocumentPresentingDetails><RUDECLcat:DocPresentKindCode>1</RUDECLcat:DocPresentKindCode><RUDECLcat:PresentedDocumentModeCode>09999</RUDECLcat:PresentedDocumentModeCode></RUDECLcat:DocumentPresentingDetails></ESADout_CUPresentedDocument><ESADout_CUCustomsPaymentCalculation><catESAD_cu:PaymentModeCode>2010</catESAD_cu:PaymentModeCode><catESAD_cu:PaymentAmount>1773.53</catESAD_cu:PaymentAmount><catESAD_cu:PaymentCurrencyCode>643</catESAD_cu:PaymentCurrencyCode><catESAD_cu:TaxBase>22169.17</catESAD_cu:TaxBase><catESAD_cu:TaxBaseCurrencyCode>643</catESAD_cu:TaxBaseCurrencyCode><catESAD_cu:Rate>8</catESAD_cu:Rate><catESAD_cu:RateTypeCode>%</catESAD_cu:RateTypeCode><catESAD_cu:RateUseDate>2019-07-22</catESAD_cu:RateUseDate><catESAD_cu:PaymentCode>ИУ</catESAD_cu:PaymentCode></ESADout_CUCustomsPaymentCalculation><ESADout_CUCustomsPaymentCalculation><catESAD_cu:PaymentModeCode>5010</catESAD_cu:PaymentModeCode><catESAD_cu:PaymentAmount>4788.54</catESAD_cu:PaymentAmount><catESAD_cu:PaymentCurrencyCode>643</catESAD_cu:PaymentCurrencyCode><catESAD_cu:TaxBase>23942.7</catESAD_cu:TaxBase><catESAD_cu:TaxBaseCurrencyCode>643</catESAD_cu:TaxBaseCurrencyCode><catESAD_cu:Rate>20</catESAD_cu:Rate><catESAD_cu:RateTypeCode>%</catESAD_cu:RateTypeCode><catESAD_cu:RateUseDate>2019-07-22</catESAD_cu:RateUseDate><catESAD_cu:PaymentCode>ИУ</catESAD_cu:PaymentCode></ESADout_CUCustomsPaymentCalculation><ESADGoodsPackaging><catESAD_cu:PakageQuantity>1</catESAD_cu:PakageQuantity><catESAD_cu:PakageTypeCode>1</catESAD_cu:PakageTypeCode><catESAD_cu:PackagePalleteInformation><catESAD_cu:InfoKindCode>0</catESAD_cu:InfoKindCode><catESAD_cu:PalleteCode>DC</catESAD_cu:PalleteCode><catESAD_cu:PalleteQuantity>1</catESAD_cu:PalleteQuantity></catESAD_cu:PackagePalleteInformation><catESAD_cu:PackagePalleteInformation><catESAD_cu:InfoKindCode>1</catESAD_cu:InfoKindCode><catESAD_cu:PalleteCode>PA</catESAD_cu:PalleteCode></catESAD_cu:PackagePalleteInformation></ESADGoodsPackaging><ESADCustomsProcedure><catESAD_cu:MainCustomsModeCode>40</catESAD_cu:MainCustomsModeCode><catESAD_cu:PrecedingCustomsModeCode>00</catESAD_cu:PrecedingCustomsModeCode><catESAD_cu:GoodsTransferFeature>000</catESAD_cu:GoodsTransferFeature></ESADCustomsProcedure></ESADout_CUGoods><ESADout_CUGoods><catESAD_cu:GoodsNumeric>4</catESAD_cu:GoodsNumeric><catESAD_cu:GoodsDescription>БУМАГА НЕМЕЛОВАННАЯ В ЛИСТАХ, А-3, ИСПОЛЬЗУЕМАЯ ДЛЯ ПЕЧАТИ, НЕ СОДЕРЖАЩАЯ ВОЛОКОН, ПОЛУЧЕННЫХ МЕХ. СПОСОБОМ, 80Г/М2.</catESAD_cu:GoodsDescription><catESAD_cu:GrossWeightQuantity>15516</catESAD_cu:GrossWeightQuantity><catESAD_cu:NetWeightQuantity>15000</catESAD_cu:NetWeightQuantity><catESAD_cu:InvoicedCost>8040</catESAD_cu:InvoicedCost><catESAD_cu:CustomsCost>569184.56</catESAD_cu:CustomsCost><catESAD_cu:StatisticalCost>9053.85</catESAD_cu:StatisticalCost><catESAD_cu:GoodsTNVEDCode>4802568000</catESAD_cu:GoodsTNVEDCode><catESAD_cu:OriginCountryCode>RU</catESAD_cu:OriginCountryCode><catESAD_cu:AdditionalSheetCount>2</catESAD_cu:AdditionalSheetCount><catESAD_cu:GoodsGroupDescription><catESAD_cu:GoodsDescription>:</catESAD_cu:GoodsDescription><catESAD_cu:GoodsGroupInformation><catESAD_cu:Manufacturer>ЗАО "ПЕЙПЕР НАУС"</catESAD_cu:Manufacturer><catESAD_cu:TradeMark>CLEVER OFFICE</catESAD_cu:TradeMark><catESAD_cu:GoodsMark>B</catESAD_cu:GoodsMark><catESAD_cu:GoodsStandard>СТО 00253497-002-2012</catESAD_cu:GoodsStandard><catESAD_cu:GoodsGroupQuantity><catESAD_cu:GoodsQuantity>15000</catESAD_cu:GoodsQuantity><catESAD_cu:MeasureUnitQualifierName>КГ</catESAD_cu:MeasureUnitQualifierName><catESAD_cu:MeasureUnitQualifierCode>166</catESAD_cu:MeasureUnitQualifierCode></catESAD_cu:GoodsGroupQuantity></catESAD_cu:GoodsGroupInformation><catESAD_cu:GroupNum>1</catESAD_cu:GroupNum></catESAD_cu:GoodsGroupDescription><catESAD_cu:Preferencii><catESAD_cu:CustomsTax>СИ</catESAD_cu:CustomsTax><catESAD_cu:CustomsDuty>--</catESAD_cu:CustomsDuty><catESAD_cu:Excise>-</catESAD_cu:Excise><catESAD_cu:Rate>--</catESAD_cu:Rate></catESAD_cu:Preferencii><LanguageGoods>RU</LanguageGoods><ESADout_CUPresentedDocument><cat_ru:PrDocumentName>КОНОСАМЕНТ</cat_ru:PrDocumentName><catESAD_cu:PresentedDocumentModeCode>02011</catESAD_cu:PresentedDocumentModeCode><catESAD_cu:RecordID>966C33AD-DE3A-4B92-B440-38D0024C8061</catESAD_cu:RecordID><RUDECLcat:DocumentPresentingDetails><RUDECLcat:DocPresentKindCode>3</RUDECLcat:DocPresentKindCode><RUDECLcat:PresentedDocumentModeCode>02011</RUDECLcat:PresentedDocumentModeCode><RUDECLcat:DocPresentDate>2019-04-30</RUDECLcat:DocPresentDate></RUDECLcat:DocumentPresentingDetails></ESADout_CUPresentedDocument><ESADout_CUPresentedDocument><cat_ru:PrDocumentName>СМР</cat_ru:PrDocumentName><cat_ru:PrDocumentNumber>1</cat_ru:PrDocumentNumber><cat_ru:PrDocumentDate>2019-03-25</cat_ru:PrDocumentDate><catESAD_cu:PresentedDocumentModeCode>02015</catESAD_cu:PresentedDocumentModeCode><catESAD_cu:RecordID>A5B5284F-A54D-4271-914D-A22EA2614B77</catESAD_cu:RecordID><RUDECLcat:DocumentPresentingDetails><RUDECLcat:DocPresentKindCode>0</RUDECLcat:DocPresentKindCode><RUDECLcat:PresentedDocumentModeCode>02015</RUDECLcat:PresentedDocumentModeCode></RUDECLcat:DocumentPresentingDetails></ESADout_CUPresentedDocument><ESADout_CUPresentedDocument><cat_ru:PrDocumentName>ДОГОВОР</cat_ru:PrDocumentName><cat_ru:PrDocumentNumber>0001001</cat_ru:PrDocumentNumber><cat_ru:PrDocumentDate>2016-10-13</cat_ru:PrDocumentDate><catESAD_cu:PresentedDocumentModeCode>03011</catESAD_cu:PresentedDocumentModeCode><catESAD_cu:RecordID>8D33C6F9-1635-481D-A8D4-78540630AE9F</catESAD_cu:RecordID><RUDECLcat:DocumentPresentingDetails><RUDECLcat:DocPresentKindCode>0</RUDECLcat:DocPresentKindCode><RUDECLcat:PresentedDocumentModeCode>03011</RUDECLcat:PresentedDocumentModeCode></RUDECLcat:DocumentPresentingDetails></ESADout_CUPresentedDocument><ESADout_CUPresentedDocument><cat_ru:PrDocumentName>ДОПОЛНЕНИЕ К ДОГОВОРУ</cat_ru:PrDocumentName><cat_ru:PrDocumentNumber>3</cat_ru:PrDocumentNumber><cat_ru:PrDocumentDate>2018-09-07</cat_ru:PrDocumentDate><catESAD_cu:PresentedDocumentModeCode>03012</catESAD_cu:PresentedDocumentModeCode><catESAD_cu:RecordID>F878CC02-55C2-4891-8855-FB6050D9F99B</catESAD_cu:RecordID><RUDECLcat:DocumentPresentingDetails><RUDECLcat:DocPresentKindCode>0</RUDECLcat:DocPresentKindCode><RUDECLcat:PresentedDocumentModeCode>03012</RUDECLcat:PresentedDocumentModeCode></RUDECLcat:DocumentPresentingDetails></ESADout_CUPresentedDocument><ESADout_CUPresentedDocument><cat_ru:PrDocumentName>УСТАВ</cat_ru:PrDocumentName><cat_ru:PrDocumentNumber>Б/Н</cat_ru:PrDocumentNumber><cat_ru:PrDocumentDate>2013-12-10</cat_ru:PrDocumentDate><catESAD_cu:PresentedDocumentModeCode>04011</catESAD_cu:PresentedDocumentModeCode><catESAD_cu:RecordID>F3F52C72-A0D2-4034-8D74-3A4FAB9497A0</catESAD_cu:RecordID><RUDECLcat:DocumentPresentingDetails><RUDECLcat:DocPresentKindCode>0</RUDECLcat:DocPresentKindCode><RUDECLcat:PresentedDocumentModeCode>04011</RUDECLcat:PresentedDocumentModeCode></RUDECLcat:DocumentPresentingDetails></ESADout_CUPresentedDocument><ESADout_CUPresentedDocument><cat_ru:PrDocumentName>СВИДЕТЕЛЬСТВО О ПОСТАНОВКЕ НА УЧЕТ В НАЛОГОВОМ ОРГАНЕ</cat_ru:PrDocumentName><cat_ru:PrDocumentNumber>78 №002821570</cat_ru:PrDocumentNumber><cat_ru:PrDocumentDate>1994-03-29</cat_ru:PrDocumentDate><catESAD_cu:PresentedDocumentModeCode>04011</catESAD_cu:PresentedDocumentModeCode><catESAD_cu:RecordID>9F82A3D8-7EBA-44EB-8D87-33C858C05D4A</catESAD_cu:RecordID><RUDECLcat:DocumentPresentingDetails><RUDECLcat:DocPresentKindCode>0</RUDECLcat:DocPresentKindCode><RUDECLcat:PresentedDocumentModeCode>04011</RUDECLcat:PresentedDocumentModeCode></RUDECLcat:DocumentPresentingDetails></ESADout_CUPresentedDocument><ESADout_CUPresentedDocument><cat_ru:PrDocumentName>СВИДЕТЕЛЬСТВО О ВНЕСЕНИИ В ЕГРЮЛ</cat_ru:PrDocumentName><cat_ru:PrDocumentNumber>78 №001005240</cat_ru:PrDocumentNumber><cat_ru:PrDocumentDate>2002-12-09</cat_ru:PrDocumentDate><catESAD_cu:PresentedDocumentModeCode>04011</catESAD_cu:PresentedDocumentModeCode><catESAD_cu:RecordID>D87BFEC3-B361-4A90-BECE-E78843264A96</catESAD_cu:RecordID><RUDECLcat:DocumentPresentingDetails><RUDECLcat:DocPresentKindCode>0</RUDECLcat:DocPresentKindCode><RUDECLcat:PresentedDocumentModeCode>04011</RUDECLcat:PresentedDocumentModeCode></RUDECLcat:DocumentPresentingDetails></ESADout_CUPresentedDocument><ESADout_CUPresentedDocument><cat_ru:PrDocumentName>ВЫПИСКА ИЗ ЕГРЮЛ</cat_ru:PrDocumentName><cat_ru:PrDocumentNumber>57</cat_ru:PrDocumentNumber><cat_ru:PrDocumentDate>2018-01-20</cat_ru:PrDocumentDate><catESAD_cu:PresentedDocumentModeCode>04011</catESAD_cu:PresentedDocumentModeCode><catESAD_cu:RecordID>3859A0A5-E255-486E-BB14-B4690BFEABA4</catESAD_cu:RecordID><RUDECLcat:DocumentPresentingDetails><RUDECLcat:DocPresentKindCode>0</RUDECLcat:DocPresentKindCode><RUDECLcat:PresentedDocumentModeCode>04011</RUDECLcat:PresentedDocumentModeCode></RUDECLcat:DocumentPresentingDetails></ESADout_CUPresentedDocument><ESADout_CUPresentedDocument><cat_ru:PrDocumentName>СЧЕТ-ФАКТУРА (ИНВОЙС) К ДОГОВОРУ</cat_ru:PrDocumentName><cat_ru:PrDocumentNumber>I15PSV29434</cat_ru:PrDocumentNumber><cat_ru:PrDocumentDate>2019-03-25</cat_ru:PrDocumentDate><catESAD_cu:PresentedDocumentModeCode>04021</catESAD_cu:PresentedDocumentModeCode><catESAD_cu:RecordID>5D7D1ACC-70A8-46E5-BE2F-753C1BAC6AD6</catESAD_cu:RecordID><RUDECLcat:DocumentPresentingDetails><RUDECLcat:DocPresentKindCode>0</RUDECLcat:DocPresentKindCode><RUDECLcat:PresentedDocumentModeCode>04021</RUDECLcat:PresentedDocumentModeCode></RUDECLcat:DocumentPresentingDetails></ESADout_CUPresentedDocument><ESADout_CUPresentedDocument><cat_ru:PrDocumentName>О ТАМОЖЕННОМ РЕГУЛИРОВАНИИ В РОССИЙСКОЙ ФЕДЕРАЦИИ И О ВНЕСЕНИИ ИЗМЕНЕНИЙ В ОТДЕЛЬНЫЕ ЗАКОНОДАТЕЛЬНЫЕ АКТЫ РОССИЙСКОЙ ФЕДЕРАЦИИ</cat_ru:PrDocumentName><cat_ru:PrDocumentNumber>289-ФЗ П.26 Ч.1 СТ. 47</cat_ru:PrDocumentNumber><cat_ru:PrDocumentDate>2018-08-03</cat_ru:PrDocumentDate><catESAD_cu:PresentedDocumentModeCode>07011</catESAD_cu:PresentedDocumentModeCode><catESAD_cu:CustomsPaymentModeCodeType>1010</catESAD_cu:CustomsPaymentModeCodeType><RUDECLcat:DocumentPresentingDetails><RUDECLcat:DocPresentKindCode>0</RUDECLcat:DocPresentKindCode><RUDECLcat:PresentedDocumentModeCode>07011</RUDECLcat:PresentedDocumentModeCode></RUDECLcat:DocumentPresentingDetails></ESADout_CUPresentedDocument><ESADout_CUPresentedDocument><cat_ru:PrDocumentName>УНИКАЛЬНЫЙ НОМЕР КОНТРАКТА</cat_ru:PrDocumentName><cat_ru:PrDocumentNumber>18120020/2594/0000/1/1</cat_ru:PrDocumentNumber><catESAD_cu:PresentedDocumentModeCode>03031</catESAD_cu:PresentedDocumentModeCode><catESAD_cu:RecordID>FD3B6B3A-DECF-4661-90E5-27FDE4626EAF</catESAD_cu:RecordID><RUDECLcat:DocumentPresentingDetails><RUDECLcat:DocPresentKindCode>0</RUDECLcat:DocPresentKindCode><RUDECLcat:PresentedDocumentModeCode>03031</RUDECLcat:PresentedDocumentModeCode></RUDECLcat:DocumentPresentingDetails></ESADout_CUPresentedDocument><ESADout_CUPresentedDocument><cat_ru:PrDocumentName>ТРУДОВОЙ ДОГОВОР</cat_ru:PrDocumentName><cat_ru:PrDocumentNumber>1916</cat_ru:PrDocumentNumber><cat_ru:PrDocumentDate>2018-10-01</cat_ru:PrDocumentDate><catESAD_cu:PresentedDocumentModeCode>09999</catESAD_cu:PresentedDocumentModeCode><catESAD_cu:RecordID>DC589E5F-48EE-43B7-B5A0-C5BA23BE91BD</catESAD_cu:RecordID><RUDECLcat:DocumentPresentingDetails><RUDECLcat:DocPresentKindCode>0</RUDECLcat:DocPresentKindCode><RUDECLcat:PresentedDocumentModeCode>09999</RUDECLcat:PresentedDocumentModeCode></RUDECLcat:DocumentPresentingDetails></ESADout_CUPresentedDocument><ESADout_CUPresentedDocument><cat_ru:PrDocumentName>ПРИКАЗ О НАЗНАЧЕНИИ</cat_ru:PrDocumentName><cat_ru:PrDocumentNumber>225-К</cat_ru:PrDocumentNumber><cat_ru:PrDocumentDate>2011-07-14</cat_ru:PrDocumentDate><catESAD_cu:PresentedDocumentModeCode>09999</catESAD_cu:PresentedDocumentModeCode><catESAD_cu:RecordID>A91D2131-4931-4D8A-87C6-F61521A48FFB</catESAD_cu:RecordID><RUDECLcat:DocumentPresentingDetails><RUDECLcat:DocPresentKindCode>0</RUDECLcat:DocPresentKindCode><RUDECLcat:PresentedDocumentModeCode>09999</RUDECLcat:PresentedDocumentModeCode></RUDECLcat:DocumentPresentingDetails></ESADout_CUPresentedDocument><ESADGoodsPackaging><catESAD_cu:PakageQuantity>25</catESAD_cu:PakageQuantity><catESAD_cu:PakageTypeCode>1</catESAD_cu:PakageTypeCode><catESAD_cu:PackagePalleteInformation><catESAD_cu:InfoKindCode>0</catESAD_cu:InfoKindCode><catESAD_cu:PalleteCode>CT</catESAD_cu:PalleteCode><catESAD_cu:PalleteQuantity>600</catESAD_cu:PalleteQuantity></catESAD_cu:PackagePalleteInformation><catESAD_cu:PackagePalleteInformation><catESAD_cu:InfoKindCode>3</catESAD_cu:InfoKindCode><catESAD_cu:PalleteCode>PX</catESAD_cu:PalleteCode><catESAD_cu:PalleteQuantity>25</catESAD_cu:PalleteQuantity><catESAD_cu:CargoDescriptionText>ОБЩИЙ ВЕС ДЕРЕВЯННЫХ ПОДДОНОВ 200 КГ</catESAD_cu:CargoDescriptionText></catESAD_cu:PackagePalleteInformation></ESADGoodsPackaging><ESADContainer><catESAD_cu:ContainerQuantity>1</catESAD_cu:ContainerQuantity><catESAD_cu:ContainerKind>ME</catESAD_cu:ContainerKind><catESAD_cu:ContainerNumber><catESAD_cu:ContainerIdentificaror>MSKU1107956</catESAD_cu:ContainerIdentificaror><catESAD_cu:FullIndicator>1</catESAD_cu:FullIndicator></catESAD_cu:ContainerNumber></ESADContainer><ESADCustomsProcedure><catESAD_cu:MainCustomsModeCode>10</catESAD_cu:MainCustomsModeCode><catESAD_cu:PrecedingCustomsModeCode>00</catESAD_cu:PrecedingCustomsModeCode><catESAD_cu:GoodsTransferFeature>000</catESAD_cu:GoodsTransferFeature></ESADCustomsProcedure></ESADout_CUGoods><ESADout_CUPayments><ESADout_CUCustomsPayment><catESAD_cu:PaymentModeCode>1010</catESAD_cu:PaymentModeCode><catESAD_cu:PaymentAmount>375</catESAD_cu:PaymentAmount><catESAD_cu:PaymentCurrencyCode>643</catESAD_cu:PaymentCurrencyCode><catESAD_cu:CurrencyRate>1</catESAD_cu:CurrencyRate><RFOrganizationFeatures><cat_ru:INN>7825679650</cat_ru:INN></RFOrganizationFeatures></ESADout_CUCustomsPayment><ESADout_CUCustomsPayment><catESAD_cu:PaymentModeCode>2010</catESAD_cu:PaymentModeCode><catESAD_cu:PaymentAmount>4352.81</catESAD_cu:PaymentAmount><catESAD_cu:PaymentCurrencyCode>643</catESAD_cu:PaymentCurrencyCode><catESAD_cu:CurrencyRate>1</catESAD_cu:CurrencyRate><RFOrganizationFeatures><cat_ru:INN>7825679650</cat_ru:INN></RFOrganizationFeatures></ESADout_CUCustomsPayment><ESADout_CUCustomsPayment><catESAD_cu:PaymentModeCode>5010</catESAD_cu:PaymentModeCode><catESAD_cu:PaymentAmount>11752.61</catESAD_cu:PaymentAmount><catESAD_cu:PaymentCurrencyCode>643</catESAD_cu:PaymentCurrencyCode><catESAD_cu:CurrencyRate>1</catESAD_cu:CurrencyRate><RFOrganizationFeatures><cat_ru:INN>7825679650</cat_ru:INN></RFOrganizationFeatures></ESADout_CUCustomsPayment></ESADout_CUPayments></ESADout_CUGoodsShipment><FilledPerson><RUDECLcat:SigningDetails><cat_ru:PersonSurname>СЕМЕНОВ</cat_ru:PersonSurname><cat_ru:PersonName>ИГОРЬ</cat_ru:PersonName><cat_ru:PersonMiddleName>ИВАНОВИЧ</cat_ru:PersonMiddleName><cat_ru:PersonPost>ДЕКЛАРАНТ</cat_ru:PersonPost><RUScat_ru:CommunicationDetails><cat_ru:Phone>325-91-34</cat_ru:Phone></RUScat_ru:CommunicationDetails><RUScat_ru:SigningDate>2019-07-22T00:00:00</RUScat_ru:SigningDate></RUDECLcat:SigningDetails><RUDECLcat:SignatoryPersonIdentityDetails><RUScat_ru:IdentityCardCode>21</RUScat_ru:IdentityCardCode><RUScat_ru:IdentityCardName>ПАСРФ</RUScat_ru:IdentityCardName><RUScat_ru:IdentityCardSeries>40 02</RUScat_ru:IdentityCardSeries><RUScat_ru:IdentityCardNumber>123456</RUScat_ru:IdentityCardNumber><RUScat_ru:IdentityCardDate>2011-06-06</RUScat_ru:IdentityCardDate><RUScat_ru:OrganizationName>44 О/М САНКТ-ПЕТЕРБУРГА</RUScat_ru:OrganizationName></RUDECLcat:SignatoryPersonIdentityDetails><RUDECLcat:PowerOfAttorneyDetails><cat_ru:PrDocumentName>ДОВЕРЕННОСТЬ</cat_ru:PrDocumentName><cat_ru:PrDocumentNumber>001</cat_ru:PrDocumentNumber><cat_ru:PrDocumentDate>2018-01-11</cat_ru:PrDocumentDate><RUScat_ru:DocStartDate>2018-01-11</RUScat_ru:DocStartDate><RUScat_ru:DocValidityDate>2020-01-11</RUScat_ru:DocValidityDate></RUDECLcat:PowerOfAttorneyDetails></FilledPerson><CUESADCustomsRepresentative><RUDECLcat:BrokerRegistryDocDetails><RUDECLcat:DocKindCode>09034</RUDECLcat:DocKindCode><RUDECLcat:RegisterDocumentDetails><RUScat_ru:RegistrationNumberId>0680/00</RUScat_ru:RegistrationNumberId></RUDECLcat:RegisterDocumentDetails></RUDECLcat:BrokerRegistryDocDetails><RUDECLcat:RepresentativeContractDetails><cat_ru:PrDocumentName>ДОГОВОР С ТАМОЖЕННЫМ ПРЕДСТАВИТЕЛЕМ</cat_ru:PrDocumentName><cat_ru:PrDocumentNumber>ТП-2017-0062</cat_ru:PrDocumentNumber><cat_ru:PrDocumentDate>2017-02-05</cat_ru:PrDocumentDate><RUScat_ru:DocKindCode>11002</RUScat_ru:DocKindCode></RUDECLcat:RepresentativeContractDetails></CUESADCustomsRepresentative></ESADout_CU>
		</DocBody></ContainerDoc><ContainerDoc><DocBody><DTSout_CU xmlns="urn:customs.ru:Information:CustomsDocuments:DTSout_CU:5.18.0" xmlns:catESAD_cu="urn:customs.ru:CUESADCommonAggregateTypesCust:5.17.0" xmlns:RUDECLcat="urn:customs.ru:RUDeclCommonAggregateTypesCust:5.17.0" xmlns:RUScat_ru="urn:customs.ru:RUSCommonAggregateTypes:5.16.0" xmlns:cltESAD_cu="urn:customs.ru:CUESADCommonLeafTypes:5.17.0" xmlns:cat_EDTS_cu="urn:customs.ru:CUESADDTSCommonAggregateTypes:5.17.0" xmlns:CategoryCust="urn:customs.ru:Categories:3.0.0" xmlns:cat_ru="urn:customs.ru:CommonAggregateTypes:5.10.0" xmlns:clt_ru="urn:customs.ru:CommonLeafTypes:5.10.0" xmlns:xsi="http://www.w3.org/2001/XMLSchema-instance" DocumentModeID="1006112E"><cat_ru:DocumentID>9C3D3575-5CFA-42E2-AE8B-0CE580F18BB2</cat_ru:DocumentID><AdditionalSheetNumber>0</AdditionalSheetNumber><ElectronicDocumentSign>ЭД</ElectronicDocumentSign><FormDTS>1</FormDTS><CustomsCostMethodCode>1</CustomsCostMethodCode><DTSoutSeller><cat_ru:OrganizationName>GERRANG GMBH</cat_ru:OrganizationName><RUScat_ru:SubjectAddressDetails><RUScat_ru:PostalCode>D-58229</RUScat_ru:PostalCode><RUScat_ru:CountryCode>DE</RUScat_ru:CountryCode><RUScat_ru:CounryName>ГЕРМАНИЯ</RUScat_ru:CounryName><RUScat_ru:City>MANNHEIM</RUScat_ru:City><RUScat_ru:StreetHouse>ELSA-BRANDSTROM-STRASSE 3</RUScat_ru:StreetHouse></RUScat_ru:SubjectAddressDetails></DTSoutSeller><DTSoutBuyer><cat_ru:OrganizationName>ООО "СТМ"</cat_ru:OrganizationName><cat_ru:RFOrganizationFeatures><cat_ru:OGRN>1027809233374</cat_ru:OGRN><cat_ru:INN>7825679650</cat_ru:INN><cat_ru:KPP>782501001</cat_ru:KPP></cat_ru:RFOrganizationFeatures><RUScat_ru:SubjectAddressDetails><RUScat_ru:PostalCode>197022</RUScat_ru:PostalCode><RUScat_ru:CountryCode>RU</RUScat_ru:CountryCode><RUScat_ru:CounryName>РОССИЯ</RUScat_ru:CounryName><RUScat_ru:City>САНКТ-ПЕТЕРБУРГ</RUScat_ru:City><RUScat_ru:StreetHouse>УЛ. АКАДЕМИКА ПАВЛОВА, Д.5</RUScat_ru:StreetHouse></RUScat_ru:SubjectAddressDetails></DTSoutBuyer><DTSInvoiceDocuments><cat_ru:PrDocumentName>ИНВОЙС (СЧЕТ-ФАКТУРА) К ДОГОВОРУ</cat_ru:PrDocumentName><cat_ru:PrDocumentNumber>3736665</cat_ru:PrDocumentNumber><cat_ru:PrDocumentDate>2016-08-12</cat_ru:PrDocumentDate><cat_EDTS_cu:PresentedDocumentModeCode>04021</cat_EDTS_cu:PresentedDocumentModeCode><cat_EDTS_cu:PositionNumber>4</cat_EDTS_cu:PositionNumber></DTSInvoiceDocuments><DTSInvoiceDocuments><cat_ru:PrDocumentName>ДОГОВОР (КОНТРАКТ)</cat_ru:PrDocumentName><cat_ru:PrDocumentNumber>60505</cat_ru:PrDocumentNumber><cat_ru:PrDocumentDate>2012-04-13</cat_ru:PrDocumentDate><cat_EDTS_cu:PresentedDocumentModeCode>03011</cat_EDTS_cu:PresentedDocumentModeCode><cat_EDTS_cu:PositionNumber>5</cat_EDTS_cu:PositionNumber></DTSInvoiceDocuments><DTSInvoiceDocuments><cat_ru:PrDocumentName>ДОПОЛНЕНИЕ К ДОГОВОРУ</cat_ru:PrDocumentName><cat_ru:PrDocumentNumber>1</cat_ru:PrDocumentNumber><cat_ru:PrDocumentDate>2014-02-24</cat_ru:PrDocumentDate><cat_EDTS_cu:PresentedDocumentModeCode>03012</cat_EDTS_cu:PresentedDocumentModeCode><cat_EDTS_cu:PositionNumber>5</cat_EDTS_cu:PositionNumber></DTSInvoiceDocuments><DTSBuyerSellerDependence><cat_EDTS_cu:Column7A>0</cat_EDTS_cu:Column7A></DTSBuyerSellerDependence><DTSSellingLimitation><cat_EDTS_cu:Column8A>0</cat_EDTS_cu:Column8A><cat_EDTS_cu:Column8B>0</cat_EDTS_cu:Column8B></DTSSellingLimitation><DTSAdditionalPayments><cat_EDTS_cu:Column9A>0</cat_EDTS_cu:Column9A><cat_EDTS_cu:Column9B>0</cat_EDTS_cu:Column9B></DTSAdditionalPayments><DTSout_CUGoodsCustomsCost><GTDGoodsNumber>1</GTDGoodsNumber><GoodsTNVEDCode>7318158900</GoodsTNVEDCode><NationalDeclaredCustomsCost>25794.54</NationalDeclaredCustomsCost><DollarDeclaredCustomsCost>410.31</DollarDeclaredCustomsCost><ExchangeRate><RUScat_ru:CurrencyRate>0</RUScat_ru:CurrencyRate><RUScat_ru:CurrencyA3Code>USD</RUScat_ru:CurrencyA3Code><RUScat_ru:ScaleNumber>0</RUScat_ru:ScaleNumber></ExchangeRate><MethodNumberCode>1</MethodNumberCode><DTSCurrencyPayment><cat_EDTS_cu:PositionsNumber>17</cat_EDTS_cu:PositionsNumber><cat_EDTS_cu:CurrencyAmount>212.42</cat_EDTS_cu:CurrencyAmount><cat_EDTS_cu:CurrencyCode>EUR</cat_EDTS_cu:CurrencyCode><cat_EDTS_cu:CurrencyRate>70.7941</cat_EDTS_cu:CurrencyRate></DTSCurrencyPayment><DTSCurrencyPayment><cat_EDTS_cu:PositionsNumber>18</cat_EDTS_cu:PositionsNumber><cat_EDTS_cu:CurrencyAmount>37.76</cat_EDTS_cu:CurrencyAmount><cat_EDTS_cu:CurrencyCode>EUR</cat_EDTS_cu:CurrencyCode><cat_EDTS_cu:CurrencyRate>70.7941</cat_EDTS_cu:CurrencyRate></DTSCurrencyPayment><DTS_CUCustomsCostCalculation><cat_EDTS_cu:DTSMethod1><cat_EDTS_cu:Method1CalculationBasis><cat_EDTS_cu:DealCurrencyAmount>114.18</cat_EDTS_cu:DealCurrencyAmount><cat_EDTS_cu:DealCurrencyCode>EUR</cat_EDTS_cu:DealCurrencyCode><cat_EDTS_cu:DealNationalAmount>8083.27</cat_EDTS_cu:DealNationalAmount><cat_EDTS_cu:DealCurrencyRate>70.7941</cat_EDTS_cu:DealCurrencyRate><cat_EDTS_cu:IndirectNationalPayment>0</cat_EDTS_cu:IndirectNationalPayment><cat_EDTS_cu:BasisNationalAmount>8083.27</cat_EDTS_cu:BasisNationalAmount></cat_EDTS_cu:Method1CalculationBasis><cat_EDTS_cu:Method1AdditionalSum><cat_EDTS_cu:AgentBonus>0</cat_EDTS_cu:AgentBonus><cat_EDTS_cu:PackageExpenses>0</cat_EDTS_cu:PackageExpenses><cat_EDTS_cu:StoreCost>0</cat_EDTS_cu:StoreCost><cat_EDTS_cu:ProductionToolkitCost>0</cat_EDTS_cu:ProductionToolkitCost><cat_EDTS_cu:WorkingStockCost>0</cat_EDTS_cu:WorkingStockCost><cat_EDTS_cu:DesignPayment>0</cat_EDTS_cu:DesignPayment><cat_EDTS_cu:IntellectualPropertyPayment>0</cat_EDTS_cu:IntellectualPropertyPayment><cat_EDTS_cu:SellerIncome>0</cat_EDTS_cu:SellerIncome><cat_EDTS_cu:BorderTransportCharges>15038.08</cat_EDTS_cu:BorderTransportCharges><cat_EDTS_cu:BorderPlace>САНКТ-ПЕТЕРБУРГ</cat_EDTS_cu:BorderPlace><cat_EDTS_cu:LoadCharges>2673.19</cat_EDTS_cu:LoadCharges><cat_EDTS_cu:InsuranceCharges>0</cat_EDTS_cu:InsuranceCharges><cat_EDTS_cu:TotalAdditionalSum>17711.27</cat_EDTS_cu:TotalAdditionalSum></cat_EDTS_cu:Method1AdditionalSum><cat_EDTS_cu:Method1Deduction><cat_EDTS_cu:BuildingAmount>0</cat_EDTS_cu:BuildingAmount><cat_EDTS_cu:UnionTransportCharge>0</cat_EDTS_cu:UnionTransportCharge><cat_EDTS_cu:UnionTaxPayment>0</cat_EDTS_cu:UnionTaxPayment><cat_EDTS_cu:TotalDeductionAmount>0</cat_EDTS_cu:TotalDeductionAmount></cat_EDTS_cu:Method1Deduction></cat_EDTS_cu:DTSMethod1></DTS_CUCustomsCostCalculation></DTSout_CUGoodsCustomsCost><DTSout_CUGoodsCustomsCost><GTDGoodsNumber>2</GTDGoodsNumber><GoodsTNVEDCode>7318165000</GoodsTNVEDCode><NationalDeclaredCustomsCost>6446.52</NationalDeclaredCustomsCost><DollarDeclaredCustomsCost>102.54</DollarDeclaredCustomsCost><ExchangeRate><RUScat_ru:CurrencyRate>0</RUScat_ru:CurrencyRate><RUScat_ru:CurrencyA3Code>USD</RUScat_ru:CurrencyA3Code><RUScat_ru:ScaleNumber>0</RUScat_ru:ScaleNumber></ExchangeRate><MethodNumberCode>1</MethodNumberCode><DTSCurrencyPayment><cat_EDTS_cu:PositionsNumber>17</cat_EDTS_cu:PositionsNumber><cat_EDTS_cu:CurrencyAmount>21.96</cat_EDTS_cu:CurrencyAmount><cat_EDTS_cu:CurrencyCode>EUR</cat_EDTS_cu:CurrencyCode><cat_EDTS_cu:CurrencyRate>70.7941</cat_EDTS_cu:CurrencyRate></DTSCurrencyPayment><DTSCurrencyPayment><cat_EDTS_cu:PositionsNumber>18</cat_EDTS_cu:PositionsNumber><cat_EDTS_cu:CurrencyAmount>3.9</cat_EDTS_cu:CurrencyAmount><cat_EDTS_cu:CurrencyCode>EUR</cat_EDTS_cu:CurrencyCode><cat_EDTS_cu:CurrencyRate>70.7941</cat_EDTS_cu:CurrencyRate></DTSCurrencyPayment><DTS_CUCustomsCostCalculation><cat_EDTS_cu:DTSMethod1><cat_EDTS_cu:Method1CalculationBasis><cat_EDTS_cu:DealCurrencyAmount>65.2</cat_EDTS_cu:DealCurrencyAmount><cat_EDTS_cu:DealCurrencyCode>EUR</cat_EDTS_cu:DealCurrencyCode><cat_EDTS_cu:DealNationalAmount>4615.78</cat_EDTS_cu:DealNationalAmount><cat_EDTS_cu:DealCurrencyRate>70.7941</cat_EDTS_cu:DealCurrencyRate><cat_EDTS_cu:IndirectNationalPayment>0</cat_EDTS_cu:IndirectNationalPayment><cat_EDTS_cu:BasisNationalAmount>4615.78</cat_EDTS_cu:BasisNationalAmount></cat_EDTS_cu:Method1CalculationBasis><cat_EDTS_cu:Method1AdditionalSum><cat_EDTS_cu:AgentBonus>0</cat_EDTS_cu:AgentBonus><cat_EDTS_cu:PackageExpenses>0</cat_EDTS_cu:PackageExpenses><cat_EDTS_cu:StoreCost>0</cat_EDTS_cu:StoreCost><cat_EDTS_cu:ProductionToolkitCost>0</cat_EDTS_cu:ProductionToolkitCost><cat_EDTS_cu:WorkingStockCost>0</cat_EDTS_cu:WorkingStockCost><cat_EDTS_cu:DesignPayment>0</cat_EDTS_cu:DesignPayment><cat_EDTS_cu:IntellectualPropertyPayment>0</cat_EDTS_cu:IntellectualPropertyPayment><cat_EDTS_cu:SellerIncome>0</cat_EDTS_cu:SellerIncome><cat_EDTS_cu:BorderTransportCharges>1554.64</cat_EDTS_cu:BorderTransportCharges><cat_EDTS_cu:BorderPlace>САНКТ-ПЕТЕРБУРГ</cat_EDTS_cu:BorderPlace><cat_EDTS_cu:LoadCharges>276.1</cat_EDTS_cu:LoadCharges><cat_EDTS_cu:InsuranceCharges>0</cat_EDTS_cu:InsuranceCharges><cat_EDTS_cu:TotalAdditionalSum>1830.74</cat_EDTS_cu:TotalAdditionalSum></cat_EDTS_cu:Method1AdditionalSum><cat_EDTS_cu:Method1Deduction><cat_EDTS_cu:BuildingAmount>0</cat_EDTS_cu:BuildingAmount><cat_EDTS_cu:UnionTransportCharge>0</cat_EDTS_cu:UnionTransportCharge><cat_EDTS_cu:UnionTaxPayment>0</cat_EDTS_cu:UnionTaxPayment><cat_EDTS_cu:TotalDeductionAmount>0</cat_EDTS_cu:TotalDeductionAmount></cat_EDTS_cu:Method1Deduction></cat_EDTS_cu:DTSMethod1></DTS_CUCustomsCostCalculation></DTSout_CUGoodsCustomsCost><DTSout_CUGoodsCustomsCost><GTDGoodsNumber>3</GTDGoodsNumber><GoodsTNVEDCode>7318169900</GoodsTNVEDCode><NationalDeclaredCustomsCost>22169.17</NationalDeclaredCustomsCost><DollarDeclaredCustomsCost>352.64</DollarDeclaredCustomsCost><ExchangeRate><RUScat_ru:CurrencyRate>0</RUScat_ru:CurrencyRate><RUScat_ru:CurrencyA3Code>USD</RUScat_ru:CurrencyA3Code><RUScat_ru:ScaleNumber>0</RUScat_ru:ScaleNumber></ExchangeRate><MethodNumberCode>1</MethodNumberCode><DTSCurrencyPayment><cat_EDTS_cu:PositionsNumber>17</cat_EDTS_cu:PositionsNumber><cat_EDTS_cu:CurrencyAmount>215.62</cat_EDTS_cu:CurrencyAmount><cat_EDTS_cu:CurrencyCode>EUR</cat_EDTS_cu:CurrencyCode><cat_EDTS_cu:CurrencyRate>70.7941</cat_EDTS_cu:CurrencyRate></DTSCurrencyPayment><DTSCurrencyPayment><cat_EDTS_cu:PositionsNumber>18</cat_EDTS_cu:PositionsNumber><cat_EDTS_cu:CurrencyAmount>38.34</cat_EDTS_cu:CurrencyAmount><cat_EDTS_cu:CurrencyCode>EUR</cat_EDTS_cu:CurrencyCode><cat_EDTS_cu:CurrencyRate>70.7941</cat_EDTS_cu:CurrencyRate></DTSCurrencyPayment><DTS_CUCustomsCostCalculation><cat_EDTS_cu:DTSMethod1><cat_EDTS_cu:Method1CalculationBasis><cat_EDTS_cu:DealCurrencyAmount>59.19</cat_EDTS_cu:DealCurrencyAmount><cat_EDTS_cu:DealCurrencyCode>EUR</cat_EDTS_cu:DealCurrencyCode><cat_EDTS_cu:DealNationalAmount>4190.3</cat_EDTS_cu:DealNationalAmount><cat_EDTS_cu:DealCurrencyRate>70.7941</cat_EDTS_cu:DealCurrencyRate><cat_EDTS_cu:IndirectNationalPayment>0</cat_EDTS_cu:IndirectNationalPayment><cat_EDTS_cu:BasisNationalAmount>4190.3</cat_EDTS_cu:BasisNationalAmount></cat_EDTS_cu:Method1CalculationBasis><cat_EDTS_cu:Method1AdditionalSum><cat_EDTS_cu:AgentBonus>0</cat_EDTS_cu:AgentBonus><cat_EDTS_cu:PackageExpenses>0</cat_EDTS_cu:PackageExpenses><cat_EDTS_cu:StoreCost>0</cat_EDTS_cu:StoreCost><cat_EDTS_cu:ProductionToolkitCost>0</cat_EDTS_cu:ProductionToolkitCost><cat_EDTS_cu:WorkingStockCost>0</cat_EDTS_cu:WorkingStockCost><cat_EDTS_cu:DesignPayment>0</cat_EDTS_cu:DesignPayment><cat_EDTS_cu:IntellectualPropertyPayment>0</cat_EDTS_cu:IntellectualPropertyPayment><cat_EDTS_cu:SellerIncome>0</cat_EDTS_cu:SellerIncome><cat_EDTS_cu:BorderTransportCharges>15264.62</cat_EDTS_cu:BorderTransportCharges><cat_EDTS_cu:BorderPlace>САНКТ-ПЕТЕРБУРГ</cat_EDTS_cu:BorderPlace><cat_EDTS_cu:LoadCharges>2714.25</cat_EDTS_cu:LoadCharges><cat_EDTS_cu:InsuranceCharges>0</cat_EDTS_cu:InsuranceCharges><cat_EDTS_cu:TotalAdditionalSum>17978.87</cat_EDTS_cu:TotalAdditionalSum></cat_EDTS_cu:Method1AdditionalSum><cat_EDTS_cu:Method1Deduction><cat_EDTS_cu:BuildingAmount>0</cat_EDTS_cu:BuildingAmount><cat_EDTS_cu:UnionTransportCharge>0</cat_EDTS_cu:UnionTransportCharge><cat_EDTS_cu:UnionTaxPayment>0</cat_EDTS_cu:UnionTaxPayment><cat_EDTS_cu:TotalDeductionAmount>0</cat_EDTS_cu:TotalDeductionAmount></cat_EDTS_cu:Method1Deduction></cat_EDTS_cu:DTSMethod1></DTS_CUCustomsCostCalculation></DTSout_CUGoodsCustomsCost><DTSout_CUFilledPerson><RUDECLcat:SigningDetails><cat_ru:PersonSurname>СЕМЕНОВ</cat_ru:PersonSurname><cat_ru:PersonName>ИГОРЬ</cat_ru:PersonName><cat_ru:PersonMiddleName>ИВАНОВИЧ</cat_ru:PersonMiddleName><cat_ru:PersonPost>ДЕКЛАРАНТ</cat_ru:PersonPost><RUScat_ru:CommunicationDetails><cat_ru:Phone>325-91-34</cat_ru:Phone></RUScat_ru:CommunicationDetails><RUScat_ru:SigningDate>2019-07-22T00:00:00</RUScat_ru:SigningDate></RUDECLcat:SigningDetails><RUDECLcat:SignatoryPersonIdentityDetails><RUScat_ru:IdentityCardCode>21</RUScat_ru:IdentityCardCode><RUScat_ru:IdentityCardName>ПАСРФ</RUScat_ru:IdentityCardName><RUScat_ru:IdentityCardSeries>40 02</RUScat_ru:IdentityCardSeries><RUScat_ru:IdentityCardNumber>123456</RUScat_ru:IdentityCardNumber><RUScat_ru:IdentityCardDate>2011-06-06</RUScat_ru:IdentityCardDate><RUScat_ru:OrganizationName>44 О/М САНКТ-ПЕТЕРБУРГА</RUScat_ru:OrganizationName></RUDECLcat:SignatoryPersonIdentityDetails></DTSout_CUFilledPerson><DTSoutDeclarant><cat_ru:OrganizationName>ООО "СТМ"</cat_ru:OrganizationName><cat_ru:RFOrganizationFeatures><cat_ru:OGRN>1027809233374</cat_ru:OGRN><cat_ru:INN>7825679650</cat_ru:INN><cat_ru:KPP>782501001</cat_ru:KPP></cat_ru:RFOrganizationFeatures><RUScat_ru:SubjectAddressDetails><RUScat_ru:PostalCode>197022</RUScat_ru:PostalCode><RUScat_ru:CountryCode>RU</RUScat_ru:CountryCode><RUScat_ru:CounryName>РОССИЯ</RUScat_ru:CounryName><RUScat_ru:City>САНКТ-ПЕТЕРБУРГ</RUScat_ru:City><RUScat_ru:StreetHouse>УЛ. АКАДЕМИКА ПАВЛОВА, Д.5</RUScat_ru:StreetHouse></RUScat_ru:SubjectAddressDetails></DTSoutDeclarant><DeliveryTerms><cat_ru:DeliveryPlace>МАНГЕЙМ</cat_ru:DeliveryPlace><cat_ru:DeliveryTermsStringCode>FCA</cat_ru:DeliveryTermsStringCode></DeliveryTerms></DTSout_CU>
		</DocBody></ContainerDoc></ED_Container>
<!--Local=10000000/220719/0000005-->