﻿<?xml version="1.0" encoding="utf-8"?>
<ED_Container xmlns="urn:customs.ru:Information:ExchangeDocuments:ED_Container:5.13.1" xmlns:CategoryCust="urn:customs.ru:Categories:3.0.0" xmlns:cat_ru="urn:customs.ru:CommonAggregateTypes:5.10.0" xmlns:clt_ru="urn:customs.ru:CommonLeafTypes:5.10.0" xmlns:xsi="http://www.w3.org/2001/XMLSchema-instance" DocumentModeID="1006058E">
  <cat_ru:DocumentID>54FBC1A0-8B0C-4CE0-B1F3-52DFF00C095D</cat_ru:DocumentID>
  <ContainerDoc>
    <DocBody>
      <ESADout_CU xmlns="urn:customs.ru:Information:CustomsDocuments:ESADout_CU:5.17.0" xmlns:catESAD_cu="urn:customs.ru:CUESADCommonAggregateTypesCust:5.17.0" xmlns:nsi="urn:customs.ru:RUSCommonLeafTypes:5.14.3" xmlns:RUScat_ru="urn:customs.ru:RUSCommonAggregateTypes:5.16.0" xmlns:RUDECLcat="urn:customs.ru:RUDeclCommonAggregateTypesCust:5.17.0" xmlns:cltESAD_cu="urn:customs.ru:CUESADCommonLeafTypes:5.17.0" xmlns:CategoryCust="urn:customs.ru:Categories:3.0.0" xmlns:cat_ru="urn:customs.ru:CommonAggregateTypes:5.10.0" xmlns:clt_ru="urn:customs.ru:CommonLeafTypes:5.10.0" xmlns:xsi="http://www.w3.org/2001/XMLSchema-instance" DocumentModeID="1006107E">
        <cat_ru:DocumentID>F5D6431E-C96A-4E1F-82A8-4637403BBB6E</cat_ru:DocumentID>
        <EECEDocHeaderAddInfo>
          <RUScat_ru:EDocCode>R.036</RUScat_ru:EDocCode>
          <RUScat_ru:LanguageCode>RU</RUScat_ru:LanguageCode>
          <RUScat_ru:SourceCountryCode>RU</RUScat_ru:SourceCountryCode>
          <RUScat_ru:DestinationCountryCode>RU</RUScat_ru:DestinationCountryCode>
        </EECEDocHeaderAddInfo>
        <CustomsProcedure>ЭК</CustomsProcedure>
        <CustomsModeCode>10</CustomsModeCode>
        <RecipientCountryCode>RU</RecipientCountryCode>
        <ESADout_CUGoodsShipment>
          <catESAD_cu:TotalGoodsNumber>1</catESAD_cu:TotalGoodsNumber>
          <catESAD_cu:TotalPackageNumber>0</catESAD_cu:TotalPackageNumber>
          <catESAD_cu:TotalSheetNumber>1</catESAD_cu:TotalSheetNumber>
          <catESAD_cu:TotalCustCost>0</catESAD_cu:TotalCustCost>
          <ESADout_CUConsignor>
            <cat_ru:OrganizationName>ООО "СИБИРЬ"</cat_ru:OrganizationName>
            <cat_ru:RFOrganizationFeatures>
              <cat_ru:KPP>380800101</cat_ru:KPP>
            </cat_ru:RFOrganizationFeatures>
          </ESADout_CUConsignor>
          <ESADout_CUConsigment>
            <catESAD_cu:ContainerIndicator>0</catESAD_cu:ContainerIndicator>
          </ESADout_CUConsigment>
          <ESADout_CUMainContractTerms>
            <catESAD_cu:ContractCurrencyCode>RUB</catESAD_cu:ContractCurrencyCode>
            <catESAD_cu:TotalInvoiceAmount>1590</catESAD_cu:TotalInvoiceAmount>
          </ESADout_CUMainContractTerms>
          <ESADout_CUGoods>
            <catESAD_cu:GoodsNumeric>1</catESAD_cu:GoodsNumeric>
            <catESAD_cu:InvoicedCost>1590</catESAD_cu:InvoicedCost>
            <catESAD_cu:AdditionalSheetCount>1</catESAD_cu:AdditionalSheetCount>
            <catESAD_cu:GoodsGroupDescription>
              <catESAD_cu:GoodsDescription>:ДЛИНА 3000ММ(ОТКЛ.+50ММ), ТОЛЩИНА 18ММ(ОТКЛ.+1ММ), ШИРИНА 105ММ(ОТКЛ.+2ММ), 638ШТ., 170ДОЛ.США/М3-3.617М3/С ПРЕДЕЛЬНЫМ ОТКЛОНЕНИЕМ ОТ НОМИНАЛЬНЫХ РАЗМЕРОВ 3.956238М3</catESAD_cu:GoodsDescription>
              <catESAD_cu:GoodsGroupInformation>
                <catESAD_cu:Manufacturer>ООО "ЛЕСЗАГ" (3808001010)</catESAD_cu:Manufacturer>
                <catESAD_cu:GoodsStandard>26002-83,24454-80,ФР 1.27.2014.17136</catESAD_cu:GoodsStandard>
                <catESAD_cu:GoodsSort>1-5</catESAD_cu:GoodsSort>
                <catESAD_cu:WoodDescriptionDetails>
                  <catESAD_cu:WoodSortiment>ЛИСТВЕННИЦА СИБИРСКАЯ</catESAD_cu:WoodSortiment>
                  <catESAD_cu:WoodKind>ЛИСТВЕННИЦА СИБИРСКА</catESAD_cu:WoodKind>
                  <catESAD_cu:DeviationDetails>
                    <catESAD_cu:LengthMeasure>
                      <catESAD_cu:MeasuredAmount>0.05</catESAD_cu:MeasuredAmount>
                      <catESAD_cu:MeasureUnitQualifierName>М</catESAD_cu:MeasureUnitQualifierName>
                      <catESAD_cu:MeasureUnitQualifierCode>006</catESAD_cu:MeasureUnitQualifierCode>
                    </catESAD_cu:LengthMeasure>
                    <catESAD_cu:WidthMeasure>
                      <catESAD_cu:MeasuredAmount>0.002</catESAD_cu:MeasuredAmount>
                      <catESAD_cu:MeasureUnitQualifierName>М</catESAD_cu:MeasureUnitQualifierName>
                      <catESAD_cu:MeasureUnitQualifierCode>006</catESAD_cu:MeasureUnitQualifierCode>
                    </catESAD_cu:WidthMeasure>
                    <catESAD_cu:HeightMeasure>
                      <catESAD_cu:MeasuredAmount>0.001</catESAD_cu:MeasuredAmount>
                      <catESAD_cu:MeasureUnitQualifierName>М</catESAD_cu:MeasureUnitQualifierName>
                      <catESAD_cu:MeasureUnitQualifierCode>006</catESAD_cu:MeasureUnitQualifierCode>
                    </catESAD_cu:HeightMeasure>
                  </catESAD_cu:DeviationDetails>
                  <catESAD_cu:ContractVolumeMeasure>
                    <cat_ru:GoodsQuantity>3.617</cat_ru:GoodsQuantity>
                    <cat_ru:MeasureUnitQualifierName>М3</cat_ru:MeasureUnitQualifierName>
                    <cat_ru:MeasureUnitQualifierCode>113</cat_ru:MeasureUnitQualifierCode>
                  </catESAD_cu:ContractVolumeMeasure>
                  <catESAD_cu:FactVolumeMeasure>
                    <cat_ru:GoodsQuantity>3.956238</cat_ru:GoodsQuantity>
                    <cat_ru:MeasureUnitQualifierName>М3</cat_ru:MeasureUnitQualifierName>
                    <cat_ru:MeasureUnitQualifierCode>113</cat_ru:MeasureUnitQualifierCode>
                  </catESAD_cu:FactVolumeMeasure>
                </catESAD_cu:WoodDescriptionDetails>
                <catESAD_cu:Dimensions>
                  <catESAD_cu:LengthMeasure>
                    <catESAD_cu:MeasuredAmount>3</catESAD_cu:MeasuredAmount>
                    <catESAD_cu:MeasureUnitQualifierName>М</catESAD_cu:MeasureUnitQualifierName>
                    <catESAD_cu:MeasureUnitQualifierCode>006</catESAD_cu:MeasureUnitQualifierCode>
                  </catESAD_cu:LengthMeasure>
                  <catESAD_cu:WidthMeasure>
                    <catESAD_cu:MeasuredAmount>0.105</catESAD_cu:MeasuredAmount>
                    <catESAD_cu:MeasureUnitQualifierName>М</catESAD_cu:MeasureUnitQualifierName>
                    <catESAD_cu:MeasureUnitQualifierCode>006</catESAD_cu:MeasureUnitQualifierCode>
                  </catESAD_cu:WidthMeasure>
                  <catESAD_cu:HeightMeasure>
                    <catESAD_cu:MeasuredAmount>0.018</catESAD_cu:MeasuredAmount>
                    <catESAD_cu:MeasureUnitQualifierName>М</catESAD_cu:MeasureUnitQualifierName>
                    <catESAD_cu:MeasureUnitQualifierCode>006</catESAD_cu:MeasureUnitQualifierCode>
                  </catESAD_cu:HeightMeasure>
                </catESAD_cu:Dimensions>
                <catESAD_cu:GoodsGroupQuantity>
                  <catESAD_cu:GoodsQuantity>3.956238</catESAD_cu:GoodsQuantity>
                  <catESAD_cu:MeasureUnitQualifierName>М3</catESAD_cu:MeasureUnitQualifierName>
                  <catESAD_cu:MeasureUnitQualifierCode>113</catESAD_cu:MeasureUnitQualifierCode>
                </catESAD_cu:GoodsGroupQuantity>
                <catESAD_cu:InvoicedCost>170</catESAD_cu:InvoicedCost>
              </catESAD_cu:GoodsGroupInformation>
              <catESAD_cu:GroupNum>1</catESAD_cu:GroupNum>
            </catESAD_cu:GoodsGroupDescription>
            <catESAD_cu:GoodsGroupDescription>
              <catESAD_cu:GoodsDescription>ДЛИНА 4000ММ(ОТКЛ.+50ММ), ТОЛЩИНА 18ММ(ОТКЛ.+1ММ), ШИРИНА 105ММ(ОТКЛ.+2ММ), 190ШТ., 170ДОЛ.США/М3-1.436М3/С ПРЕДЕЛЬНЫМ ОТКЛОНЕНИЕМ ОТ НОМИНАЛЬНЫХ РАЗМЕРОВ 1.56446М3</catESAD_cu:GoodsDescription>
              <catESAD_cu:GoodsGroupInformation>
                <catESAD_cu:Manufacturer>ООО "ЛЕСЗАГ" (3808001010)</catESAD_cu:Manufacturer>
                <catESAD_cu:GoodsStandard>26002-83,24454-80,ФР 1.27.2014.17136</catESAD_cu:GoodsStandard>
                <catESAD_cu:GoodsSort>1-5</catESAD_cu:GoodsSort>
                <catESAD_cu:WoodDescriptionDetails>
                  <catESAD_cu:WoodSortiment>ЛИСТВЕННИЦА СИБИРСКАЯ</catESAD_cu:WoodSortiment>
                  <catESAD_cu:WoodKind>ЛИСТВЕННИЦА СИБИРСКА</catESAD_cu:WoodKind>
                  <catESAD_cu:DeviationDetails>
                    <catESAD_cu:LengthMeasure>
                      <catESAD_cu:MeasuredAmount>0.05</catESAD_cu:MeasuredAmount>
                      <catESAD_cu:MeasureUnitQualifierName>М</catESAD_cu:MeasureUnitQualifierName>
                      <catESAD_cu:MeasureUnitQualifierCode>006</catESAD_cu:MeasureUnitQualifierCode>
                    </catESAD_cu:LengthMeasure>
                    <catESAD_cu:WidthMeasure>
                      <catESAD_cu:MeasuredAmount>0.002</catESAD_cu:MeasuredAmount>
                      <catESAD_cu:MeasureUnitQualifierName>М</catESAD_cu:MeasureUnitQualifierName>
                      <catESAD_cu:MeasureUnitQualifierCode>006</catESAD_cu:MeasureUnitQualifierCode>
                    </catESAD_cu:WidthMeasure>
                    <catESAD_cu:HeightMeasure>
                      <catESAD_cu:MeasuredAmount>0.001</catESAD_cu:MeasuredAmount>
                      <catESAD_cu:MeasureUnitQualifierName>М</catESAD_cu:MeasureUnitQualifierName>
                      <catESAD_cu:MeasureUnitQualifierCode>006</catESAD_cu:MeasureUnitQualifierCode>
                    </catESAD_cu:HeightMeasure>
                  </catESAD_cu:DeviationDetails>
                  <catESAD_cu:ContractVolumeMeasure>
                    <cat_ru:GoodsQuantity>1.436</cat_ru:GoodsQuantity>
                    <cat_ru:MeasureUnitQualifierName>М3</cat_ru:MeasureUnitQualifierName>
                    <cat_ru:MeasureUnitQualifierCode>113</cat_ru:MeasureUnitQualifierCode>
                  </catESAD_cu:ContractVolumeMeasure>
                  <catESAD_cu:FactVolumeMeasure>
                    <cat_ru:GoodsQuantity>1.56446</cat_ru:GoodsQuantity>
                    <cat_ru:MeasureUnitQualifierName>М3</cat_ru:MeasureUnitQualifierName>
                    <cat_ru:MeasureUnitQualifierCode>113</cat_ru:MeasureUnitQualifierCode>
                  </catESAD_cu:FactVolumeMeasure>
                </catESAD_cu:WoodDescriptionDetails>
                <catESAD_cu:Dimensions>
                  <catESAD_cu:LengthMeasure>
                    <catESAD_cu:MeasuredAmount>4</catESAD_cu:MeasuredAmount>
                    <catESAD_cu:MeasureUnitQualifierName>М</catESAD_cu:MeasureUnitQualifierName>
                    <catESAD_cu:MeasureUnitQualifierCode>006</catESAD_cu:MeasureUnitQualifierCode>
                  </catESAD_cu:LengthMeasure>
                  <catESAD_cu:WidthMeasure>
                    <catESAD_cu:MeasuredAmount>0.105</catESAD_cu:MeasuredAmount>
                    <catESAD_cu:MeasureUnitQualifierName>М</catESAD_cu:MeasureUnitQualifierName>
                    <catESAD_cu:MeasureUnitQualifierCode>006</catESAD_cu:MeasureUnitQualifierCode>
                  </catESAD_cu:WidthMeasure>
                  <catESAD_cu:HeightMeasure>
                    <catESAD_cu:MeasuredAmount>0.018</catESAD_cu:MeasuredAmount>
                    <catESAD_cu:MeasureUnitQualifierName>М</catESAD_cu:MeasureUnitQualifierName>
                    <catESAD_cu:MeasureUnitQualifierCode>006</catESAD_cu:MeasureUnitQualifierCode>
                  </catESAD_cu:HeightMeasure>
                </catESAD_cu:Dimensions>
                <catESAD_cu:GoodsGroupQuantity>
                  <catESAD_cu:GoodsQuantity>1.56446</catESAD_cu:GoodsQuantity>
                  <catESAD_cu:MeasureUnitQualifierName>М3</catESAD_cu:MeasureUnitQualifierName>
                  <catESAD_cu:MeasureUnitQualifierCode>113</catESAD_cu:MeasureUnitQualifierCode>
                </catESAD_cu:GoodsGroupQuantity>
                <catESAD_cu:InvoicedCost>170</catESAD_cu:InvoicedCost>
              </catESAD_cu:GoodsGroupInformation>
              <catESAD_cu:GroupNum>2</catESAD_cu:GroupNum>
            </catESAD_cu:GoodsGroupDescription>
            <catESAD_cu:GoodsGroupDescription>
              <catESAD_cu:GoodsDescription>ДЛИНА 4000ММ(ОТКЛ.+50ММ), ТОЛЩИНА 18ММ(ОТКЛ.+1ММ), ШИРИНА 125ММ(ОТКЛ.+2ММ), 580ШТ., 170ДОЛ.США/М3-5.22М3/С ПРЕДЕЛЬНЫМ ОТКЛОНЕНИЕМ ОТ НОМИНАЛЬНЫХ РАЗМЕРОВ 5.66834М3</catESAD_cu:GoodsDescription>
              <catESAD_cu:GoodsGroupInformation>
                <catESAD_cu:Manufacturer>ООО "ЛЕСЗАГ" (3808001010)</catESAD_cu:Manufacturer>
                <catESAD_cu:GoodsStandard>26002-83,24454-80,ФР 1.27.2014.17136</catESAD_cu:GoodsStandard>
                <catESAD_cu:GoodsSort>1-5</catESAD_cu:GoodsSort>
                <catESAD_cu:WoodDescriptionDetails>
                  <catESAD_cu:WoodSortiment>ЛИСТВЕННИЦА СИБИРСКАЯ</catESAD_cu:WoodSortiment>
                  <catESAD_cu:WoodKind>ЛИСТВЕННИЦА СИБИРСКА</catESAD_cu:WoodKind>
                  <catESAD_cu:DeviationDetails>
                    <catESAD_cu:LengthMeasure>
                      <catESAD_cu:MeasuredAmount>0.05</catESAD_cu:MeasuredAmount>
                      <catESAD_cu:MeasureUnitQualifierName>М</catESAD_cu:MeasureUnitQualifierName>
                      <catESAD_cu:MeasureUnitQualifierCode>006</catESAD_cu:MeasureUnitQualifierCode>
                    </catESAD_cu:LengthMeasure>
                    <catESAD_cu:WidthMeasure>
                      <catESAD_cu:MeasuredAmount>0.002</catESAD_cu:MeasuredAmount>
                      <catESAD_cu:MeasureUnitQualifierName>М</catESAD_cu:MeasureUnitQualifierName>
                      <catESAD_cu:MeasureUnitQualifierCode>006</catESAD_cu:MeasureUnitQualifierCode>
                    </catESAD_cu:WidthMeasure>
                    <catESAD_cu:HeightMeasure>
                      <catESAD_cu:MeasuredAmount>0.001</catESAD_cu:MeasuredAmount>
                      <catESAD_cu:MeasureUnitQualifierName>М</catESAD_cu:MeasureUnitQualifierName>
                      <catESAD_cu:MeasureUnitQualifierCode>006</catESAD_cu:MeasureUnitQualifierCode>
                    </catESAD_cu:HeightMeasure>
                  </catESAD_cu:DeviationDetails>
                  <catESAD_cu:ContractVolumeMeasure>
                    <cat_ru:GoodsQuantity>5.22</cat_ru:GoodsQuantity>
                    <cat_ru:MeasureUnitQualifierName>М3</cat_ru:MeasureUnitQualifierName>
                    <cat_ru:MeasureUnitQualifierCode>113</cat_ru:MeasureUnitQualifierCode>
                  </catESAD_cu:ContractVolumeMeasure>
                  <catESAD_cu:FactVolumeMeasure>
                    <cat_ru:GoodsQuantity>5.66834</cat_ru:GoodsQuantity>
                    <cat_ru:MeasureUnitQualifierName>М3</cat_ru:MeasureUnitQualifierName>
                    <cat_ru:MeasureUnitQualifierCode>113</cat_ru:MeasureUnitQualifierCode>
                  </catESAD_cu:FactVolumeMeasure>
                </catESAD_cu:WoodDescriptionDetails>
                <catESAD_cu:Dimensions>
                  <catESAD_cu:LengthMeasure>
                    <catESAD_cu:MeasuredAmount>4</catESAD_cu:MeasuredAmount>
                    <catESAD_cu:MeasureUnitQualifierName>М</catESAD_cu:MeasureUnitQualifierName>
                    <catESAD_cu:MeasureUnitQualifierCode>006</catESAD_cu:MeasureUnitQualifierCode>
                  </catESAD_cu:LengthMeasure>
                  <catESAD_cu:WidthMeasure>
                    <catESAD_cu:MeasuredAmount>0.125</catESAD_cu:MeasuredAmount>
                    <catESAD_cu:MeasureUnitQualifierName>М</catESAD_cu:MeasureUnitQualifierName>
                    <catESAD_cu:MeasureUnitQualifierCode>006</catESAD_cu:MeasureUnitQualifierCode>
                  </catESAD_cu:WidthMeasure>
                  <catESAD_cu:HeightMeasure>
                    <catESAD_cu:MeasuredAmount>0.018</catESAD_cu:MeasuredAmount>
                    <catESAD_cu:MeasureUnitQualifierName>М</catESAD_cu:MeasureUnitQualifierName>
                    <catESAD_cu:MeasureUnitQualifierCode>006</catESAD_cu:MeasureUnitQualifierCode>
                  </catESAD_cu:HeightMeasure>
                </catESAD_cu:Dimensions>
                <catESAD_cu:GoodsGroupQuantity>
                  <catESAD_cu:GoodsQuantity>5.66834</catESAD_cu:GoodsQuantity>
                  <catESAD_cu:MeasureUnitQualifierName>М3</catESAD_cu:MeasureUnitQualifierName>
                  <catESAD_cu:MeasureUnitQualifierCode>113</catESAD_cu:MeasureUnitQualifierCode>
                </catESAD_cu:GoodsGroupQuantity>
                <catESAD_cu:InvoicedCost>170</catESAD_cu:InvoicedCost>
              </catESAD_cu:GoodsGroupInformation>
              <catESAD_cu:GroupNum>3</catESAD_cu:GroupNum>
            </catESAD_cu:GoodsGroupDescription>
            <catESAD_cu:GoodsGroupDescription>
              <catESAD_cu:GoodsDescription>ДЛИНА 3000ММ(ОТКЛ.+50ММ), ТОЛЩИНА 18ММ(ОТКЛ.+1ММ), ШИРИНА 105ММ(ОТКЛ.+2ММ), 3190ШТ., 160ДОЛ.США/М3-18.085М3/С ПРЕДЕЛЬНЫМ ОТКЛОНЕНИЕМ ОТ НОМИНАЛЬНЫХ РАЗМЕРОВ 19.78119М3</catESAD_cu:GoodsDescription>
              <catESAD_cu:GoodsGroupInformation>
                <catESAD_cu:Manufacturer>ООО "ЛЕСЗАГ" (3808001010)</catESAD_cu:Manufacturer>
                <catESAD_cu:GoodsStandard>26002-83,24454-80,ФР 1.27.2014.17136</catESAD_cu:GoodsStandard>
                <catESAD_cu:GoodsSort>5</catESAD_cu:GoodsSort>
                <catESAD_cu:WoodDescriptionDetails>
                  <catESAD_cu:WoodSortiment>ЛИСТВЕННИЦА СИБИРСКАЯ</catESAD_cu:WoodSortiment>
                  <catESAD_cu:WoodKind>ЛИСТВЕННИЦА СИБИРСКА</catESAD_cu:WoodKind>
                  <catESAD_cu:DeviationDetails>
                    <catESAD_cu:LengthMeasure>
                      <catESAD_cu:MeasuredAmount>0.05</catESAD_cu:MeasuredAmount>
                      <catESAD_cu:MeasureUnitQualifierName>М</catESAD_cu:MeasureUnitQualifierName>
                      <catESAD_cu:MeasureUnitQualifierCode>006</catESAD_cu:MeasureUnitQualifierCode>
                    </catESAD_cu:LengthMeasure>
                    <catESAD_cu:WidthMeasure>
                      <catESAD_cu:MeasuredAmount>0.002</catESAD_cu:MeasuredAmount>
                      <catESAD_cu:MeasureUnitQualifierName>М</catESAD_cu:MeasureUnitQualifierName>
                      <catESAD_cu:MeasureUnitQualifierCode>006</catESAD_cu:MeasureUnitQualifierCode>
                    </catESAD_cu:WidthMeasure>
                    <catESAD_cu:HeightMeasure>
                      <catESAD_cu:MeasuredAmount>0.001</catESAD_cu:MeasuredAmount>
                      <catESAD_cu:MeasureUnitQualifierName>М</catESAD_cu:MeasureUnitQualifierName>
                      <catESAD_cu:MeasureUnitQualifierCode>006</catESAD_cu:MeasureUnitQualifierCode>
                    </catESAD_cu:HeightMeasure>
                  </catESAD_cu:DeviationDetails>
                  <catESAD_cu:ContractVolumeMeasure>
                    <cat_ru:GoodsQuantity>18.085</cat_ru:GoodsQuantity>
                    <cat_ru:MeasureUnitQualifierName>М3</cat_ru:MeasureUnitQualifierName>
                    <cat_ru:MeasureUnitQualifierCode>113</cat_ru:MeasureUnitQualifierCode>
                  </catESAD_cu:ContractVolumeMeasure>
                  <catESAD_cu:FactVolumeMeasure>
                    <cat_ru:GoodsQuantity>19.78119</cat_ru:GoodsQuantity>
                    <cat_ru:MeasureUnitQualifierName>М3</cat_ru:MeasureUnitQualifierName>
                    <cat_ru:MeasureUnitQualifierCode>113</cat_ru:MeasureUnitQualifierCode>
                  </catESAD_cu:FactVolumeMeasure>
                </catESAD_cu:WoodDescriptionDetails>
                <catESAD_cu:Dimensions>
                  <catESAD_cu:LengthMeasure>
                    <catESAD_cu:MeasuredAmount>3</catESAD_cu:MeasuredAmount>
                    <catESAD_cu:MeasureUnitQualifierName>М</catESAD_cu:MeasureUnitQualifierName>
                    <catESAD_cu:MeasureUnitQualifierCode>006</catESAD_cu:MeasureUnitQualifierCode>
                  </catESAD_cu:LengthMeasure>
                  <catESAD_cu:WidthMeasure>
                    <catESAD_cu:MeasuredAmount>0.105</catESAD_cu:MeasuredAmount>
                    <catESAD_cu:MeasureUnitQualifierName>М</catESAD_cu:MeasureUnitQualifierName>
                    <catESAD_cu:MeasureUnitQualifierCode>006</catESAD_cu:MeasureUnitQualifierCode>
                  </catESAD_cu:WidthMeasure>
                  <catESAD_cu:HeightMeasure>
                    <catESAD_cu:MeasuredAmount>0.018</catESAD_cu:MeasuredAmount>
                    <catESAD_cu:MeasureUnitQualifierName>М</catESAD_cu:MeasureUnitQualifierName>
                    <catESAD_cu:MeasureUnitQualifierCode>006</catESAD_cu:MeasureUnitQualifierCode>
                  </catESAD_cu:HeightMeasure>
                </catESAD_cu:Dimensions>
                <catESAD_cu:GoodsGroupQuantity>
                  <catESAD_cu:GoodsQuantity>19.78119</catESAD_cu:GoodsQuantity>
                  <catESAD_cu:MeasureUnitQualifierName>М3</catESAD_cu:MeasureUnitQualifierName>
                  <catESAD_cu:MeasureUnitQualifierCode>113</catESAD_cu:MeasureUnitQualifierCode>
                </catESAD_cu:GoodsGroupQuantity>
                <catESAD_cu:InvoicedCost>160</catESAD_cu:InvoicedCost>
              </catESAD_cu:GoodsGroupInformation>
              <catESAD_cu:GroupNum>4</catESAD_cu:GroupNum>
            </catESAD_cu:GoodsGroupDescription>
            <catESAD_cu:GoodsGroupDescription>
              <catESAD_cu:GoodsDescription>ДЛИНА 4000ММ(ОТКЛ.+50ММ), ТОЛЩИНА 18ММ(ОТКЛ.+1ММ), ШИРИНА 105ММ(ОТКЛ.+2ММ), 1656ШТ., 160ДОЛ.США/М3-12.518М3/С ПРЕДЕЛЬНЫМ ОТКЛОНЕНИЕМ ОТ НОМИНАЛЬНЫХ РАЗМЕРОВ 13.635504М3</catESAD_cu:GoodsDescription>
              <catESAD_cu:GoodsGroupInformation>
                <catESAD_cu:Manufacturer>ООО "ЛЕСЗАГ" (3808001010)</catESAD_cu:Manufacturer>
                <catESAD_cu:GoodsStandard>26002-83,24454-80,ФР 1.27.2014.17136</catESAD_cu:GoodsStandard>
                <catESAD_cu:GoodsSort>5</catESAD_cu:GoodsSort>
                <catESAD_cu:WoodDescriptionDetails>
                  <catESAD_cu:WoodSortiment>ЛИСТВЕННИЦА СИБИРСКАЯ</catESAD_cu:WoodSortiment>
                  <catESAD_cu:WoodKind>ЛИСТВЕННИЦА СИБИРСКА</catESAD_cu:WoodKind>
                  <catESAD_cu:DeviationDetails>
                    <catESAD_cu:LengthMeasure>
                      <catESAD_cu:MeasuredAmount>0.05</catESAD_cu:MeasuredAmount>
                      <catESAD_cu:MeasureUnitQualifierName>М</catESAD_cu:MeasureUnitQualifierName>
                      <catESAD_cu:MeasureUnitQualifierCode>006</catESAD_cu:MeasureUnitQualifierCode>
                    </catESAD_cu:LengthMeasure>
                    <catESAD_cu:WidthMeasure>
                      <catESAD_cu:MeasuredAmount>0.002</catESAD_cu:MeasuredAmount>
                      <catESAD_cu:MeasureUnitQualifierName>М</catESAD_cu:MeasureUnitQualifierName>
                      <catESAD_cu:MeasureUnitQualifierCode>006</catESAD_cu:MeasureUnitQualifierCode>
                    </catESAD_cu:WidthMeasure>
                    <catESAD_cu:HeightMeasure>
                      <catESAD_cu:MeasuredAmount>0.001</catESAD_cu:MeasuredAmount>
                      <catESAD_cu:MeasureUnitQualifierName>М</catESAD_cu:MeasureUnitQualifierName>
                      <catESAD_cu:MeasureUnitQualifierCode>006</catESAD_cu:MeasureUnitQualifierCode>
                    </catESAD_cu:HeightMeasure>
                  </catESAD_cu:DeviationDetails>
                  <catESAD_cu:ContractVolumeMeasure>
                    <cat_ru:GoodsQuantity>12.518</cat_ru:GoodsQuantity>
                    <cat_ru:MeasureUnitQualifierName>М3</cat_ru:MeasureUnitQualifierName>
                    <cat_ru:MeasureUnitQualifierCode>113</cat_ru:MeasureUnitQualifierCode>
                  </catESAD_cu:ContractVolumeMeasure>
                  <catESAD_cu:FactVolumeMeasure>
                    <cat_ru:GoodsQuantity>13.635504</cat_ru:GoodsQuantity>
                    <cat_ru:MeasureUnitQualifierName>М3</cat_ru:MeasureUnitQualifierName>
                    <cat_ru:MeasureUnitQualifierCode>113</cat_ru:MeasureUnitQualifierCode>
                  </catESAD_cu:FactVolumeMeasure>
                </catESAD_cu:WoodDescriptionDetails>
                <catESAD_cu:Dimensions>
                  <catESAD_cu:LengthMeasure>
                    <catESAD_cu:MeasuredAmount>4</catESAD_cu:MeasuredAmount>
                    <catESAD_cu:MeasureUnitQualifierName>М</catESAD_cu:MeasureUnitQualifierName>
                    <catESAD_cu:MeasureUnitQualifierCode>006</catESAD_cu:MeasureUnitQualifierCode>
                  </catESAD_cu:LengthMeasure>
                  <catESAD_cu:WidthMeasure>
                    <catESAD_cu:MeasuredAmount>0.105</catESAD_cu:MeasuredAmount>
                    <catESAD_cu:MeasureUnitQualifierName>М</catESAD_cu:MeasureUnitQualifierName>
                    <catESAD_cu:MeasureUnitQualifierCode>006</catESAD_cu:MeasureUnitQualifierCode>
                  </catESAD_cu:WidthMeasure>
                  <catESAD_cu:HeightMeasure>
                    <catESAD_cu:MeasuredAmount>0.018</catESAD_cu:MeasuredAmount>
                    <catESAD_cu:MeasureUnitQualifierName>М</catESAD_cu:MeasureUnitQualifierName>
                    <catESAD_cu:MeasureUnitQualifierCode>006</catESAD_cu:MeasureUnitQualifierCode>
                  </catESAD_cu:HeightMeasure>
                </catESAD_cu:Dimensions>
                <catESAD_cu:GoodsGroupQuantity>
                  <catESAD_cu:GoodsQuantity>13.635504</catESAD_cu:GoodsQuantity>
                  <catESAD_cu:MeasureUnitQualifierName>М3</catESAD_cu:MeasureUnitQualifierName>
                  <catESAD_cu:MeasureUnitQualifierCode>113</catESAD_cu:MeasureUnitQualifierCode>
                </catESAD_cu:GoodsGroupQuantity>
                <catESAD_cu:InvoicedCost>160</catESAD_cu:InvoicedCost>
              </catESAD_cu:GoodsGroupInformation>
              <catESAD_cu:GroupNum>5</catESAD_cu:GroupNum>
            </catESAD_cu:GoodsGroupDescription>
            <catESAD_cu:GoodsGroupDescription>
              <catESAD_cu:GoodsDescription>ДЛИНА 3000ММ(ОТКЛ.+50ММ), ТОЛЩИНА 18ММ(ОТКЛ.+1ММ), ШИРИНА 125ММ(ОТКЛ.+2ММ), 1160ШТ., 160ДОЛ.США/М3-7.83М3/С ПРЕДЕЛЬНЫМ ОТКЛОНЕНИЕМ ОТ НОМИНАЛЬНЫХ РАЗМЕРОВ 8.5376М3</catESAD_cu:GoodsDescription>
              <catESAD_cu:GoodsGroupInformation>
                <catESAD_cu:Manufacturer>ООО "ЛЕСЗАГ" (3808001010)</catESAD_cu:Manufacturer>
                <catESAD_cu:GoodsStandard>26002-83,24454-80,ФР 1.27.2014.17136</catESAD_cu:GoodsStandard>
                <catESAD_cu:GoodsSort>5</catESAD_cu:GoodsSort>
                <catESAD_cu:WoodDescriptionDetails>
                  <catESAD_cu:WoodSortiment>ЛИСТВЕННИЦА СИБИРСКАЯ</catESAD_cu:WoodSortiment>
                  <catESAD_cu:WoodKind>ЛИСТВЕННИЦА СИБИРСКА</catESAD_cu:WoodKind>
                  <catESAD_cu:DeviationDetails>
                    <catESAD_cu:LengthMeasure>
                      <catESAD_cu:MeasuredAmount>0.05</catESAD_cu:MeasuredAmount>
                      <catESAD_cu:MeasureUnitQualifierName>М</catESAD_cu:MeasureUnitQualifierName>
                      <catESAD_cu:MeasureUnitQualifierCode>006</catESAD_cu:MeasureUnitQualifierCode>
                    </catESAD_cu:LengthMeasure>
                    <catESAD_cu:WidthMeasure>
                      <catESAD_cu:MeasuredAmount>0.002</catESAD_cu:MeasuredAmount>
                      <catESAD_cu:MeasureUnitQualifierName>М</catESAD_cu:MeasureUnitQualifierName>
                      <catESAD_cu:MeasureUnitQualifierCode>006</catESAD_cu:MeasureUnitQualifierCode>
                    </catESAD_cu:WidthMeasure>
                    <catESAD_cu:HeightMeasure>
                      <catESAD_cu:MeasuredAmount>0.001</catESAD_cu:MeasuredAmount>
                      <catESAD_cu:MeasureUnitQualifierName>М</catESAD_cu:MeasureUnitQualifierName>
                      <catESAD_cu:MeasureUnitQualifierCode>006</catESAD_cu:MeasureUnitQualifierCode>
                    </catESAD_cu:HeightMeasure>
                  </catESAD_cu:DeviationDetails>
                  <catESAD_cu:ContractVolumeMeasure>
                    <cat_ru:GoodsQuantity>7.83</cat_ru:GoodsQuantity>
                    <cat_ru:MeasureUnitQualifierName>М3</cat_ru:MeasureUnitQualifierName>
                    <cat_ru:MeasureUnitQualifierCode>113</cat_ru:MeasureUnitQualifierCode>
                  </catESAD_cu:ContractVolumeMeasure>
                  <catESAD_cu:FactVolumeMeasure>
                    <cat_ru:GoodsQuantity>8.5376</cat_ru:GoodsQuantity>
                    <cat_ru:MeasureUnitQualifierName>М3</cat_ru:MeasureUnitQualifierName>
                    <cat_ru:MeasureUnitQualifierCode>113</cat_ru:MeasureUnitQualifierCode>
                  </catESAD_cu:FactVolumeMeasure>
                </catESAD_cu:WoodDescriptionDetails>
                <catESAD_cu:Dimensions>
                  <catESAD_cu:LengthMeasure>
                    <catESAD_cu:MeasuredAmount>3</catESAD_cu:MeasuredAmount>
                    <catESAD_cu:MeasureUnitQualifierName>М</catESAD_cu:MeasureUnitQualifierName>
                    <catESAD_cu:MeasureUnitQualifierCode>006</catESAD_cu:MeasureUnitQualifierCode>
                  </catESAD_cu:LengthMeasure>
                  <catESAD_cu:WidthMeasure>
                    <catESAD_cu:MeasuredAmount>0.125</catESAD_cu:MeasuredAmount>
                    <catESAD_cu:MeasureUnitQualifierName>М</catESAD_cu:MeasureUnitQualifierName>
                    <catESAD_cu:MeasureUnitQualifierCode>006</catESAD_cu:MeasureUnitQualifierCode>
                  </catESAD_cu:WidthMeasure>
                  <catESAD_cu:HeightMeasure>
                    <catESAD_cu:MeasuredAmount>0.018</catESAD_cu:MeasuredAmount>
                    <catESAD_cu:MeasureUnitQualifierName>М</catESAD_cu:MeasureUnitQualifierName>
                    <catESAD_cu:MeasureUnitQualifierCode>006</catESAD_cu:MeasureUnitQualifierCode>
                  </catESAD_cu:HeightMeasure>
                </catESAD_cu:Dimensions>
                <catESAD_cu:GoodsGroupQuantity>
                  <catESAD_cu:GoodsQuantity>8.5376</catESAD_cu:GoodsQuantity>
                  <catESAD_cu:MeasureUnitQualifierName>М3</catESAD_cu:MeasureUnitQualifierName>
                  <catESAD_cu:MeasureUnitQualifierCode>113</catESAD_cu:MeasureUnitQualifierCode>
                </catESAD_cu:GoodsGroupQuantity>
                <catESAD_cu:InvoicedCost>160</catESAD_cu:InvoicedCost>
              </catESAD_cu:GoodsGroupInformation>
              <catESAD_cu:GroupNum>6</catESAD_cu:GroupNum>
            </catESAD_cu:GoodsGroupDescription>
            <catESAD_cu:GoodsGroupDescription>
              <catESAD_cu:GoodsDescription>ДЛИНА 4000ММ(ОТКЛ.+50ММ), ТОЛЩИНА 18ММ(ОТКЛ.+1ММ), ШИРИНА 125ММ(ОТКЛ.+2ММ), 1740ШТ., 160ДОЛ.США/М3-15.66М3/С ПРЕДЕЛЬНЫМ ОТКЛОНЕНИЕМ ОТ НОМИНАЛЬНЫХ РАЗМЕРОВ 17.00502М3</catESAD_cu:GoodsDescription>
              <catESAD_cu:GoodsGroupInformation>
                <catESAD_cu:Manufacturer>ООО "ЛЕСЗАГ" (3808001010)</catESAD_cu:Manufacturer>
                <catESAD_cu:GoodsStandard>26002-83,24454-80,ФР 1.27.2014.17136</catESAD_cu:GoodsStandard>
                <catESAD_cu:GoodsSort>5</catESAD_cu:GoodsSort>
                <catESAD_cu:WoodDescriptionDetails>
                  <catESAD_cu:WoodSortiment>ЛИСТВЕННИЦА СИБИРСКАЯ</catESAD_cu:WoodSortiment>
                  <catESAD_cu:WoodKind>ЛИСТВЕННИЦА СИБИРСКА</catESAD_cu:WoodKind>
                  <catESAD_cu:DeviationDetails>
                    <catESAD_cu:LengthMeasure>
                      <catESAD_cu:MeasuredAmount>0.05</catESAD_cu:MeasuredAmount>
                      <catESAD_cu:MeasureUnitQualifierName>М</catESAD_cu:MeasureUnitQualifierName>
                      <catESAD_cu:MeasureUnitQualifierCode>006</catESAD_cu:MeasureUnitQualifierCode>
                    </catESAD_cu:LengthMeasure>
                    <catESAD_cu:WidthMeasure>
                      <catESAD_cu:MeasuredAmount>0.002</catESAD_cu:MeasuredAmount>
                      <catESAD_cu:MeasureUnitQualifierName>М</catESAD_cu:MeasureUnitQualifierName>
                      <catESAD_cu:MeasureUnitQualifierCode>006</catESAD_cu:MeasureUnitQualifierCode>
                    </catESAD_cu:WidthMeasure>
                    <catESAD_cu:HeightMeasure>
                      <catESAD_cu:MeasuredAmount>0.001</catESAD_cu:MeasuredAmount>
                      <catESAD_cu:MeasureUnitQualifierName>М</catESAD_cu:MeasureUnitQualifierName>
                      <catESAD_cu:MeasureUnitQualifierCode>006</catESAD_cu:MeasureUnitQualifierCode>
                    </catESAD_cu:HeightMeasure>
                  </catESAD_cu:DeviationDetails>
                  <catESAD_cu:ContractVolumeMeasure>
                    <cat_ru:GoodsQuantity>15.66</cat_ru:GoodsQuantity>
                    <cat_ru:MeasureUnitQualifierName>М3</cat_ru:MeasureUnitQualifierName>
                    <cat_ru:MeasureUnitQualifierCode>113</cat_ru:MeasureUnitQualifierCode>
                  </catESAD_cu:ContractVolumeMeasure>
                  <catESAD_cu:FactVolumeMeasure>
                    <cat_ru:GoodsQuantity>17.00502</cat_ru:GoodsQuantity>
                    <cat_ru:MeasureUnitQualifierName>М3</cat_ru:MeasureUnitQualifierName>
                    <cat_ru:MeasureUnitQualifierCode>113</cat_ru:MeasureUnitQualifierCode>
                  </catESAD_cu:FactVolumeMeasure>
                </catESAD_cu:WoodDescriptionDetails>
                <catESAD_cu:Dimensions>
                  <catESAD_cu:LengthMeasure>
                    <catESAD_cu:MeasuredAmount>4</catESAD_cu:MeasuredAmount>
                    <catESAD_cu:MeasureUnitQualifierName>М</catESAD_cu:MeasureUnitQualifierName>
                    <catESAD_cu:MeasureUnitQualifierCode>006</catESAD_cu:MeasureUnitQualifierCode>
                  </catESAD_cu:LengthMeasure>
                  <catESAD_cu:WidthMeasure>
                    <catESAD_cu:MeasuredAmount>0.125</catESAD_cu:MeasuredAmount>
                    <catESAD_cu:MeasureUnitQualifierName>М</catESAD_cu:MeasureUnitQualifierName>
                    <catESAD_cu:MeasureUnitQualifierCode>006</catESAD_cu:MeasureUnitQualifierCode>
                  </catESAD_cu:WidthMeasure>
                  <catESAD_cu:HeightMeasure>
                    <catESAD_cu:MeasuredAmount>0.018</catESAD_cu:MeasuredAmount>
                    <catESAD_cu:MeasureUnitQualifierName>М</catESAD_cu:MeasureUnitQualifierName>
                    <catESAD_cu:MeasureUnitQualifierCode>006</catESAD_cu:MeasureUnitQualifierCode>
                  </catESAD_cu:HeightMeasure>
                </catESAD_cu:Dimensions>
                <catESAD_cu:GoodsGroupQuantity>
                  <catESAD_cu:GoodsQuantity>17.00502</catESAD_cu:GoodsQuantity>
                  <catESAD_cu:MeasureUnitQualifierName>М3</catESAD_cu:MeasureUnitQualifierName>
                  <catESAD_cu:MeasureUnitQualifierCode>113</catESAD_cu:MeasureUnitQualifierCode>
                </catESAD_cu:GoodsGroupQuantity>
                <catESAD_cu:InvoicedCost>160</catESAD_cu:InvoicedCost>
              </catESAD_cu:GoodsGroupInformation>
              <catESAD_cu:GroupNum>7</catESAD_cu:GroupNum>
            </catESAD_cu:GoodsGroupDescription>
            <catESAD_cu:GoodsGroupDescription>
              <catESAD_cu:GoodsDescription>ДЛИНА 4000ММ(ОТКЛ.+50ММ), ТОЛЩИНА 32ММ(ОТКЛ.+1ММ), ШИРИНА 150ММ(ОТКЛ.+2ММ), 308ШТ., 160ДОЛ.США/М3-5.912М3/С ПРЕДЕЛЬНЫМ ОТКЛОНЕНИЕМ ОТ НОМИНАЛЬНЫХ РАЗМЕРОВ 6.25548М3</catESAD_cu:GoodsDescription>
              <catESAD_cu:GoodsGroupInformation>
                <catESAD_cu:Manufacturer>ООО "ЛЕСЗАГ" (3808001010)</catESAD_cu:Manufacturer>
                <catESAD_cu:GoodsStandard>26002-83,24454-80,ФР 1.27.2014.17136</catESAD_cu:GoodsStandard>
                <catESAD_cu:GoodsSort>5</catESAD_cu:GoodsSort>
                <catESAD_cu:WoodDescriptionDetails>
                  <catESAD_cu:WoodSortiment>ЛИСТВЕННИЦА СИБИРСКАЯ</catESAD_cu:WoodSortiment>
                  <catESAD_cu:WoodKind>ЛИСТВЕННИЦА СИБИРСКА</catESAD_cu:WoodKind>
                  <catESAD_cu:DeviationDetails>
                    <catESAD_cu:LengthMeasure>
                      <catESAD_cu:MeasuredAmount>0.05</catESAD_cu:MeasuredAmount>
                      <catESAD_cu:MeasureUnitQualifierName>М</catESAD_cu:MeasureUnitQualifierName>
                      <catESAD_cu:MeasureUnitQualifierCode>006</catESAD_cu:MeasureUnitQualifierCode>
                    </catESAD_cu:LengthMeasure>
                    <catESAD_cu:WidthMeasure>
                      <catESAD_cu:MeasuredAmount>0.002</catESAD_cu:MeasuredAmount>
                      <catESAD_cu:MeasureUnitQualifierName>М</catESAD_cu:MeasureUnitQualifierName>
                      <catESAD_cu:MeasureUnitQualifierCode>006</catESAD_cu:MeasureUnitQualifierCode>
                    </catESAD_cu:WidthMeasure>
                    <catESAD_cu:HeightMeasure>
                      <catESAD_cu:MeasuredAmount>0.001</catESAD_cu:MeasuredAmount>
                      <catESAD_cu:MeasureUnitQualifierName>М</catESAD_cu:MeasureUnitQualifierName>
                      <catESAD_cu:MeasureUnitQualifierCode>006</catESAD_cu:MeasureUnitQualifierCode>
                    </catESAD_cu:HeightMeasure>
                  </catESAD_cu:DeviationDetails>
                  <catESAD_cu:ContractVolumeMeasure>
                    <cat_ru:GoodsQuantity>5.912</cat_ru:GoodsQuantity>
                    <cat_ru:MeasureUnitQualifierName>М3</cat_ru:MeasureUnitQualifierName>
                    <cat_ru:MeasureUnitQualifierCode>113</cat_ru:MeasureUnitQualifierCode>
                  </catESAD_cu:ContractVolumeMeasure>
                  <catESAD_cu:FactVolumeMeasure>
                    <cat_ru:GoodsQuantity>6.25548</cat_ru:GoodsQuantity>
                    <cat_ru:MeasureUnitQualifierName>М3</cat_ru:MeasureUnitQualifierName>
                    <cat_ru:MeasureUnitQualifierCode>113</cat_ru:MeasureUnitQualifierCode>
                  </catESAD_cu:FactVolumeMeasure>
                </catESAD_cu:WoodDescriptionDetails>
                <catESAD_cu:Dimensions>
                  <catESAD_cu:LengthMeasure>
                    <catESAD_cu:MeasuredAmount>4</catESAD_cu:MeasuredAmount>
                    <catESAD_cu:MeasureUnitQualifierName>М</catESAD_cu:MeasureUnitQualifierName>
                    <catESAD_cu:MeasureUnitQualifierCode>006</catESAD_cu:MeasureUnitQualifierCode>
                  </catESAD_cu:LengthMeasure>
                  <catESAD_cu:WidthMeasure>
                    <catESAD_cu:MeasuredAmount>0.15</catESAD_cu:MeasuredAmount>
                    <catESAD_cu:MeasureUnitQualifierName>М</catESAD_cu:MeasureUnitQualifierName>
                    <catESAD_cu:MeasureUnitQualifierCode>006</catESAD_cu:MeasureUnitQualifierCode>
                  </catESAD_cu:WidthMeasure>
                  <catESAD_cu:HeightMeasure>
                    <catESAD_cu:MeasuredAmount>0.032</catESAD_cu:MeasuredAmount>
                    <catESAD_cu:MeasureUnitQualifierName>М</catESAD_cu:MeasureUnitQualifierName>
                    <catESAD_cu:MeasureUnitQualifierCode>006</catESAD_cu:MeasureUnitQualifierCode>
                  </catESAD_cu:HeightMeasure>
                </catESAD_cu:Dimensions>
                <catESAD_cu:GoodsGroupQuantity>
                  <catESAD_cu:GoodsQuantity>6.25548</catESAD_cu:GoodsQuantity>
                  <catESAD_cu:MeasureUnitQualifierName>М3</catESAD_cu:MeasureUnitQualifierName>
                  <catESAD_cu:MeasureUnitQualifierCode>113</catESAD_cu:MeasureUnitQualifierCode>
                </catESAD_cu:GoodsGroupQuantity>
                <catESAD_cu:InvoicedCost>160</catESAD_cu:InvoicedCost>
              </catESAD_cu:GoodsGroupInformation>
              <catESAD_cu:GroupNum>8</catESAD_cu:GroupNum>
            </catESAD_cu:GoodsGroupDescription>
            <catESAD_cu:GoodsGroupDescription>
              <catESAD_cu:GoodsDescription>ДЛИНА 4000ММ(ОТКЛ.+50ММ), ТОЛЩИНА 18ММ(ОТКЛ.+1ММ), ШИРИНА 105ММ(ОТКЛ.+2ММ), 190ШТ., 140ДОЛ.США/М3-1.436М3/С ПРЕДЕЛЬНЫМ ОТКЛОНЕНИЕМ ОТ НОМИНАЛЬНЫХ РАЗМЕРОВ 1.56446М3</catESAD_cu:GoodsDescription>
              <catESAD_cu:GoodsGroupInformation>
                <catESAD_cu:Manufacturer>ООО "ЛЕСЗАГ" (3808001010)</catESAD_cu:Manufacturer>
                <catESAD_cu:GoodsStandard>8486-86,24454-80,ФР 1.27.2014.17136</catESAD_cu:GoodsStandard>
                <catESAD_cu:GoodsSort>4</catESAD_cu:GoodsSort>
                <catESAD_cu:WoodDescriptionDetails>
                  <catESAD_cu:WoodSortiment>ЛИСТВЕННИЦА СИБИРСКАЯ</catESAD_cu:WoodSortiment>
                  <catESAD_cu:WoodKind>ЛИСТВЕННИЦА СИБИРСКА</catESAD_cu:WoodKind>
                  <catESAD_cu:DeviationDetails>
                    <catESAD_cu:LengthMeasure>
                      <catESAD_cu:MeasuredAmount>0.05</catESAD_cu:MeasuredAmount>
                      <catESAD_cu:MeasureUnitQualifierName>М</catESAD_cu:MeasureUnitQualifierName>
                      <catESAD_cu:MeasureUnitQualifierCode>006</catESAD_cu:MeasureUnitQualifierCode>
                    </catESAD_cu:LengthMeasure>
                    <catESAD_cu:WidthMeasure>
                      <catESAD_cu:MeasuredAmount>0.002</catESAD_cu:MeasuredAmount>
                      <catESAD_cu:MeasureUnitQualifierName>М</catESAD_cu:MeasureUnitQualifierName>
                      <catESAD_cu:MeasureUnitQualifierCode>006</catESAD_cu:MeasureUnitQualifierCode>
                    </catESAD_cu:WidthMeasure>
                    <catESAD_cu:HeightMeasure>
                      <catESAD_cu:MeasuredAmount>0.001</catESAD_cu:MeasuredAmount>
                      <catESAD_cu:MeasureUnitQualifierName>М</catESAD_cu:MeasureUnitQualifierName>
                      <catESAD_cu:MeasureUnitQualifierCode>006</catESAD_cu:MeasureUnitQualifierCode>
                    </catESAD_cu:HeightMeasure>
                  </catESAD_cu:DeviationDetails>
                  <catESAD_cu:ContractVolumeMeasure>
                    <cat_ru:GoodsQuantity>1.436</cat_ru:GoodsQuantity>
                    <cat_ru:MeasureUnitQualifierName>М3</cat_ru:MeasureUnitQualifierName>
                    <cat_ru:MeasureUnitQualifierCode>113</cat_ru:MeasureUnitQualifierCode>
                  </catESAD_cu:ContractVolumeMeasure>
                  <catESAD_cu:FactVolumeMeasure>
                    <cat_ru:GoodsQuantity>1.56446</cat_ru:GoodsQuantity>
                    <cat_ru:MeasureUnitQualifierName>М3</cat_ru:MeasureUnitQualifierName>
                    <cat_ru:MeasureUnitQualifierCode>113</cat_ru:MeasureUnitQualifierCode>
                  </catESAD_cu:FactVolumeMeasure>
                </catESAD_cu:WoodDescriptionDetails>
                <catESAD_cu:Dimensions>
                  <catESAD_cu:LengthMeasure>
                    <catESAD_cu:MeasuredAmount>4</catESAD_cu:MeasuredAmount>
                    <catESAD_cu:MeasureUnitQualifierName>М</catESAD_cu:MeasureUnitQualifierName>
                    <catESAD_cu:MeasureUnitQualifierCode>006</catESAD_cu:MeasureUnitQualifierCode>
                  </catESAD_cu:LengthMeasure>
                  <catESAD_cu:WidthMeasure>
                    <catESAD_cu:MeasuredAmount>0.105</catESAD_cu:MeasuredAmount>
                    <catESAD_cu:MeasureUnitQualifierName>М</catESAD_cu:MeasureUnitQualifierName>
                    <catESAD_cu:MeasureUnitQualifierCode>006</catESAD_cu:MeasureUnitQualifierCode>
                  </catESAD_cu:WidthMeasure>
                  <catESAD_cu:HeightMeasure>
                    <catESAD_cu:MeasuredAmount>0.018</catESAD_cu:MeasuredAmount>
                    <catESAD_cu:MeasureUnitQualifierName>М</catESAD_cu:MeasureUnitQualifierName>
                    <catESAD_cu:MeasureUnitQualifierCode>006</catESAD_cu:MeasureUnitQualifierCode>
                  </catESAD_cu:HeightMeasure>
                </catESAD_cu:Dimensions>
                <catESAD_cu:GoodsGroupQuantity>
                  <catESAD_cu:GoodsQuantity>1.56446</catESAD_cu:GoodsQuantity>
                  <catESAD_cu:MeasureUnitQualifierName>М3</catESAD_cu:MeasureUnitQualifierName>
                  <catESAD_cu:MeasureUnitQualifierCode>113</catESAD_cu:MeasureUnitQualifierCode>
                </catESAD_cu:GoodsGroupQuantity>
                <catESAD_cu:InvoicedCost>140</catESAD_cu:InvoicedCost>
              </catESAD_cu:GoodsGroupInformation>
              <catESAD_cu:GroupNum>9</catESAD_cu:GroupNum>
            </catESAD_cu:GoodsGroupDescription>
            <catESAD_cu:GoodsGroupDescription>
              <catESAD_cu:GoodsDescription>ДЛИНА 4000ММ(ОТКЛ.+50ММ), ТОЛЩИНА 32ММ(ОТКЛ.+1ММ), ШИРИНА 150ММ(ОТКЛ.+2ММ), 77ШТ., 140ДОЛ.США/М3-1.478М3/С ПРЕДЕЛЬНЫМ ОТКЛОНЕНИЕМ ОТ НОМИНАЛЬНЫХ РАЗМЕРОВ 1.56387М3</catESAD_cu:GoodsDescription>
              <catESAD_cu:GoodsGroupInformation>
                <catESAD_cu:Manufacturer>ООО "ЛЕСЗАГ" (3808001010)</catESAD_cu:Manufacturer>
                <catESAD_cu:GoodsStandard>8486-86,24454-80,ФР 1.27.2014.17136</catESAD_cu:GoodsStandard>
                <catESAD_cu:GoodsSort>4</catESAD_cu:GoodsSort>
                <catESAD_cu:WoodDescriptionDetails>
                  <catESAD_cu:WoodSortiment>ЛИСТВЕННИЦА СИБИРСКАЯ</catESAD_cu:WoodSortiment>
                  <catESAD_cu:WoodKind>ЛИСТВЕННИЦА СИБИРСКА</catESAD_cu:WoodKind>
                  <catESAD_cu:DeviationDetails>
                    <catESAD_cu:LengthMeasure>
                      <catESAD_cu:MeasuredAmount>0.05</catESAD_cu:MeasuredAmount>
                      <catESAD_cu:MeasureUnitQualifierName>М</catESAD_cu:MeasureUnitQualifierName>
                      <catESAD_cu:MeasureUnitQualifierCode>006</catESAD_cu:MeasureUnitQualifierCode>
                    </catESAD_cu:LengthMeasure>
                    <catESAD_cu:WidthMeasure>
                      <catESAD_cu:MeasuredAmount>0.002</catESAD_cu:MeasuredAmount>
                      <catESAD_cu:MeasureUnitQualifierName>М</catESAD_cu:MeasureUnitQualifierName>
                      <catESAD_cu:MeasureUnitQualifierCode>006</catESAD_cu:MeasureUnitQualifierCode>
                    </catESAD_cu:WidthMeasure>
                    <catESAD_cu:HeightMeasure>
                      <catESAD_cu:MeasuredAmount>0.001</catESAD_cu:MeasuredAmount>
                      <catESAD_cu:MeasureUnitQualifierName>М</catESAD_cu:MeasureUnitQualifierName>
                      <catESAD_cu:MeasureUnitQualifierCode>006</catESAD_cu:MeasureUnitQualifierCode>
                    </catESAD_cu:HeightMeasure>
                  </catESAD_cu:DeviationDetails>
                  <catESAD_cu:ContractVolumeMeasure>
                    <cat_ru:GoodsQuantity>1.478</cat_ru:GoodsQuantity>
                    <cat_ru:MeasureUnitQualifierName>М3</cat_ru:MeasureUnitQualifierName>
                    <cat_ru:MeasureUnitQualifierCode>113</cat_ru:MeasureUnitQualifierCode>
                  </catESAD_cu:ContractVolumeMeasure>
                  <catESAD_cu:FactVolumeMeasure>
                    <cat_ru:GoodsQuantity>1.56387</cat_ru:GoodsQuantity>
                    <cat_ru:MeasureUnitQualifierName>М3</cat_ru:MeasureUnitQualifierName>
                    <cat_ru:MeasureUnitQualifierCode>113</cat_ru:MeasureUnitQualifierCode>
                  </catESAD_cu:FactVolumeMeasure>
                </catESAD_cu:WoodDescriptionDetails>
                <catESAD_cu:Dimensions>
                  <catESAD_cu:LengthMeasure>
                    <catESAD_cu:MeasuredAmount>4</catESAD_cu:MeasuredAmount>
                    <catESAD_cu:MeasureUnitQualifierName>М</catESAD_cu:MeasureUnitQualifierName>
                    <catESAD_cu:MeasureUnitQualifierCode>006</catESAD_cu:MeasureUnitQualifierCode>
                  </catESAD_cu:LengthMeasure>
                  <catESAD_cu:WidthMeasure>
                    <catESAD_cu:MeasuredAmount>0.15</catESAD_cu:MeasuredAmount>
                    <catESAD_cu:MeasureUnitQualifierName>М</catESAD_cu:MeasureUnitQualifierName>
                    <catESAD_cu:MeasureUnitQualifierCode>006</catESAD_cu:MeasureUnitQualifierCode>
                  </catESAD_cu:WidthMeasure>
                  <catESAD_cu:HeightMeasure>
                    <catESAD_cu:MeasuredAmount>0.032</catESAD_cu:MeasuredAmount>
                    <catESAD_cu:MeasureUnitQualifierName>М</catESAD_cu:MeasureUnitQualifierName>
                    <catESAD_cu:MeasureUnitQualifierCode>006</catESAD_cu:MeasureUnitQualifierCode>
                  </catESAD_cu:HeightMeasure>
                </catESAD_cu:Dimensions>
                <catESAD_cu:GoodsGroupQuantity>
                  <catESAD_cu:GoodsQuantity>1.56387</catESAD_cu:GoodsQuantity>
                  <catESAD_cu:MeasureUnitQualifierName>М3</catESAD_cu:MeasureUnitQualifierName>
                  <catESAD_cu:MeasureUnitQualifierCode>113</catESAD_cu:MeasureUnitQualifierCode>
                </catESAD_cu:GoodsGroupQuantity>
                <catESAD_cu:InvoicedCost>140</catESAD_cu:InvoicedCost>
              </catESAD_cu:GoodsGroupInformation>
              <catESAD_cu:GroupNum>10</catESAD_cu:GroupNum>
            </catESAD_cu:GoodsGroupDescription>
            <LanguageGoods>RU</LanguageGoods>
          </ESADout_CUGoods>
        </ESADout_CUGoodsShipment>
      </ESADout_CU>
    </DocBody>
  </ContainerDoc>
</ED_Container>
<!--Local=10607120/130520/0100022-->