<?xml version="1.0" encoding="UTF-8"?>
<ED_Container xmlns="urn:customs.ru:Information:ExchangeDocuments:ED_Container:5.13.1" xmlns:CategoryCust="urn:customs.ru:Categories:3.0.0" xmlns:cat_ru="urn:customs.ru:CommonAggregateTypes:5.10.0" xmlns:clt_ru="urn:customs.ru:CommonLeafTypes:5.10.0" xmlns:xsi="http://www.w3.org/2001/XMLSchema-instance" DocumentModeID="1006058E"><cat_ru:DocumentID>C06564BF-322F-4DE9-BD80-FAE2DE71ADE2</cat_ru:DocumentID><ContainerDoc><DocBody><ESADout_CU xmlns="urn:customs.ru:Information:CustomsDocuments:ESADout_CU:5.17.0" xmlns:catESAD_cu="urn:customs.ru:CUESADCommonAggregateTypesCust:5.17.0" xmlns:nsi="urn:customs.ru:RUSCommonLeafTypes:5.14.3" xmlns:RUScat_ru="urn:customs.ru:RUSCommonAggregateTypes:5.16.0" xmlns:RUDECLcat="urn:customs.ru:RUDeclCommonAggregateTypesCust:5.17.0" xmlns:cltESAD_cu="urn:customs.ru:CUESADCommonLeafTypes:5.17.0" xmlns:CategoryCust="urn:customs.ru:Categories:3.0.0" xmlns:cat_ru="urn:customs.ru:CommonAggregateTypes:5.10.0" xmlns:clt_ru="urn:customs.ru:CommonLeafTypes:5.10.0" xmlns:xsi="http://www.w3.org/2001/XMLSchema-instance" DocumentModeID="1006107E"><cat_ru:DocumentID>220931D5-B74D-4629-A62B-F943614008B9</cat_ru:DocumentID><EECEDocHeaderAddInfo><RUScat_ru:EDocCode>R.036</RUScat_ru:EDocCode><RUScat_ru:EDocDateTime>2019-07-22T00:00:00</RUScat_ru:EDocDateTime><RUScat_ru:LanguageCode>RU</RUScat_ru:LanguageCode><RUScat_ru:SourceCountryCode>RU</RUScat_ru:SourceCountryCode><RUScat_ru:DestinationCountryCode>RU</RUScat_ru:DestinationCountryCode></EECEDocHeaderAddInfo><CustomsProcedure>ЭК</CustomsProcedure><CustomsModeCode>10</CustomsModeCode><ElectronicDocumentSign>ЭД</ElectronicDocumentSign><RecipientCountryCode>RU</RecipientCountryCode><ESADout_CUGoodsShipment><catESAD_cu:OriginCountryName>РОССИЯ</catESAD_cu:OriginCountryName><catESAD_cu:OriginCountryCode>RU</catESAD_cu:OriginCountryCode><catESAD_cu:TotalGoodsNumber>2</catESAD_cu:TotalGoodsNumber><catESAD_cu:TotalPackageNumber>83</catESAD_cu:TotalPackageNumber><catESAD_cu:TotalSheetNumber>2</catESAD_cu:TotalSheetNumber><ESADout_CUConsignor><RUDECLcat:EqualIndicator>1</RUDECLcat:EqualIndicator></ESADout_CUConsignor><ESADout_CUConsignee><cat_ru:OrganizationName>INDIAN GULF CO LLC</cat_ru:OrganizationName><RUScat_ru:SubjectAddressDetails><RUScat_ru:CountryCode>IN</RUScat_ru:CountryCode><RUScat_ru:CounryName>ИНДИЯ</RUScat_ru:CounryName><RUScat_ru:City>MUMBAI</RUScat_ru:City><RUScat_ru:StreetHouse>FIRST ROAD, 4</RUScat_ru:StreetHouse></RUScat_ru:SubjectAddressDetails></ESADout_CUConsignee><ESADout_CUFinancialAdjustingResponsiblePerson><DeclarantEqualFlag>1</DeclarantEqualFlag></ESADout_CUFinancialAdjustingResponsiblePerson><ESADout_CUDeclarant><cat_ru:OrganizationName>ООО "СТМ"</cat_ru:OrganizationName><cat_ru:RFOrganizationFeatures><cat_ru:OGRN>1027809233374</cat_ru:OGRN><cat_ru:INN>7825679650</cat_ru:INN><cat_ru:KPP>782501001</cat_ru:KPP></cat_ru:RFOrganizationFeatures><RUScat_ru:SubjectAddressDetails><RUScat_ru:PostalCode>197022</RUScat_ru:PostalCode><RUScat_ru:CountryCode>RU</RUScat_ru:CountryCode><RUScat_ru:CounryName>РОССИЯ</RUScat_ru:CounryName><RUScat_ru:City>САНКТ-ПЕТЕРБУРГ</RUScat_ru:City><RUScat_ru:StreetHouse>УЛ. АКАДЕМИКА ПАВЛОВА, Д.5</RUScat_ru:StreetHouse></RUScat_ru:SubjectAddressDetails></ESADout_CUDeclarant><ESADout_CUGoodsLocation><InformationTypeCode>99</InformationTypeCode><CustomsOffice>10203070</CustomsOffice><CustomsCountryCode>RU</CustomsCountryCode><Address><RUScat_ru:CountryCode>RU</RUScat_ru:CountryCode><RUScat_ru:CounryName>РОССИЯ</RUScat_ru:CounryName><RUScat_ru:Region>ВОЛОГОДСКАЯ ОБЛ.</RUScat_ru:Region><RUScat_ru:City>Г. ВОЛОГДА</RUScat_ru:City><RUScat_ru:StreetHouse>УЛ. ГАГАРИНА, Д84А</RUScat_ru:StreetHouse></Address></ESADout_CUGoodsLocation><ESADout_CUConsigment><catESAD_cu:ContainerIndicator>1</catESAD_cu:ContainerIndicator><catESAD_cu:DispatchCountryCode>RU</catESAD_cu:DispatchCountryCode><catESAD_cu:DispatchCountryName>РОССИЯ</catESAD_cu:DispatchCountryName><catESAD_cu:DestinationCountryCode>IN</catESAD_cu:DestinationCountryCode><catESAD_cu:DestinationCountryName>ИНДИЯ</catESAD_cu:DestinationCountryName><ESADout_CUDepartureArrivalTransport><cat_ru:TransportModeCode>31</cat_ru:TransportModeCode><cat_ru:TransportNationalityCode>RU</cat_ru:TransportNationalityCode><TransportMeansQuantity>2</TransportMeansQuantity><TransportMeans><cat_ru:TransportIdentifier>B539AH178</cat_ru:TransportIdentifier><cat_ru:TransportMeansNationalityCode>RU</cat_ru:TransportMeansNationalityCode><catESAD_cu:FirstTrailerRegId>AX834278</catESAD_cu:FirstTrailerRegId></TransportMeans></ESADout_CUDepartureArrivalTransport><ESADout_CUBorderTransport><cat_ru:TransportModeCode>10</cat_ru:TransportModeCode><cat_ru:TransportNationalityCode>00</cat_ru:TransportNationalityCode><TransportMeansQuantity>1</TransportMeansQuantity><TransportMeans><cat_ru:TransportIdentifier>НЕИЗВЕСТНО</cat_ru:TransportIdentifier><cat_ru:TransportMeansNationalityCode>00</cat_ru:TransportMeansNationalityCode></TransportMeans></ESADout_CUBorderTransport></ESADout_CUConsigment><ESADout_CUMainContractTerms><catESAD_cu:ContractCurrencyCode>EUR</catESAD_cu:ContractCurrencyCode><catESAD_cu:ContractCurrencyRate>70.7941</catESAD_cu:ContractCurrencyRate><catESAD_cu:TotalInvoiceAmount>75286.79</catESAD_cu:TotalInvoiceAmount><catESAD_cu:TradeCountryCode>IN</catESAD_cu:TradeCountryCode><catESAD_cu:DealFeatureCode>00</catESAD_cu:DealFeatureCode><catESAD_cu:DealNatureCode>010</catESAD_cu:DealNatureCode><catESAD_cu:CUESADDeliveryTerms><cat_ru:DeliveryPlace>САНКТ-ПЕТЕРБУРГ</cat_ru:DeliveryPlace><cat_ru:DeliveryTermsStringCode>FCA</cat_ru:DeliveryTermsStringCode></catESAD_cu:CUESADDeliveryTerms></ESADout_CUMainContractTerms><ESADout_CUGoods><catESAD_cu:GoodsNumeric>1</catESAD_cu:GoodsNumeric><catESAD_cu:GoodsDescription>БУМАГА НЕМЕЛОВАННАЯ В ЛИСТАХ, А-3, ИСПОЛЬЗУЕМАЯ ДЛЯ ПЕЧАТИ, НЕ СОДЕРЖАЩАЯ ВОЛОКОН, ПОЛУЧЕННЫХ МЕХ. СПОСОБОМ, 80Г/М2.</catESAD_cu:GoodsDescription><catESAD_cu:GrossWeightQuantity>15516</catESAD_cu:GrossWeightQuantity><catESAD_cu:NetWeightQuantity>15000</catESAD_cu:NetWeightQuantity><catESAD_cu:InvoicedCost>8040</catESAD_cu:InvoicedCost><catESAD_cu:StatisticalCost>9053.85</catESAD_cu:StatisticalCost><catESAD_cu:GoodsTNVEDCode>4802568000</catESAD_cu:GoodsTNVEDCode><catESAD_cu:OriginCountryCode>RU</catESAD_cu:OriginCountryCode><catESAD_cu:AdditionalSheetCount>1</catESAD_cu:AdditionalSheetCount><catESAD_cu:GoodsGroupDescription><catESAD_cu:GoodsDescription>:</catESAD_cu:GoodsDescription><catESAD_cu:GoodsGroupInformation><catESAD_cu:Manufacturer>ЗАО "ПЕЙПЕР НАУС"</catESAD_cu:Manufacturer><catESAD_cu:TradeMark>CLEVER OFFICE</catESAD_cu:TradeMark><catESAD_cu:GoodsMark>B</catESAD_cu:GoodsMark><catESAD_cu:GoodsStandard>СТО 00253497-002-2012</catESAD_cu:GoodsStandard><catESAD_cu:GoodsGroupQuantity><catESAD_cu:GoodsQuantity>15000</catESAD_cu:GoodsQuantity><catESAD_cu:MeasureUnitQualifierName>КГ</catESAD_cu:MeasureUnitQualifierName><catESAD_cu:MeasureUnitQualifierCode>166</catESAD_cu:MeasureUnitQualifierCode></catESAD_cu:GoodsGroupQuantity></catESAD_cu:GoodsGroupInformation><catESAD_cu:GroupNum>1</catESAD_cu:GroupNum></catESAD_cu:GoodsGroupDescription><catESAD_cu:Preferencii><catESAD_cu:CustomsTax>СИ</catESAD_cu:CustomsTax><catESAD_cu:CustomsDuty>--</catESAD_cu:CustomsDuty><catESAD_cu:Excise>-</catESAD_cu:Excise><catESAD_cu:Rate>--</catESAD_cu:Rate></catESAD_cu:Preferencii><LanguageGoods>RU</LanguageGoods><ESADout_CUPresentedDocument><cat_ru:PrDocumentName>КОНОСАМЕНТ</cat_ru:PrDocumentName><catESAD_cu:PresentedDocumentModeCode>02011</catESAD_cu:PresentedDocumentModeCode><catESAD_cu:RecordID>966C33AD-DE3A-4B92-B440-38D0024C8061</catESAD_cu:RecordID><RUDECLcat:DocumentPresentingDetails><RUDECLcat:DocPresentKindCode>3</RUDECLcat:DocPresentKindCode><RUDECLcat:PresentedDocumentModeCode>02011</RUDECLcat:PresentedDocumentModeCode><RUDECLcat:DocPresentDate>2019-04-30</RUDECLcat:DocPresentDate></RUDECLcat:DocumentPresentingDetails></ESADout_CUPresentedDocument><ESADout_CUPresentedDocument><cat_ru:PrDocumentName>СМР</cat_ru:PrDocumentName><cat_ru:PrDocumentNumber>1</cat_ru:PrDocumentNumber><cat_ru:PrDocumentDate>2019-03-25</cat_ru:PrDocumentDate><catESAD_cu:PresentedDocumentModeCode>02015</catESAD_cu:PresentedDocumentModeCode><catESAD_cu:RecordID>A5B5284F-A54D-4271-914D-A22EA2614B77</catESAD_cu:RecordID><RUDECLcat:DocumentPresentingDetails><RUDECLcat:DocPresentKindCode>0</RUDECLcat:DocPresentKindCode><RUDECLcat:PresentedDocumentModeCode>02015</RUDECLcat:PresentedDocumentModeCode></RUDECLcat:DocumentPresentingDetails></ESADout_CUPresentedDocument><ESADout_CUPresentedDocument><cat_ru:PrDocumentName>ДОГОВОР</cat_ru:PrDocumentName><cat_ru:PrDocumentNumber>0001001</cat_ru:PrDocumentNumber><cat_ru:PrDocumentDate>2016-10-13</cat_ru:PrDocumentDate><catESAD_cu:PresentedDocumentModeCode>03011</catESAD_cu:PresentedDocumentModeCode><catESAD_cu:RecordID>8D33C6F9-1635-481D-A8D4-78540630AE9F</catESAD_cu:RecordID><RUDECLcat:DocumentPresentingDetails><RUDECLcat:DocPresentKindCode>0</RUDECLcat:DocPresentKindCode><RUDECLcat:PresentedDocumentModeCode>03011</RUDECLcat:PresentedDocumentModeCode></RUDECLcat:DocumentPresentingDetails></ESADout_CUPresentedDocument><ESADout_CUPresentedDocument><cat_ru:PrDocumentName>ДОПОЛНЕНИЕ К ДОГОВОРУ</cat_ru:PrDocumentName><cat_ru:PrDocumentNumber>3</cat_ru:PrDocumentNumber><cat_ru:PrDocumentDate>2018-09-07</cat_ru:PrDocumentDate><catESAD_cu:PresentedDocumentModeCode>03012</catESAD_cu:PresentedDocumentModeCode><catESAD_cu:RecordID>F878CC02-55C2-4891-8855-FB6050D9F99B</catESAD_cu:RecordID><RUDECLcat:DocumentPresentingDetails><RUDECLcat:DocPresentKindCode>0</RUDECLcat:DocPresentKindCode><RUDECLcat:PresentedDocumentModeCode>03012</RUDECLcat:PresentedDocumentModeCode></RUDECLcat:DocumentPresentingDetails></ESADout_CUPresentedDocument><ESADout_CUPresentedDocument><cat_ru:PrDocumentName>УСТАВ</cat_ru:PrDocumentName><cat_ru:PrDocumentNumber>Б/Н</cat_ru:PrDocumentNumber><cat_ru:PrDocumentDate>2013-12-10</cat_ru:PrDocumentDate><catESAD_cu:PresentedDocumentModeCode>04011</catESAD_cu:PresentedDocumentModeCode><catESAD_cu:RecordID>F3F52C72-A0D2-4034-8D74-3A4FAB9497A0</catESAD_cu:RecordID><RUDECLcat:DocumentPresentingDetails><RUDECLcat:DocPresentKindCode>0</RUDECLcat:DocPresentKindCode><RUDECLcat:PresentedDocumentModeCode>04011</RUDECLcat:PresentedDocumentModeCode></RUDECLcat:DocumentPresentingDetails></ESADout_CUPresentedDocument><ESADout_CUPresentedDocument><cat_ru:PrDocumentName>СВИДЕТЕЛЬСТВО О ПОСТАНОВКЕ НА УЧЕТ В НАЛОГОВОМ ОРГАНЕ</cat_ru:PrDocumentName><cat_ru:PrDocumentNumber>78 №002821570</cat_ru:PrDocumentNumber><cat_ru:PrDocumentDate>1994-03-29</cat_ru:PrDocumentDate><catESAD_cu:PresentedDocumentModeCode>04011</catESAD_cu:PresentedDocumentModeCode><catESAD_cu:RecordID>9F82A3D8-7EBA-44EB-8D87-33C858C05D4A</catESAD_cu:RecordID><RUDECLcat:DocumentPresentingDetails><RUDECLcat:DocPresentKindCode>0</RUDECLcat:DocPresentKindCode><RUDECLcat:PresentedDocumentModeCode>04011</RUDECLcat:PresentedDocumentModeCode></RUDECLcat:DocumentPresentingDetails></ESADout_CUPresentedDocument><ESADout_CUPresentedDocument><cat_ru:PrDocumentName>СВИДЕТЕЛЬСТВО О ВНЕСЕНИИ В ЕГРЮЛ</cat_ru:PrDocumentName><cat_ru:PrDocumentNumber>78 №001005240</cat_ru:PrDocumentNumber><cat_ru:PrDocumentDate>2002-12-09</cat_ru:PrDocumentDate><catESAD_cu:PresentedDocumentModeCode>04011</catESAD_cu:PresentedDocumentModeCode><catESAD_cu:RecordID>D87BFEC3-B361-4A90-BECE-E78843264A96</catESAD_cu:RecordID><RUDECLcat:DocumentPresentingDetails><RUDECLcat:DocPresentKindCode>0</RUDECLcat:DocPresentKindCode><RUDECLcat:PresentedDocumentModeCode>04011</RUDECLcat:PresentedDocumentModeCode></RUDECLcat:DocumentPresentingDetails></ESADout_CUPresentedDocument><ESADout_CUPresentedDocument><cat_ru:PrDocumentName>ВЫПИСКА ИЗ ЕГРЮЛ</cat_ru:PrDocumentName><cat_ru:PrDocumentNumber>57</cat_ru:PrDocumentNumber><cat_ru:PrDocumentDate>2018-01-20</cat_ru:PrDocumentDate><catESAD_cu:PresentedDocumentModeCode>04011</catESAD_cu:PresentedDocumentModeCode><catESAD_cu:RecordID>3859A0A5-E255-486E-BB14-B4690BFEABA4</catESAD_cu:RecordID><RUDECLcat:DocumentPresentingDetails><RUDECLcat:DocPresentKindCode>0</RUDECLcat:DocPresentKindCode><RUDECLcat:PresentedDocumentModeCode>04011</RUDECLcat:PresentedDocumentModeCode></RUDECLcat:DocumentPresentingDetails></ESADout_CUPresentedDocument><ESADout_CUPresentedDocument><cat_ru:PrDocumentName>СЧЕТ-ФАКТУРА (ИНВОЙС) К ДОГОВОРУ</cat_ru:PrDocumentName><cat_ru:PrDocumentNumber>I15PSV29434</cat_ru:PrDocumentNumber><cat_ru:PrDocumentDate>2019-03-25</cat_ru:PrDocumentDate><catESAD_cu:PresentedDocumentModeCode>04021</catESAD_cu:PresentedDocumentModeCode><catESAD_cu:RecordID>5D7D1ACC-70A8-46E5-BE2F-753C1BAC6AD6</catESAD_cu:RecordID><RUDECLcat:DocumentPresentingDetails><RUDECLcat:DocPresentKindCode>0</RUDECLcat:DocPresentKindCode><RUDECLcat:PresentedDocumentModeCode>04021</RUDECLcat:PresentedDocumentModeCode></RUDECLcat:DocumentPresentingDetails></ESADout_CUPresentedDocument><ESADout_CUPresentedDocument><cat_ru:PrDocumentName>О ТАМОЖЕННОМ РЕГУЛИРОВАНИИ В РОССИЙСКОЙ ФЕДЕРАЦИИ И О ВНЕСЕНИИ ИЗМЕНЕНИЙ В ОТДЕЛЬНЫЕ ЗАКОНОДАТЕЛЬНЫЕ АКТЫ РОССИЙСКОЙ ФЕДЕРАЦИИ</cat_ru:PrDocumentName><cat_ru:PrDocumentNumber>289-ФЗ П.26 Ч.1 СТ. 47</cat_ru:PrDocumentNumber><cat_ru:PrDocumentDate>2018-08-03</cat_ru:PrDocumentDate><catESAD_cu:PresentedDocumentModeCode>07011</catESAD_cu:PresentedDocumentModeCode><catESAD_cu:CustomsPaymentModeCodeType>1010</catESAD_cu:CustomsPaymentModeCodeType><RUDECLcat:DocumentPresentingDetails><RUDECLcat:DocPresentKindCode>0</RUDECLcat:DocPresentKindCode><RUDECLcat:PresentedDocumentModeCode>07011</RUDECLcat:PresentedDocumentModeCode></RUDECLcat:DocumentPresentingDetails></ESADout_CUPresentedDocument><ESADout_CUPresentedDocument><cat_ru:PrDocumentName>УНИКАЛЬНЫЙ НОМЕР КОНТРАКТА</cat_ru:PrDocumentName><cat_ru:PrDocumentNumber>18120020/2594/0000/1/1</cat_ru:PrDocumentNumber><catESAD_cu:PresentedDocumentModeCode>03031</catESAD_cu:PresentedDocumentModeCode><catESAD_cu:RecordID>FD3B6B3A-DECF-4661-90E5-27FDE4626EAF</catESAD_cu:RecordID><RUDECLcat:DocumentPresentingDetails><RUDECLcat:DocPresentKindCode>0</RUDECLcat:DocPresentKindCode><RUDECLcat:PresentedDocumentModeCode>03031</RUDECLcat:PresentedDocumentModeCode></RUDECLcat:DocumentPresentingDetails></ESADout_CUPresentedDocument><ESADout_CUPresentedDocument><cat_ru:PrDocumentName>ТРУДОВОЙ ДОГОВОР</cat_ru:PrDocumentName><cat_ru:PrDocumentNumber>1916</cat_ru:PrDocumentNumber><cat_ru:PrDocumentDate>2018-10-01</cat_ru:PrDocumentDate><catESAD_cu:PresentedDocumentModeCode>09999</catESAD_cu:PresentedDocumentModeCode><catESAD_cu:RecordID>DC589E5F-48EE-43B7-B5A0-C5BA23BE91BD</catESAD_cu:RecordID><RUDECLcat:DocumentPresentingDetails><RUDECLcat:DocPresentKindCode>0</RUDECLcat:DocPresentKindCode><RUDECLcat:PresentedDocumentModeCode>09999</RUDECLcat:PresentedDocumentModeCode></RUDECLcat:DocumentPresentingDetails></ESADout_CUPresentedDocument><ESADout_CUPresentedDocument><cat_ru:PrDocumentName>ПРИКАЗ О НАЗНАЧЕНИИ</cat_ru:PrDocumentName><cat_ru:PrDocumentNumber>225-К</cat_ru:PrDocumentNumber><cat_ru:PrDocumentDate>2011-07-14</cat_ru:PrDocumentDate><catESAD_cu:PresentedDocumentModeCode>09999</catESAD_cu:PresentedDocumentModeCode><catESAD_cu:RecordID>A91D2131-4931-4D8A-87C6-F61521A48FFB</catESAD_cu:RecordID><RUDECLcat:DocumentPresentingDetails><RUDECLcat:DocPresentKindCode>0</RUDECLcat:DocPresentKindCode><RUDECLcat:PresentedDocumentModeCode>09999</RUDECLcat:PresentedDocumentModeCode></RUDECLcat:DocumentPresentingDetails></ESADout_CUPresentedDocument><ESADout_CUCustomsPaymentCalculation><catESAD_cu:PaymentModeCode>1010</catESAD_cu:PaymentModeCode><catESAD_cu:PaymentAmount>750</catESAD_cu:PaymentAmount><catESAD_cu:PaymentCurrencyCode>643</catESAD_cu:PaymentCurrencyCode><catESAD_cu:TaxBase>0</catESAD_cu:TaxBase><catESAD_cu:Rate>750</catESAD_cu:Rate><catESAD_cu:RateTypeCode>*</catESAD_cu:RateTypeCode><catESAD_cu:RateCurrencyCode>643</catESAD_cu:RateCurrencyCode><catESAD_cu:RateUseDate>2019-07-22</catESAD_cu:RateUseDate><catESAD_cu:PaymentCode>УН</catESAD_cu:PaymentCode></ESADout_CUCustomsPaymentCalculation><ESADout_CUCustomsPaymentCalculation><catESAD_cu:PaymentModeCode>1010</catESAD_cu:PaymentModeCode><catESAD_cu:PaymentAmount>0</catESAD_cu:PaymentAmount><catESAD_cu:TaxBase>0</catESAD_cu:TaxBase><catESAD_cu:RateUseDate>2019-07-22</catESAD_cu:RateUseDate><catESAD_cu:PaymentCode>УМ</catESAD_cu:PaymentCode></ESADout_CUCustomsPaymentCalculation><ESADGoodsPackaging><catESAD_cu:PakageQuantity>25</catESAD_cu:PakageQuantity><catESAD_cu:PakageTypeCode>1</catESAD_cu:PakageTypeCode><catESAD_cu:PackagePalleteInformation><catESAD_cu:InfoKindCode>0</catESAD_cu:InfoKindCode><catESAD_cu:PalleteCode>CT</catESAD_cu:PalleteCode><catESAD_cu:PalleteQuantity>600</catESAD_cu:PalleteQuantity></catESAD_cu:PackagePalleteInformation><catESAD_cu:PackagePalleteInformation><catESAD_cu:InfoKindCode>3</catESAD_cu:InfoKindCode><catESAD_cu:PalleteCode>PX</catESAD_cu:PalleteCode><catESAD_cu:PalleteQuantity>25</catESAD_cu:PalleteQuantity><catESAD_cu:CargoDescriptionText>ОБЩИЙ ВЕС ДЕРЕВЯННЫХ ПОДДОНОВ 200 КГ</catESAD_cu:CargoDescriptionText></catESAD_cu:PackagePalleteInformation></ESADGoodsPackaging><ESADContainer><catESAD_cu:ContainerQuantity>1</catESAD_cu:ContainerQuantity><catESAD_cu:ContainerKind>ME</catESAD_cu:ContainerKind><catESAD_cu:ContainerNumber><catESAD_cu:ContainerIdentificaror>MSKU1107956</catESAD_cu:ContainerIdentificaror><catESAD_cu:FullIndicator>1</catESAD_cu:FullIndicator></catESAD_cu:ContainerNumber></ESADContainer><ESADCustomsProcedure><catESAD_cu:MainCustomsModeCode>10</catESAD_cu:MainCustomsModeCode><catESAD_cu:PrecedingCustomsModeCode>00</catESAD_cu:PrecedingCustomsModeCode><catESAD_cu:GoodsTransferFeature>000</catESAD_cu:GoodsTransferFeature></ESADCustomsProcedure></ESADout_CUGoods><ESADout_CUGoods><catESAD_cu:GoodsNumeric>2</catESAD_cu:GoodsNumeric><catESAD_cu:GoodsDescription>КАРТОН-ОСНОВА МЕЛОВАННЫЙ ДЛЯ УПАКОВКИ ЖИДКИХ ПРОДУКТОВ ТИПА ДУПЛЕКС 283 Г/М2 МНОГОСЛОЙНЫЙ С ОДНИМ БЕЛЕНЫМ НАРУЖНЫМ СЛОЕМ</catESAD_cu:GoodsDescription><catESAD_cu:GrossWeightQuantity>103616</catESAD_cu:GrossWeightQuantity><catESAD_cu:NetWeightQuantity>102720</catESAD_cu:NetWeightQuantity><catESAD_cu:InvoicedCost>67246.79</catESAD_cu:InvoicedCost><catESAD_cu:StatisticalCost>75726.63</catESAD_cu:StatisticalCost><catESAD_cu:GoodsTNVEDCode>4810923000</catESAD_cu:GoodsTNVEDCode><catESAD_cu:OriginCountryCode>RU</catESAD_cu:OriginCountryCode><catESAD_cu:AdditionalSheetCount>2</catESAD_cu:AdditionalSheetCount><catESAD_cu:GoodsGroupDescription><catESAD_cu:GoodsDescription>:</catESAD_cu:GoodsDescription><catESAD_cu:GoodsGroupInformation><catESAD_cu:Manufacturer>ЗАО "ПЕЙПЕР НАУС"</catESAD_cu:Manufacturer><catESAD_cu:TradeMark>CLC/C DUPLEX</catESAD_cu:TradeMark><catESAD_cu:GoodsMark>МД260</catESAD_cu:GoodsMark><catESAD_cu:GoodsStandard>СТО 00253497-003-2012</catESAD_cu:GoodsStandard><catESAD_cu:GoodsGroupQuantity><catESAD_cu:GoodsQuantity>103616</catESAD_cu:GoodsQuantity><catESAD_cu:MeasureUnitQualifierName>КГ</catESAD_cu:MeasureUnitQualifierName><catESAD_cu:MeasureUnitQualifierCode>166</catESAD_cu:MeasureUnitQualifierCode></catESAD_cu:GoodsGroupQuantity></catESAD_cu:GoodsGroupInformation><catESAD_cu:GroupNum>1</catESAD_cu:GroupNum></catESAD_cu:GoodsGroupDescription><catESAD_cu:Preferencii><catESAD_cu:CustomsTax>СИ</catESAD_cu:CustomsTax><catESAD_cu:CustomsDuty>--</catESAD_cu:CustomsDuty><catESAD_cu:Excise>-</catESAD_cu:Excise><catESAD_cu:Rate>--</catESAD_cu:Rate></catESAD_cu:Preferencii><LanguageGoods>RU</LanguageGoods><ESADout_CUPresentedDocument><cat_ru:PrDocumentName>КОНОСАМЕНТ</cat_ru:PrDocumentName><catESAD_cu:PresentedDocumentModeCode>02011</catESAD_cu:PresentedDocumentModeCode><catESAD_cu:RecordID>966C33AD-DE3A-4B92-B440-38D0024C8061</catESAD_cu:RecordID><RUDECLcat:DocumentPresentingDetails><RUDECLcat:DocPresentKindCode>3</RUDECLcat:DocPresentKindCode><RUDECLcat:PresentedDocumentModeCode>02011</RUDECLcat:PresentedDocumentModeCode><RUDECLcat:DocPresentDate>2019-04-30</RUDECLcat:DocPresentDate></RUDECLcat:DocumentPresentingDetails></ESADout_CUPresentedDocument><ESADout_CUPresentedDocument><cat_ru:PrDocumentName>СМР</cat_ru:PrDocumentName><cat_ru:PrDocumentNumber>1</cat_ru:PrDocumentNumber><cat_ru:PrDocumentDate>2019-03-25</cat_ru:PrDocumentDate><catESAD_cu:PresentedDocumentModeCode>02015</catESAD_cu:PresentedDocumentModeCode><catESAD_cu:RecordID>A5B5284F-A54D-4271-914D-A22EA2614B77</catESAD_cu:RecordID><RUDECLcat:DocumentPresentingDetails><RUDECLcat:DocPresentKindCode>0</RUDECLcat:DocPresentKindCode><RUDECLcat:PresentedDocumentModeCode>02015</RUDECLcat:PresentedDocumentModeCode></RUDECLcat:DocumentPresentingDetails></ESADout_CUPresentedDocument><ESADout_CUPresentedDocument><cat_ru:PrDocumentName>ДОГОВОР</cat_ru:PrDocumentName><cat_ru:PrDocumentNumber>0001001</cat_ru:PrDocumentNumber><cat_ru:PrDocumentDate>2016-10-13</cat_ru:PrDocumentDate><catESAD_cu:PresentedDocumentModeCode>03011</catESAD_cu:PresentedDocumentModeCode><catESAD_cu:RecordID>8D33C6F9-1635-481D-A8D4-78540630AE9F</catESAD_cu:RecordID><RUDECLcat:DocumentPresentingDetails><RUDECLcat:DocPresentKindCode>0</RUDECLcat:DocPresentKindCode><RUDECLcat:PresentedDocumentModeCode>03011</RUDECLcat:PresentedDocumentModeCode></RUDECLcat:DocumentPresentingDetails></ESADout_CUPresentedDocument><ESADout_CUPresentedDocument><cat_ru:PrDocumentName>ДОПОЛНЕНИЕ К ДОГОВОРУ</cat_ru:PrDocumentName><cat_ru:PrDocumentNumber>3</cat_ru:PrDocumentNumber><cat_ru:PrDocumentDate>2018-09-07</cat_ru:PrDocumentDate><catESAD_cu:PresentedDocumentModeCode>03012</catESAD_cu:PresentedDocumentModeCode><catESAD_cu:RecordID>F878CC02-55C2-4891-8855-FB6050D9F99B</catESAD_cu:RecordID><RUDECLcat:DocumentPresentingDetails><RUDECLcat:DocPresentKindCode>0</RUDECLcat:DocPresentKindCode><RUDECLcat:PresentedDocumentModeCode>03012</RUDECLcat:PresentedDocumentModeCode></RUDECLcat:DocumentPresentingDetails></ESADout_CUPresentedDocument><ESADout_CUPresentedDocument><cat_ru:PrDocumentName>УСТАВ</cat_ru:PrDocumentName><cat_ru:PrDocumentNumber>Б/Н</cat_ru:PrDocumentNumber><cat_ru:PrDocumentDate>2013-12-10</cat_ru:PrDocumentDate><catESAD_cu:PresentedDocumentModeCode>04011</catESAD_cu:PresentedDocumentModeCode><catESAD_cu:RecordID>F3F52C72-A0D2-4034-8D74-3A4FAB9497A0</catESAD_cu:RecordID><RUDECLcat:DocumentPresentingDetails><RUDECLcat:DocPresentKindCode>0</RUDECLcat:DocPresentKindCode><RUDECLcat:PresentedDocumentModeCode>04011</RUDECLcat:PresentedDocumentModeCode></RUDECLcat:DocumentPresentingDetails></ESADout_CUPresentedDocument><ESADout_CUPresentedDocument><cat_ru:PrDocumentName>СВИДЕТЕЛЬСТВО О ПОСТАНОВКЕ НА УЧЕТ В НАЛОГОВОМ ОРГАНЕ</cat_ru:PrDocumentName><cat_ru:PrDocumentNumber>78 №002821570</cat_ru:PrDocumentNumber><cat_ru:PrDocumentDate>1994-03-29</cat_ru:PrDocumentDate><catESAD_cu:PresentedDocumentModeCode>04011</catESAD_cu:PresentedDocumentModeCode><catESAD_cu:RecordID>9F82A3D8-7EBA-44EB-8D87-33C858C05D4A</catESAD_cu:RecordID><RUDECLcat:DocumentPresentingDetails><RUDECLcat:DocPresentKindCode>0</RUDECLcat:DocPresentKindCode><RUDECLcat:PresentedDocumentModeCode>04011</RUDECLcat:PresentedDocumentModeCode></RUDECLcat:DocumentPresentingDetails></ESADout_CUPresentedDocument><ESADout_CUPresentedDocument><cat_ru:PrDocumentName>СВИДЕТЕЛЬСТВО О ВНЕСЕНИИ В ЕГРЮЛ</cat_ru:PrDocumentName><cat_ru:PrDocumentNumber>78 №001005240</cat_ru:PrDocumentNumber><cat_ru:PrDocumentDate>2002-12-09</cat_ru:PrDocumentDate><catESAD_cu:PresentedDocumentModeCode>04011</catESAD_cu:PresentedDocumentModeCode><catESAD_cu:RecordID>D87BFEC3-B361-4A90-BECE-E78843264A96</catESAD_cu:RecordID><RUDECLcat:DocumentPresentingDetails><RUDECLcat:DocPresentKindCode>0</RUDECLcat:DocPresentKindCode><RUDECLcat:PresentedDocumentModeCode>04011</RUDECLcat:PresentedDocumentModeCode></RUDECLcat:DocumentPresentingDetails></ESADout_CUPresentedDocument><ESADout_CUPresentedDocument><cat_ru:PrDocumentName>ВЫПИСКА ИЗ ЕГРЮЛ</cat_ru:PrDocumentName><cat_ru:PrDocumentNumber>57</cat_ru:PrDocumentNumber><cat_ru:PrDocumentDate>2018-01-20</cat_ru:PrDocumentDate><catESAD_cu:PresentedDocumentModeCode>04011</catESAD_cu:PresentedDocumentModeCode><catESAD_cu:RecordID>3859A0A5-E255-486E-BB14-B4690BFEABA4</catESAD_cu:RecordID><RUDECLcat:DocumentPresentingDetails><RUDECLcat:DocPresentKindCode>0</RUDECLcat:DocPresentKindCode><RUDECLcat:PresentedDocumentModeCode>04011</RUDECLcat:PresentedDocumentModeCode></RUDECLcat:DocumentPresentingDetails></ESADout_CUPresentedDocument><ESADout_CUPresentedDocument><cat_ru:PrDocumentName>СЧЕТ-ФАКТУРА (ИНВОЙС) К ДОГОВОРУ</cat_ru:PrDocumentName><cat_ru:PrDocumentNumber>I15PSV31722</cat_ru:PrDocumentNumber><cat_ru:PrDocumentDate>2019-03-25</cat_ru:PrDocumentDate><catESAD_cu:PresentedDocumentModeCode>04021</catESAD_cu:PresentedDocumentModeCode><catESAD_cu:RecordID>F3B42B2C-132D-4231-8286-0EC6C973D7BB</catESAD_cu:RecordID><RUDECLcat:DocumentPresentingDetails><RUDECLcat:DocPresentKindCode>0</RUDECLcat:DocPresentKindCode><RUDECLcat:PresentedDocumentModeCode>04021</RUDECLcat:PresentedDocumentModeCode></RUDECLcat:DocumentPresentingDetails></ESADout_CUPresentedDocument><ESADout_CUPresentedDocument><cat_ru:PrDocumentName>О ТАМОЖЕННОМ РЕГУЛИРОВАНИИ В РОССИЙСКОЙ ФЕДЕРАЦИИ И О ВНЕСЕНИИ ИЗМЕНЕНИЙ В ОТДЕЛЬНЫЕ ЗАКОНОДАТЕЛЬНЫЕ АКТЫ РОССИЙСКОЙ ФЕДЕРАЦИИ</cat_ru:PrDocumentName><cat_ru:PrDocumentNumber>289-ФЗ П.26 Ч.1 СТ. 47</cat_ru:PrDocumentNumber><cat_ru:PrDocumentDate>2018-08-03</cat_ru:PrDocumentDate><catESAD_cu:PresentedDocumentModeCode>07011</catESAD_cu:PresentedDocumentModeCode><catESAD_cu:CustomsPaymentModeCodeType>1010</catESAD_cu:CustomsPaymentModeCodeType><RUDECLcat:DocumentPresentingDetails><RUDECLcat:DocPresentKindCode>0</RUDECLcat:DocPresentKindCode><RUDECLcat:PresentedDocumentModeCode>07011</RUDECLcat:PresentedDocumentModeCode></RUDECLcat:DocumentPresentingDetails></ESADout_CUPresentedDocument><ESADout_CUPresentedDocument><cat_ru:PrDocumentName>УНИКАЛЬНЫЙ НОМЕР КОНТРАКТА</cat_ru:PrDocumentName><cat_ru:PrDocumentNumber>18120020/2594/0000/1/1</cat_ru:PrDocumentNumber><catESAD_cu:PresentedDocumentModeCode>03031</catESAD_cu:PresentedDocumentModeCode><catESAD_cu:RecordID>FD3B6B3A-DECF-4661-90E5-27FDE4626EAF</catESAD_cu:RecordID><RUDECLcat:DocumentPresentingDetails><RUDECLcat:DocPresentKindCode>0</RUDECLcat:DocPresentKindCode><RUDECLcat:PresentedDocumentModeCode>03031</RUDECLcat:PresentedDocumentModeCode></RUDECLcat:DocumentPresentingDetails></ESADout_CUPresentedDocument><ESADout_CUPresentedDocument><cat_ru:PrDocumentName>ТРУДОВОЙ ДОГОВОР</cat_ru:PrDocumentName><cat_ru:PrDocumentNumber>1916</cat_ru:PrDocumentNumber><cat_ru:PrDocumentDate>2018-10-01</cat_ru:PrDocumentDate><catESAD_cu:PresentedDocumentModeCode>09999</catESAD_cu:PresentedDocumentModeCode><catESAD_cu:RecordID>DC589E5F-48EE-43B7-B5A0-C5BA23BE91BD</catESAD_cu:RecordID><RUDECLcat:DocumentPresentingDetails><RUDECLcat:DocPresentKindCode>0</RUDECLcat:DocPresentKindCode><RUDECLcat:PresentedDocumentModeCode>09999</RUDECLcat:PresentedDocumentModeCode></RUDECLcat:DocumentPresentingDetails></ESADout_CUPresentedDocument><ESADout_CUPresentedDocument><cat_ru:PrDocumentName>ПРИКАЗ О НАЗНАЧЕНИИ</cat_ru:PrDocumentName><cat_ru:PrDocumentNumber>225-К</cat_ru:PrDocumentNumber><cat_ru:PrDocumentDate>2011-07-14</cat_ru:PrDocumentDate><catESAD_cu:PresentedDocumentModeCode>09999</catESAD_cu:PresentedDocumentModeCode><catESAD_cu:RecordID>A91D2131-4931-4D8A-87C6-F61521A48FFB</catESAD_cu:RecordID><RUDECLcat:DocumentPresentingDetails><RUDECLcat:DocPresentKindCode>0</RUDECLcat:DocPresentKindCode><RUDECLcat:PresentedDocumentModeCode>09999</RUDECLcat:PresentedDocumentModeCode></RUDECLcat:DocumentPresentingDetails></ESADout_CUPresentedDocument><ESADGoodsPackaging><catESAD_cu:PakageQuantity>58</catESAD_cu:PakageQuantity><catESAD_cu:PakageTypeCode>1</catESAD_cu:PakageTypeCode><catESAD_cu:PackagePalleteInformation><catESAD_cu:InfoKindCode>0</catESAD_cu:InfoKindCode><catESAD_cu:PalleteCode>RO</catESAD_cu:PalleteCode><catESAD_cu:PalleteQuantity>58</catESAD_cu:PalleteQuantity></catESAD_cu:PackagePalleteInformation></ESADGoodsPackaging><ESADCustomsProcedure><catESAD_cu:MainCustomsModeCode>10</catESAD_cu:MainCustomsModeCode><catESAD_cu:PrecedingCustomsModeCode>00</catESAD_cu:PrecedingCustomsModeCode><catESAD_cu:GoodsTransferFeature>000</catESAD_cu:GoodsTransferFeature></ESADCustomsProcedure></ESADout_CUGoods></ESADout_CUGoodsShipment><FilledPerson><RUDECLcat:SigningDetails><cat_ru:PersonSurname>СЕМЕНОВ</cat_ru:PersonSurname><cat_ru:PersonName>ИГОРЬ</cat_ru:PersonName><cat_ru:PersonMiddleName>ИВАНОВИЧ</cat_ru:PersonMiddleName><cat_ru:PersonPost>ДЕКЛАРАНТ</cat_ru:PersonPost><RUScat_ru:CommunicationDetails><cat_ru:Phone>325-91-34</cat_ru:Phone></RUScat_ru:CommunicationDetails><RUScat_ru:SigningDate>2019-07-22T00:00:00</RUScat_ru:SigningDate></RUDECLcat:SigningDetails><RUDECLcat:SignatoryPersonIdentityDetails><RUScat_ru:IdentityCardCode>21</RUScat_ru:IdentityCardCode><RUScat_ru:IdentityCardName>ПАСРФ</RUScat_ru:IdentityCardName><RUScat_ru:IdentityCardSeries>40 02</RUScat_ru:IdentityCardSeries><RUScat_ru:IdentityCardNumber>123456</RUScat_ru:IdentityCardNumber><RUScat_ru:IdentityCardDate>2011-06-06</RUScat_ru:IdentityCardDate><RUScat_ru:OrganizationName>44 О/М САНКТ-ПЕТЕРБУРГА</RUScat_ru:OrganizationName></RUDECLcat:SignatoryPersonIdentityDetails><RUDECLcat:PowerOfAttorneyDetails><cat_ru:PrDocumentName>ДОВЕРЕННОСТЬ</cat_ru:PrDocumentName><cat_ru:PrDocumentNumber>001</cat_ru:PrDocumentNumber><cat_ru:PrDocumentDate>2019-01-11</cat_ru:PrDocumentDate><RUScat_ru:DocStartDate>2019-01-11</RUScat_ru:DocStartDate><RUScat_ru:DocValidityDate>2021-01-11</RUScat_ru:DocValidityDate></RUDECLcat:PowerOfAttorneyDetails></FilledPerson></ESADout_CU>
		</DocBody></ContainerDoc></ED_Container>
<!--Local=10210000/220719/0000004-->