<?xml version="1.0" encoding="UTF-8"?>
<ED_Container xmlns="urn:customs.ru:Information:ExchangeDocuments:ED_Container:5.13.1" xmlns:CategoryCust="urn:customs.ru:Categories:3.0.0" xmlns:cat_ru="urn:customs.ru:CommonAggregateTypes:5.10.0" xmlns:clt_ru="urn:customs.ru:CommonLeafTypes:5.10.0" xmlns:xsi="http://www.w3.org/2001/XMLSchema-instance" DocumentModeID="1006058E"><cat_ru:DocumentID>0C836ADE-174B-4291-9782-F3E3CE8AC4B0</cat_ru:DocumentID><ContainerDoc><DocBody><ESADout_CU xmlns="urn:customs.ru:Information:CustomsDocuments:ESADout_CU:5.17.0" xmlns:catESAD_cu="urn:customs.ru:CUESADCommonAggregateTypesCust:5.17.0" xmlns:nsi="urn:customs.ru:RUSCommonLeafTypes:5.14.3" xmlns:RUScat_ru="urn:customs.ru:RUSCommonAggregateTypes:5.16.0" xmlns:RUDECLcat="urn:customs.ru:RUDeclCommonAggregateTypesCust:5.17.0" xmlns:cltESAD_cu="urn:customs.ru:CUESADCommonLeafTypes:5.17.0" xmlns:CategoryCust="urn:customs.ru:Categories:3.0.0" xmlns:cat_ru="urn:customs.ru:CommonAggregateTypes:5.10.0" xmlns:clt_ru="urn:customs.ru:CommonLeafTypes:5.10.0" xmlns:xsi="http://www.w3.org/2001/XMLSchema-instance" DocumentModeID="1006107E"><cat_ru:DocumentID>8D95EDEA-B765-4259-93A8-0A0677920E2D</cat_ru:DocumentID><EECEDocHeaderAddInfo><RUScat_ru:EDocCode>R.036</RUScat_ru:EDocCode><RUScat_ru:EDocDateTime>2017-05-23T00:00:00</RUScat_ru:EDocDateTime><RUScat_ru:LanguageCode>RU</RUScat_ru:LanguageCode><RUScat_ru:SourceCountryCode>RU</RUScat_ru:SourceCountryCode><RUScat_ru:DestinationCountryCode>RU</RUScat_ru:DestinationCountryCode></EECEDocHeaderAddInfo><CustomsProcedure>ЭК</CustomsProcedure><CustomsModeCode>10</CustomsModeCode><ElectronicDocumentSign>ЭД</ElectronicDocumentSign><RecipientCountryCode>RU</RecipientCountryCode><ESADout_CUGoodsShipment><catESAD_cu:OriginCountryName>РОССИЯ</catESAD_cu:OriginCountryName><catESAD_cu:OriginCountryCode>RU</catESAD_cu:OriginCountryCode><catESAD_cu:TotalGoodsNumber>2</catESAD_cu:TotalGoodsNumber><catESAD_cu:TotalPackageNumber>0</catESAD_cu:TotalPackageNumber><catESAD_cu:TotalSheetNumber>2</catESAD_cu:TotalSheetNumber><ESADout_CUConsignor><RUDECLcat:EqualIndicator>1</RUDECLcat:EqualIndicator></ESADout_CUConsignor><ESADout_CUConsignee><cat_ru:OrganizationName>МАНЬЧЖУРСКАЯ ТОРГОВО-ЭКОНОМИЧЕСКАЯ КОМПАНИЯ С ОО "СЕН ЦЗЭ"</cat_ru:OrganizationName><RUScat_ru:SubjectAddressDetails><RUScat_ru:PostalCode>021400</RUScat_ru:PostalCode><RUScat_ru:CountryCode>CN</RUScat_ru:CountryCode><RUScat_ru:CounryName>КИТАЙ</RUScat_ru:CounryName><RUScat_ru:Region>СЕВЕРНЫЙ РАЙОН,РАЙОН ДУНЩИНЬ</RUScat_ru:Region><RUScat_ru:City>Г.МАНЬЧЖУРИЯ</RUScat_ru:City><RUScat_ru:StreetHouse>ДОМ 21,ОФИС 202</RUScat_ru:StreetHouse></RUScat_ru:SubjectAddressDetails></ESADout_CUConsignee><ESADout_CUFinancialAdjustingResponsiblePerson><DeclarantEqualFlag>1</DeclarantEqualFlag></ESADout_CUFinancialAdjustingResponsiblePerson><ESADout_CUDeclarant><cat_ru:OrganizationName>ООО "ФИРМА АДИС"</cat_ru:OrganizationName><cat_ru:RFOrganizationFeatures><cat_ru:OGRN>1023800919801</cat_ru:OGRN><cat_ru:INN>3805201957</cat_ru:INN><cat_ru:KPP>380501001</cat_ru:KPP></cat_ru:RFOrganizationFeatures><RUScat_ru:SubjectAddressDetails><RUScat_ru:PostalCode>665709</RUScat_ru:PostalCode><RUScat_ru:CountryCode>RU</RUScat_ru:CountryCode><RUScat_ru:CounryName>РОССИЯ</RUScat_ru:CounryName><RUScat_ru:Region>ИРКУТСКАЯ ОБЛ.</RUScat_ru:Region><RUScat_ru:City>Г.БРАТСК,ЖИЛОЙ РАЙОН ЭНЕРГЕТИК</RUScat_ru:City><RUScat_ru:StreetHouse>П 18 06 01 01</RUScat_ru:StreetHouse></RUScat_ru:SubjectAddressDetails></ESADout_CUDeclarant><ESADout_CUGoodsLocation><InformationTypeCode>99</InformationTypeCode><CustomsOffice>10607090</CustomsOffice><CustomsCountryCode>RU</CustomsCountryCode><LocationName>БРАТСК</LocationName><Address><RUScat_ru:CountryCode>RU</RUScat_ru:CountryCode><RUScat_ru:CounryName>РОССИЯ</RUScat_ru:CounryName><RUScat_ru:Region>ИРКУТСКАЯ ОБЛАСТЬ</RUScat_ru:Region><RUScat_ru:City>Г.БРАТСК</RUScat_ru:City><RUScat_ru:StreetHouse>ПУТЬ № 51</RUScat_ru:StreetHouse></Address></ESADout_CUGoodsLocation><ESADout_CUConsigment><catESAD_cu:ContainerIndicator>0</catESAD_cu:ContainerIndicator><catESAD_cu:DispatchCountryCode>RU</catESAD_cu:DispatchCountryCode><catESAD_cu:DispatchCountryName>РОССИЯ</catESAD_cu:DispatchCountryName><catESAD_cu:DestinationCountryCode>CN</catESAD_cu:DestinationCountryCode><catESAD_cu:DestinationCountryName>КИТАЙ</catESAD_cu:DestinationCountryName><ESADout_CUDepartureArrivalTransport><cat_ru:TransportModeCode>20</cat_ru:TransportModeCode><TransportMeansQuantity>1</TransportMeansQuantity><TransportMeans><cat_ru:TransportIdentifier>94931490</cat_ru:TransportIdentifier></TransportMeans></ESADout_CUDepartureArrivalTransport><ESADout_CUBorderTransport><cat_ru:TransportModeCode>20</cat_ru:TransportModeCode></ESADout_CUBorderTransport></ESADout_CUConsigment><ESADout_CUMainContractTerms><catESAD_cu:ContractCurrencyCode>USD</catESAD_cu:ContractCurrencyCode><catESAD_cu:ContractCurrencyRate>56.4988</catESAD_cu:ContractCurrencyRate><catESAD_cu:TotalInvoiceAmount>13358.25</catESAD_cu:TotalInvoiceAmount><catESAD_cu:TradeCountryCode>CN</catESAD_cu:TradeCountryCode><catESAD_cu:DealFeatureCode>00</catESAD_cu:DealFeatureCode><catESAD_cu:DealNatureCode>010</catESAD_cu:DealNatureCode><catESAD_cu:CUESADDeliveryTerms><cat_ru:DeliveryPlace>ЗАБАЙКАЛЬСК</cat_ru:DeliveryPlace><cat_ru:DeliveryTermsStringCode>DAF</cat_ru:DeliveryTermsStringCode></catESAD_cu:CUESADDeliveryTerms></ESADout_CUMainContractTerms><ESADout_CUGoods><catESAD_cu:GoodsNumeric>1</catESAD_cu:GoodsNumeric><catESAD_cu:GoodsDescription>ЛЕСОМАТЕРИАЛЫ ХВОЙНЫХ ПОРОД ЕЛЬ СИБИРСКАЯ (PICEA OBOVATA) РАСПИЛЕННЫЕ ВДОЛЬ,НЕ СТРОГАНЫЕ,НЕ ШЛИФОВАННЫЕ,НЕОБТЕСАННЫЕ,НЕ ИМЕЮЩИЕ СОЕДИНЕНИЯ В ШИП,ДОСКА ОБРЕЗНАЯ ВСЕГО КОЛИЧЕСТВО 3512ШТ. ВСЕГО ОБЪЕМ С УЧЕТОМ НОМИНАЛЬНЫХ РАЗМЕРОВ 63.22М3/ОБЪЕМ С УЧЕТОМ</catESAD_cu:GoodsDescription><catESAD_cu:GoodsDescription>ПРЕДЕЛЬНЫХ ОТКЛОНЕНИЙ ОТ НОМИНАЛЬНЫХ РАЗМЕРОВ И ПРИПУСКОВ 69.64М3 ОБЪЕМ ПОСТАВКИ ПО ПРИЛОЖЕНИЮ № 14 ОТ 25.11.2016-10000М3 СОРТ 1-4,ГОСТ 8486-86,24454-80,ДЛИНА 4000ММ; ПРЕДЕЛЬНЫЕ ОТКЛОНЕНИЯ ОТ НОМИНАЛЬНЫХ РАЗМЕРОВ: ПО ДЛИНЕ +50ММ,ПО ТОЛЩИНЕ +1ММ,ПО ШИ</catESAD_cu:GoodsDescription><catESAD_cu:GoodsDescription>РИНЕ +2ММ; ПРИПУСК ПО ТОЛЩИНЕ +1ММ,ПО ШИРИНЕ +1ММ;</catESAD_cu:GoodsDescription><catESAD_cu:GrossWeightQuantity>44200</catESAD_cu:GrossWeightQuantity><catESAD_cu:NetWeightQuantity>43500</catESAD_cu:NetWeightQuantity><catESAD_cu:NetWeightQuantity2>0</catESAD_cu:NetWeightQuantity2><catESAD_cu:InvoicedCost>8534.7</catESAD_cu:InvoicedCost><catESAD_cu:StatisticalCost>16515.83</catESAD_cu:StatisticalCost><catESAD_cu:GoodsTNVEDCode>4407129800</catESAD_cu:GoodsTNVEDCode><catESAD_cu:OriginCountryCode>RU</catESAD_cu:OriginCountryCode><catESAD_cu:AdditionalSheetCount>1</catESAD_cu:AdditionalSheetCount><catESAD_cu:GoodsGroupDescription><catESAD_cu:GoodsDescription>:ДЛИНА 4000ММ(ОТКЛ.+50ММ), ТОЛЩИНА 30ММ(ОТКЛ.+1ММ/ПРИП.+1ММ), ШИРИНА 150ММ(ОТКЛ.+2ММ/ПРИП.+1ММ), 3512ШТ., 135ДОЛ.США/М3-63.216М3/С ПРЕДЕЛЬНЫМ ОТКЛОНЕНИЕМ ОТ НОМИНАЛЬНЫХ РАЗМЕРОВ,ПРИПУСКОМ  69.64296М3, ВЛАЖНОСТЬ ПРИ РАСПИЛОВКЕ 40%, ВЛАЖНОСТЬ ПРИ ПОДАЧ</catESAD_cu:GoodsDescription><catESAD_cu:GoodsDescription>Е30%</catESAD_cu:GoodsDescription><catESAD_cu:GoodsGroupInformation><catESAD_cu:Manufacturer>ООО "ФИРМА АДИС" (3805201957)</catESAD_cu:Manufacturer><catESAD_cu:GoodsStandard>8486-86,24454-80,ФР 1.27.2014.17136,6782.1-75</catESAD_cu:GoodsStandard><catESAD_cu:GoodsSort>1-4</catESAD_cu:GoodsSort><catESAD_cu:WoodDescriptionDetails><catESAD_cu:WoodSortiment>ЕЛЬ СИБИРСКАЯ</catESAD_cu:WoodSortiment><catESAD_cu:WoodKind>ЕЛЬ СИБИРСКАЯ</catESAD_cu:WoodKind><catESAD_cu:AllowanceDetails><catESAD_cu:WidthMeasure><catESAD_cu:MeasuredAmount>0.001</catESAD_cu:MeasuredAmount><catESAD_cu:MeasureUnitQualifierName>М</catESAD_cu:MeasureUnitQualifierName><catESAD_cu:MeasureUnitQualifierCode>006</catESAD_cu:MeasureUnitQualifierCode></catESAD_cu:WidthMeasure><catESAD_cu:HeightMeasure><catESAD_cu:MeasuredAmount>0.001</catESAD_cu:MeasuredAmount><catESAD_cu:MeasureUnitQualifierName>М</catESAD_cu:MeasureUnitQualifierName><catESAD_cu:MeasureUnitQualifierCode>006</catESAD_cu:MeasureUnitQualifierCode></catESAD_cu:HeightMeasure></catESAD_cu:AllowanceDetails><catESAD_cu:DeviationDetails><catESAD_cu:LengthMeasure><catESAD_cu:MeasuredAmount>0.05</catESAD_cu:MeasuredAmount><catESAD_cu:MeasureUnitQualifierName>М</catESAD_cu:MeasureUnitQualifierName><catESAD_cu:MeasureUnitQualifierCode>006</catESAD_cu:MeasureUnitQualifierCode></catESAD_cu:LengthMeasure><catESAD_cu:WidthMeasure><catESAD_cu:MeasuredAmount>0.002</catESAD_cu:MeasuredAmount><catESAD_cu:MeasureUnitQualifierName>М</catESAD_cu:MeasureUnitQualifierName><catESAD_cu:MeasureUnitQualifierCode>006</catESAD_cu:MeasureUnitQualifierCode></catESAD_cu:WidthMeasure><catESAD_cu:HeightMeasure><catESAD_cu:MeasuredAmount>0.001</catESAD_cu:MeasuredAmount><catESAD_cu:MeasureUnitQualifierName>М</catESAD_cu:MeasureUnitQualifierName><catESAD_cu:MeasureUnitQualifierCode>006</catESAD_cu:MeasureUnitQualifierCode></catESAD_cu:HeightMeasure></catESAD_cu:DeviationDetails><catESAD_cu:ContractVolumeMeasure><cat_ru:GoodsQuantity>63.216</cat_ru:GoodsQuantity><cat_ru:MeasureUnitQualifierName>М3</cat_ru:MeasureUnitQualifierName><cat_ru:MeasureUnitQualifierCode>113</cat_ru:MeasureUnitQualifierCode></catESAD_cu:ContractVolumeMeasure><catESAD_cu:FactVolumeMeasure><cat_ru:GoodsQuantity>69.64296</cat_ru:GoodsQuantity><cat_ru:MeasureUnitQualifierName>М3</cat_ru:MeasureUnitQualifierName><cat_ru:MeasureUnitQualifierCode>113</cat_ru:MeasureUnitQualifierCode></catESAD_cu:FactVolumeMeasure></catESAD_cu:WoodDescriptionDetails><catESAD_cu:Dimensions><catESAD_cu:LengthMeasure><catESAD_cu:MeasuredAmount>4</catESAD_cu:MeasuredAmount><catESAD_cu:MeasureUnitQualifierName>М</catESAD_cu:MeasureUnitQualifierName><catESAD_cu:MeasureUnitQualifierCode>006</catESAD_cu:MeasureUnitQualifierCode></catESAD_cu:LengthMeasure><catESAD_cu:WidthMeasure><catESAD_cu:MeasuredAmount>0.15</catESAD_cu:MeasuredAmount><catESAD_cu:MeasureUnitQualifierName>М</catESAD_cu:MeasureUnitQualifierName><catESAD_cu:MeasureUnitQualifierCode>006</catESAD_cu:MeasureUnitQualifierCode></catESAD_cu:WidthMeasure><catESAD_cu:HeightMeasure><catESAD_cu:MeasuredAmount>0.03</catESAD_cu:MeasuredAmount><catESAD_cu:MeasureUnitQualifierName>М</catESAD_cu:MeasureUnitQualifierName><catESAD_cu:MeasureUnitQualifierCode>006</catESAD_cu:MeasureUnitQualifierCode></catESAD_cu:HeightMeasure></catESAD_cu:Dimensions><catESAD_cu:GoodsGroupQuantity><catESAD_cu:GoodsQuantity>69.64296</catESAD_cu:GoodsQuantity><catESAD_cu:MeasureUnitQualifierName>М3</catESAD_cu:MeasureUnitQualifierName><catESAD_cu:MeasureUnitQualifierCode>113</catESAD_cu:MeasureUnitQualifierCode></catESAD_cu:GoodsGroupQuantity><catESAD_cu:InvoicedCost>135</catESAD_cu:InvoicedCost></catESAD_cu:GoodsGroupInformation><catESAD_cu:GroupNum>1</catESAD_cu:GroupNum></catESAD_cu:GoodsGroupDescription><catESAD_cu:Preferencii><catESAD_cu:CustomsTax>ОО</catESAD_cu:CustomsTax><catESAD_cu:CustomsDuty>--</catESAD_cu:CustomsDuty><catESAD_cu:Excise>-</catESAD_cu:Excise><catESAD_cu:Rate>--</catESAD_cu:Rate></catESAD_cu:Preferencii><LanguageGoods>RU</LanguageGoods><ESADout_CUPresentedDocument><cat_ru:PrDocumentName>ЖЕЛЕЗНОДОРОЖНАЯ НАКЛАДНАЯ</cat_ru:PrDocumentName><cat_ru:PrDocumentNumber>23382914</cat_ru:PrDocumentNumber><catESAD_cu:PresentedDocumentModeCode>02013</catESAD_cu:PresentedDocumentModeCode><catESAD_cu:RecordID>50A98B4F-967C-4918-BBE3-38A77792FD76</catESAD_cu:RecordID><RUDECLcat:DocumentPresentingDetails><RUDECLcat:DocPresentKindCode>0</RUDECLcat:DocPresentKindCode><RUDECLcat:PresentedDocumentModeCode>02013</RUDECLcat:PresentedDocumentModeCode></RUDECLcat:DocumentPresentingDetails></ESADout_CUPresentedDocument><ESADout_CUPresentedDocument><cat_ru:PrDocumentName>ДОГОВОР (КОНТРАКТ), ЗАКЛЮЧЕННЫЙ ПРИ СОВЕРШЕНИИ ВНЕШНЕЭКОНОМИЧЕСКОЙ СДЕЛКИ</cat_ru:PrDocumentName><cat_ru:PrDocumentNumber>MSZ-555-5</cat_ru:PrDocumentNumber><cat_ru:PrDocumentDate>2012-12-17</cat_ru:PrDocumentDate><catESAD_cu:PresentedDocumentModeCode>03011</catESAD_cu:PresentedDocumentModeCode><catESAD_cu:RecordID>0A3596F3-86C2-4718-8AC7-E0C51C5CC950</catESAD_cu:RecordID><RUDECLcat:DocumentPresentingDetails><RUDECLcat:DocPresentKindCode>2</RUDECLcat:DocPresentKindCode><RUDECLcat:PresentedDocumentModeCode>03011</RUDECLcat:PresentedDocumentModeCode><RUDECLcat:CustomsDocIdDetails><cat_ru:CustomsCode>10607090</cat_ru:CustomsCode><cat_ru:RegistrationDate>2016-12-14</cat_ru:RegistrationDate><cat_ru:GTDNumber>0019749</cat_ru:GTDNumber></RUDECLcat:CustomsDocIdDetails></RUDECLcat:DocumentPresentingDetails></ESADout_CUPresentedDocument><ESADout_CUPresentedDocument><cat_ru:PrDocumentName>ДОКУМЕНТЫ, ВНОСЯЩИЕ ИЗМЕНЕНИЯ И (ИЛИ) ДОПОЛНЕНИЯ К ДОКУМЕНТУ, СВЕДЕНИЯ О КОТОРОМ УКАЗАНЫ ПОД КОДОМ 03011</cat_ru:PrDocumentName><cat_ru:PrDocumentNumber>15</cat_ru:PrDocumentNumber><cat_ru:PrDocumentDate>2016-11-30</cat_ru:PrDocumentDate><catESAD_cu:PresentedDocumentModeCode>03012</catESAD_cu:PresentedDocumentModeCode><catESAD_cu:RecordID>DDD9A0CE-0631-47EB-AFA9-57FB2F3AF794</catESAD_cu:RecordID><RUDECLcat:DocumentPresentingDetails><RUDECLcat:DocPresentKindCode>2</RUDECLcat:DocPresentKindCode><RUDECLcat:PresentedDocumentModeCode>03012</RUDECLcat:PresentedDocumentModeCode><RUDECLcat:CustomsDocIdDetails><cat_ru:CustomsCode>10607090</cat_ru:CustomsCode><cat_ru:RegistrationDate>2017-03-28</cat_ru:RegistrationDate><cat_ru:GTDNumber>0004905</cat_ru:GTDNumber></RUDECLcat:CustomsDocIdDetails></RUDECLcat:DocumentPresentingDetails></ESADout_CUPresentedDocument><ESADout_CUPresentedDocument><cat_ru:PrDocumentName>ДОКУМЕНТЫ, ВНОСЯЩИЕ ИЗМЕНЕНИЯ И (ИЛИ) ДОПОЛНЕНИЯ К ДОКУМЕНТУ, СВЕДЕНИЯ О КОТОРОМ УКАЗАНЫ ПОД КОДОМ 03011</cat_ru:PrDocumentName><cat_ru:PrDocumentNumber>6</cat_ru:PrDocumentNumber><cat_ru:PrDocumentDate>2014-12-10</cat_ru:PrDocumentDate><catESAD_cu:PresentedDocumentModeCode>03012</catESAD_cu:PresentedDocumentModeCode><catESAD_cu:RecordID>705E82EC-12FC-4A35-9790-89C481112678</catESAD_cu:RecordID><RUDECLcat:DocumentPresentingDetails><RUDECLcat:DocPresentKindCode>2</RUDECLcat:DocPresentKindCode><RUDECLcat:PresentedDocumentModeCode>03012</RUDECLcat:PresentedDocumentModeCode><RUDECLcat:CustomsDocIdDetails><cat_ru:CustomsCode>10607090</cat_ru:CustomsCode><cat_ru:RegistrationDate>2016-12-14</cat_ru:RegistrationDate><cat_ru:GTDNumber>0019749</cat_ru:GTDNumber></RUDECLcat:CustomsDocIdDetails></RUDECLcat:DocumentPresentingDetails></ESADout_CUPresentedDocument><ESADout_CUPresentedDocument><cat_ru:PrDocumentName>ДОКУМЕНТЫ, ВНОСЯЩИЕ ИЗМЕНЕНИЯ И (ИЛИ) ДОПОЛНЕНИЯ К ДОКУМЕНТУ, СВЕДЕНИЯ О КОТОРОМ УКАЗАНЫ ПОД КОДОМ 03011</cat_ru:PrDocumentName><cat_ru:PrDocumentNumber>18</cat_ru:PrDocumentNumber><cat_ru:PrDocumentDate>2017-05-22</cat_ru:PrDocumentDate><catESAD_cu:PresentedDocumentModeCode>03012</catESAD_cu:PresentedDocumentModeCode><catESAD_cu:RecordID>7E13B59A-727B-4BFD-AA29-6B03D5E55537</catESAD_cu:RecordID><RUDECLcat:DocumentPresentingDetails><RUDECLcat:DocPresentKindCode>2</RUDECLcat:DocPresentKindCode><RUDECLcat:PresentedDocumentModeCode>03012</RUDECLcat:PresentedDocumentModeCode><RUDECLcat:CustomsDocIdDetails><cat_ru:CustomsCode>10607090</cat_ru:CustomsCode><cat_ru:RegistrationDate>2017-05-23</cat_ru:RegistrationDate><cat_ru:GTDNumber>0008603</cat_ru:GTDNumber></RUDECLcat:CustomsDocIdDetails></RUDECLcat:DocumentPresentingDetails></ESADout_CUPresentedDocument><ESADout_CUPresentedDocument><cat_ru:PrDocumentName>УЧРЕДИТЕЛЬНЫЕ ДОКУМЕНТЫ</cat_ru:PrDocumentName><cat_ru:PrDocumentNumber>Б/Н</cat_ru:PrDocumentNumber><cat_ru:PrDocumentDate>2009-11-30</cat_ru:PrDocumentDate><catESAD_cu:PresentedDocumentModeCode>04011</catESAD_cu:PresentedDocumentModeCode><catESAD_cu:RecordID>BFA5D74F-BB78-4495-A20E-A5518C27307E</catESAD_cu:RecordID><RUDECLcat:DocumentPresentingDetails><RUDECLcat:DocPresentKindCode>2</RUDECLcat:DocPresentKindCode><RUDECLcat:PresentedDocumentModeCode>04011</RUDECLcat:PresentedDocumentModeCode><RUDECLcat:CustomsDocIdDetails><cat_ru:CustomsCode>10607090</cat_ru:CustomsCode><cat_ru:RegistrationDate>2016-12-14</cat_ru:RegistrationDate><cat_ru:GTDNumber>0019749</cat_ru:GTDNumber></RUDECLcat:CustomsDocIdDetails></RUDECLcat:DocumentPresentingDetails></ESADout_CUPresentedDocument><ESADout_CUPresentedDocument><cat_ru:PrDocumentName>СЧЕТ-ФАКТУРА (ИНВОЙС), СЧЕТ-ПРОФОРМА (ПРОФОРМА-ИНВОЙС) К ДОГОВОРУ</cat_ru:PrDocumentName><cat_ru:PrDocumentNumber>135</cat_ru:PrDocumentNumber><cat_ru:PrDocumentDate>2017-05-23</cat_ru:PrDocumentDate><catESAD_cu:PresentedDocumentModeCode>04021</catESAD_cu:PresentedDocumentModeCode><catESAD_cu:RecordID>C2FE7BB9-DD37-4079-867D-8ADAF9DF88AA</catESAD_cu:RecordID><RUDECLcat:DocumentPresentingDetails><RUDECLcat:DocPresentKindCode>1</RUDECLcat:DocPresentKindCode><RUDECLcat:PresentedDocumentModeCode>04021</RUDECLcat:PresentedDocumentModeCode></RUDECLcat:DocumentPresentingDetails></ESADout_CUPresentedDocument><ESADout_CUPresentedDocument><cat_ru:PrDocumentName>ПАСПОРТ СДЕЛКИ</cat_ru:PrDocumentName><cat_ru:PrDocumentNumber>12120002/2307/0004/1/1</cat_ru:PrDocumentNumber><catESAD_cu:PresentedDocumentModeCode>03031</catESAD_cu:PresentedDocumentModeCode><catESAD_cu:RecordID>354B8E87-35CE-4916-9328-296B2D7C771E</catESAD_cu:RecordID><RUDECLcat:DocumentPresentingDetails><RUDECLcat:DocPresentKindCode>0</RUDECLcat:DocPresentKindCode><RUDECLcat:PresentedDocumentModeCode>03031</RUDECLcat:PresentedDocumentModeCode></RUDECLcat:DocumentPresentingDetails></ESADout_CUPresentedDocument><ESADout_CUPresentedDocument><cat_ru:PrDocumentName>СВИДЕТЕЛЬСТВО О ПОСТАНОВКЕ НА УЧЕТ</cat_ru:PrDocumentName><cat_ru:PrDocumentNumber>38 №002392051</cat_ru:PrDocumentNumber><cat_ru:PrDocumentDate>1991-11-30</cat_ru:PrDocumentDate><catESAD_cu:PresentedDocumentModeCode>09999</catESAD_cu:PresentedDocumentModeCode><catESAD_cu:RecordID>31031400-86D9-4F87-A851-9F3BEF578B75</catESAD_cu:RecordID><RUDECLcat:DocumentPresentingDetails><RUDECLcat:DocPresentKindCode>2</RUDECLcat:DocPresentKindCode><RUDECLcat:PresentedDocumentModeCode>09999</RUDECLcat:PresentedDocumentModeCode><RUDECLcat:CustomsDocIdDetails><cat_ru:CustomsCode>10607090</cat_ru:CustomsCode><cat_ru:RegistrationDate>2016-12-14</cat_ru:RegistrationDate><cat_ru:GTDNumber>0019749</cat_ru:GTDNumber></RUDECLcat:CustomsDocIdDetails></RUDECLcat:DocumentPresentingDetails></ESADout_CUPresentedDocument><ESADout_CUPresentedDocument><cat_ru:PrDocumentName>ЛЕСНАЯ ДЕКЛАРАЦИЯ</cat_ru:PrDocumentName><cat_ru:PrDocumentNumber>1</cat_ru:PrDocumentNumber><cat_ru:PrDocumentDate>2015-12-23</cat_ru:PrDocumentDate><catESAD_cu:PresentedDocumentModeCode>09999</catESAD_cu:PresentedDocumentModeCode><catESAD_cu:RecordID>65DFBE45-22C8-4E48-9BF8-78B7C3E1E1D1</catESAD_cu:RecordID><RUDECLcat:DocumentPresentingDetails><RUDECLcat:DocPresentKindCode>2</RUDECLcat:DocPresentKindCode><RUDECLcat:PresentedDocumentModeCode>09999</RUDECLcat:PresentedDocumentModeCode><RUDECLcat:CustomsDocIdDetails><cat_ru:CustomsCode>10607090</cat_ru:CustomsCode><cat_ru:RegistrationDate>2016-12-14</cat_ru:RegistrationDate><cat_ru:GTDNumber>0019749</cat_ru:GTDNumber></RUDECLcat:CustomsDocIdDetails></RUDECLcat:DocumentPresentingDetails></ESADout_CUPresentedDocument><ESADout_CUPresentedDocument><cat_ru:PrDocumentName>ДОГОВОР АРЕНДЫ ЛЕСОВ</cat_ru:PrDocumentName><cat_ru:PrDocumentNumber>13/08</cat_ru:PrDocumentNumber><cat_ru:PrDocumentDate>2008-12-01</cat_ru:PrDocumentDate><catESAD_cu:PresentedDocumentModeCode>09999</catESAD_cu:PresentedDocumentModeCode><catESAD_cu:RecordID>29750495-55DF-4E00-A646-9EA9E8D512E5</catESAD_cu:RecordID><RUDECLcat:DocumentPresentingDetails><RUDECLcat:DocPresentKindCode>2</RUDECLcat:DocPresentKindCode><RUDECLcat:PresentedDocumentModeCode>09999</RUDECLcat:PresentedDocumentModeCode><RUDECLcat:CustomsDocIdDetails><cat_ru:CustomsCode>10607090</cat_ru:CustomsCode><cat_ru:RegistrationDate>2016-12-14</cat_ru:RegistrationDate><cat_ru:GTDNumber>0019749</cat_ru:GTDNumber></RUDECLcat:CustomsDocIdDetails></RUDECLcat:DocumentPresentingDetails></ESADout_CUPresentedDocument><ESADout_CUPresentedDocument><cat_ru:PrDocumentName>ПРОТОКОЛ</cat_ru:PrDocumentName><cat_ru:PrDocumentNumber>44</cat_ru:PrDocumentNumber><cat_ru:PrDocumentDate>2015-01-21</cat_ru:PrDocumentDate><catESAD_cu:PresentedDocumentModeCode>09999</catESAD_cu:PresentedDocumentModeCode><catESAD_cu:RecordID>92F89D29-5E6A-4D9A-9FDC-B92E32AD615C</catESAD_cu:RecordID><RUDECLcat:DocumentPresentingDetails><RUDECLcat:DocPresentKindCode>2</RUDECLcat:DocPresentKindCode><RUDECLcat:PresentedDocumentModeCode>09999</RUDECLcat:PresentedDocumentModeCode><RUDECLcat:CustomsDocIdDetails><cat_ru:CustomsCode>10607090</cat_ru:CustomsCode><cat_ru:RegistrationDate>2016-12-14</cat_ru:RegistrationDate><cat_ru:GTDNumber>0019749</cat_ru:GTDNumber></RUDECLcat:CustomsDocIdDetails></RUDECLcat:DocumentPresentingDetails></ESADout_CUPresentedDocument><ESADout_CUPresentedDocument><cat_ru:PrDocumentName>СВИДЕТЕЛЬСТВО О РЕГИСТРАЦИИ ЮР.ЛИЦА</cat_ru:PrDocumentName><cat_ru:PrDocumentNumber>38 №002875239</cat_ru:PrDocumentNumber><cat_ru:PrDocumentDate>2009-12-09</cat_ru:PrDocumentDate><catESAD_cu:PresentedDocumentModeCode>09999</catESAD_cu:PresentedDocumentModeCode><catESAD_cu:RecordID>56C9C226-2258-4CBE-983A-3A863C6AA0E2</catESAD_cu:RecordID><RUDECLcat:DocumentPresentingDetails><RUDECLcat:DocPresentKindCode>2</RUDECLcat:DocPresentKindCode><RUDECLcat:PresentedDocumentModeCode>09999</RUDECLcat:PresentedDocumentModeCode><RUDECLcat:CustomsDocIdDetails><cat_ru:CustomsCode>10607090</cat_ru:CustomsCode><cat_ru:RegistrationDate>2016-12-14</cat_ru:RegistrationDate><cat_ru:GTDNumber>0019749</cat_ru:GTDNumber></RUDECLcat:CustomsDocIdDetails></RUDECLcat:DocumentPresentingDetails></ESADout_CUPresentedDocument><ESADout_CUPresentedDocument><cat_ru:PrDocumentName>ДОВЕРЕННОСТЬ</cat_ru:PrDocumentName><cat_ru:PrDocumentNumber>06-А</cat_ru:PrDocumentNumber><cat_ru:PrDocumentDate>2016-01-01</cat_ru:PrDocumentDate><catESAD_cu:PresentedDocumentModeCode>11003</catESAD_cu:PresentedDocumentModeCode><catESAD_cu:RecordID>C86F51A9-996E-45CB-81F9-63FB9C260601</catESAD_cu:RecordID><RUDECLcat:DocumentPresentingDetails><RUDECLcat:DocPresentKindCode>2</RUDECLcat:DocPresentKindCode><RUDECLcat:PresentedDocumentModeCode>11003</RUDECLcat:PresentedDocumentModeCode><RUDECLcat:CustomsDocIdDetails><cat_ru:CustomsCode>10607090</cat_ru:CustomsCode><cat_ru:RegistrationDate>2017-02-01</cat_ru:RegistrationDate><cat_ru:GTDNumber>0001571</cat_ru:GTDNumber></RUDECLcat:CustomsDocIdDetails></RUDECLcat:DocumentPresentingDetails></ESADout_CUPresentedDocument><ESADout_CUPresentedDocument><cat_ru:PrDocumentName>ТРУДОВОЙ ДОГОВОР</cat_ru:PrDocumentName><cat_ru:PrDocumentNumber>Б/Н</cat_ru:PrDocumentNumber><cat_ru:PrDocumentDate>2009-06-01</cat_ru:PrDocumentDate><catESAD_cu:PresentedDocumentModeCode>11003</catESAD_cu:PresentedDocumentModeCode><catESAD_cu:RecordID>9B6E2764-F345-4D4D-85CC-85B2772C8B39</catESAD_cu:RecordID><RUDECLcat:DocumentPresentingDetails><RUDECLcat:DocPresentKindCode>2</RUDECLcat:DocPresentKindCode><RUDECLcat:PresentedDocumentModeCode>11003</RUDECLcat:PresentedDocumentModeCode><RUDECLcat:CustomsDocIdDetails><cat_ru:CustomsCode>10607090</cat_ru:CustomsCode><cat_ru:RegistrationDate>2017-02-01</cat_ru:RegistrationDate><cat_ru:GTDNumber>0001571</cat_ru:GTDNumber></RUDECLcat:CustomsDocIdDetails></RUDECLcat:DocumentPresentingDetails></ESADout_CUPresentedDocument><ESADout_CUPresentedDocument><cat_ru:PrDocumentName>ПРИКАЗ</cat_ru:PrDocumentName><cat_ru:PrDocumentNumber>Б/Н</cat_ru:PrDocumentNumber><cat_ru:PrDocumentDate>2009-06-01</cat_ru:PrDocumentDate><catESAD_cu:PresentedDocumentModeCode>11003</catESAD_cu:PresentedDocumentModeCode><catESAD_cu:RecordID>9BF2F2A7-C009-4F0A-9785-47DDE7801D00</catESAD_cu:RecordID><RUDECLcat:DocumentPresentingDetails><RUDECLcat:DocPresentKindCode>2</RUDECLcat:DocPresentKindCode><RUDECLcat:PresentedDocumentModeCode>11003</RUDECLcat:PresentedDocumentModeCode><RUDECLcat:CustomsDocIdDetails><cat_ru:CustomsCode>10607090</cat_ru:CustomsCode><cat_ru:RegistrationDate>2017-02-01</cat_ru:RegistrationDate><cat_ru:GTDNumber>0001571</cat_ru:GTDNumber></RUDECLcat:CustomsDocIdDetails></RUDECLcat:DocumentPresentingDetails></ESADout_CUPresentedDocument><ESADout_CUCustomsPaymentCalculation><catESAD_cu:PaymentModeCode>1010</catESAD_cu:PaymentModeCode><catESAD_cu:PaymentAmount>750</catESAD_cu:PaymentAmount><catESAD_cu:PaymentCurrencyCode>643</catESAD_cu:PaymentCurrencyCode><catESAD_cu:TaxBase>0</catESAD_cu:TaxBase><catESAD_cu:Rate>750</catESAD_cu:Rate><catESAD_cu:RateTypeCode>*</catESAD_cu:RateTypeCode><catESAD_cu:RateCurrencyCode>643</catESAD_cu:RateCurrencyCode><catESAD_cu:RateUseDate>2017-05-23</catESAD_cu:RateUseDate><catESAD_cu:PaymentCode>ИУ</catESAD_cu:PaymentCode></ESADout_CUCustomsPaymentCalculation><SupplementaryGoodsQuantity><cat_ru:GoodsQuantity>69.64</cat_ru:GoodsQuantity><cat_ru:MeasureUnitQualifierName>М3</cat_ru:MeasureUnitQualifierName><cat_ru:MeasureUnitQualifierCode>113</cat_ru:MeasureUnitQualifierCode></SupplementaryGoodsQuantity><ESADGoodsPackaging><catESAD_cu:PakageQuantity>0</catESAD_cu:PakageQuantity><catESAD_cu:PakageTypeCode>1</catESAD_cu:PakageTypeCode><catESAD_cu:PakagePartQuantity>0</catESAD_cu:PakagePartQuantity><catESAD_cu:PackagePalleteInformation><catESAD_cu:InfoKindCode>0</catESAD_cu:InfoKindCode><catESAD_cu:PalleteCode>BY</catESAD_cu:PalleteCode><catESAD_cu:PalleteQuantity>1</catESAD_cu:PalleteQuantity></catESAD_cu:PackagePalleteInformation></ESADGoodsPackaging><ESADCustomsProcedure><catESAD_cu:MainCustomsModeCode>10</catESAD_cu:MainCustomsModeCode><catESAD_cu:PrecedingCustomsModeCode>00</catESAD_cu:PrecedingCustomsModeCode><catESAD_cu:GoodsTransferFeature>000</catESAD_cu:GoodsTransferFeature></ESADCustomsProcedure></ESADout_CUGoods><ESADout_CUGoods><catESAD_cu:GoodsNumeric>2</catESAD_cu:GoodsNumeric><catESAD_cu:GoodsDescription>ЛЕСОМАТЕРИАЛЫ ХВОЙНЫХ ПОРОД ПИХТА СИБИРСКАЯ (ABIES SIBIRICA) РАСПИЛЕННЫЕ ВДОЛЬ,НЕ СТРОГАНЫЕ,НЕ ШЛИФОВАННЫЕ,НЕОБТЕСАННЫЕ,НЕ ИМЕЮЩИЕ СОЕДИНЕНИЯ В ШИП,ДОСКА ОБРЕЗНАЯ ВСЕГО КОЛИЧЕСТВО 1985ШТ. ВСЕГО ОБЪЕМ С УЧЕТОМ НОМИНАЛЬНЫХ РАЗМЕРОВ 35.73М3/ОБЪЕМ С УЧЕТ</catESAD_cu:GoodsDescription><catESAD_cu:GoodsDescription>ОМ ПРЕДЕЛЬНЫХ ОТКЛОНЕНИЙ ОТ НОМИНАЛЬНЫХ РАЗМЕРОВ И ПРИПУСКОВ НА ВЕЛИЧИНУ УСУШКИ 39.36М3 ОБЪЕМ ПОСТАВКИ ПО ПРИЛОЖЕНИЮ № 14 ОТ 25.11.2016-10000М3 СОРТ 1-4,ГОСТ 8486-86,24454-80,ДЛИНА 4000ММ; ПРЕДЕЛЬНЫЕ ОТКЛОНЕНИЯ ОТ НОМИНАЛЬНЫХ РАЗМ ЕРОВ: ПО ДЛИНЕ +50М</catESAD_cu:GoodsDescription><catESAD_cu:GoodsDescription>М,ПО ТОЛЩИНЕ +1ММ,ПО ШИРИНЕ +2ММ; ПРИПУСК НА ВЕЛИЧИНУ УСУШКИ: ПО ТОЛЩИНЕ +1ММ,ПО ШИРИНЕ +1ММ;</catESAD_cu:GoodsDescription><catESAD_cu:GrossWeightQuantity>22800</catESAD_cu:GrossWeightQuantity><catESAD_cu:NetWeightQuantity>22500</catESAD_cu:NetWeightQuantity><catESAD_cu:NetWeightQuantity2>0</catESAD_cu:NetWeightQuantity2><catESAD_cu:InvoicedCost>4823.55</catESAD_cu:InvoicedCost><catESAD_cu:StatisticalCost>4823.55</catESAD_cu:StatisticalCost><catESAD_cu:GoodsTNVEDCode>4407129800</catESAD_cu:GoodsTNVEDCode><catESAD_cu:OriginCountryCode>RU</catESAD_cu:OriginCountryCode><catESAD_cu:AdditionalSheetCount>2</catESAD_cu:AdditionalSheetCount><catESAD_cu:GoodsGroupDescription><catESAD_cu:GoodsDescription>:ДЛ.4000ММ(ОТКЛ.+50ММ),ТЛ.30ММ(ОТКЛ.+1ММ/ПРИП.+1ММ),Ш.150ММ(ОТКЛ.+2ММ/ПРИП.+1ММ),1985ШТ.,135ДОЛ.США/М3-35.73М3/С ПРЕДЕЛЬНЫМ ОТКЛОНЕНИЕМ ОТ НОМИНАЛЬНЫХ РАЗМЕРОВ,ПРИПУСКОМ НА ВЕЛИЧИНУ УСУШКИ 39.36255М3,ВЛАЖНОСТЬ ПРИ РАСПИЛОВКЕ 40%</catESAD_cu:GoodsDescription><catESAD_cu:GoodsGroupInformation><catESAD_cu:Manufacturer>ООО "ФИРМА АДИС" (3805201957)</catESAD_cu:Manufacturer><catESAD_cu:GoodsStandard>8486-86,24454-80,ФР 1.27.2014.17136,6782.1-75</catESAD_cu:GoodsStandard><catESAD_cu:GoodsSort>1-4</catESAD_cu:GoodsSort><catESAD_cu:WoodDescriptionDetails><catESAD_cu:WoodKind>ПИХТА СИБИРСКАЯ</catESAD_cu:WoodKind></catESAD_cu:WoodDescriptionDetails><catESAD_cu:GoodsGroupQuantity><catESAD_cu:GoodsQuantity>39.36255</catESAD_cu:GoodsQuantity><catESAD_cu:MeasureUnitQualifierName>М3</catESAD_cu:MeasureUnitQualifierName><catESAD_cu:MeasureUnitQualifierCode>113</catESAD_cu:MeasureUnitQualifierCode></catESAD_cu:GoodsGroupQuantity><catESAD_cu:InvoicedCost>0</catESAD_cu:InvoicedCost></catESAD_cu:GoodsGroupInformation><catESAD_cu:GroupNum>1</catESAD_cu:GroupNum></catESAD_cu:GoodsGroupDescription><catESAD_cu:Preferencii><catESAD_cu:CustomsTax>ОО</catESAD_cu:CustomsTax><catESAD_cu:CustomsDuty>--</catESAD_cu:CustomsDuty><catESAD_cu:Excise>-</catESAD_cu:Excise><catESAD_cu:Rate>--</catESAD_cu:Rate></catESAD_cu:Preferencii><LanguageGoods>RU</LanguageGoods><ESADout_CUPresentedDocument><cat_ru:PrDocumentName>ЖЕЛЕЗНОДОРОЖНАЯ НАКЛАДНАЯ</cat_ru:PrDocumentName><cat_ru:PrDocumentNumber>23382914</cat_ru:PrDocumentNumber><catESAD_cu:PresentedDocumentModeCode>02013</catESAD_cu:PresentedDocumentModeCode><catESAD_cu:RecordID>50A98B4F-967C-4918-BBE3-38A77792FD76</catESAD_cu:RecordID><RUDECLcat:DocumentPresentingDetails><RUDECLcat:DocPresentKindCode>0</RUDECLcat:DocPresentKindCode><RUDECLcat:PresentedDocumentModeCode>02013</RUDECLcat:PresentedDocumentModeCode></RUDECLcat:DocumentPresentingDetails></ESADout_CUPresentedDocument><ESADout_CUPresentedDocument><cat_ru:PrDocumentName>ДОГОВОР (КОНТРАКТ), ЗАКЛЮЧЕННЫЙ ПРИ СОВЕРШЕНИИ ВНЕШНЕЭКОНОМИЧЕСКОЙ СДЕЛКИ</cat_ru:PrDocumentName><cat_ru:PrDocumentNumber>MSZ-555-5</cat_ru:PrDocumentNumber><cat_ru:PrDocumentDate>2012-12-17</cat_ru:PrDocumentDate><catESAD_cu:PresentedDocumentModeCode>03011</catESAD_cu:PresentedDocumentModeCode><catESAD_cu:RecordID>0A3596F3-86C2-4718-8AC7-E0C51C5CC950</catESAD_cu:RecordID><RUDECLcat:DocumentPresentingDetails><RUDECLcat:DocPresentKindCode>2</RUDECLcat:DocPresentKindCode><RUDECLcat:PresentedDocumentModeCode>03011</RUDECLcat:PresentedDocumentModeCode><RUDECLcat:CustomsDocIdDetails><cat_ru:CustomsCode>10607090</cat_ru:CustomsCode><cat_ru:RegistrationDate>2016-12-14</cat_ru:RegistrationDate><cat_ru:GTDNumber>0019749</cat_ru:GTDNumber></RUDECLcat:CustomsDocIdDetails></RUDECLcat:DocumentPresentingDetails></ESADout_CUPresentedDocument><ESADout_CUPresentedDocument><cat_ru:PrDocumentName>ДОКУМЕНТЫ, ВНОСЯЩИЕ ИЗМЕНЕНИЯ И (ИЛИ) ДОПОЛНЕНИЯ К ДОКУМЕНТУ, СВЕДЕНИЯ О КОТОРОМ УКАЗАНЫ ПОД КОДОМ 03011</cat_ru:PrDocumentName><cat_ru:PrDocumentNumber>15</cat_ru:PrDocumentNumber><cat_ru:PrDocumentDate>2016-11-30</cat_ru:PrDocumentDate><catESAD_cu:PresentedDocumentModeCode>03012</catESAD_cu:PresentedDocumentModeCode><catESAD_cu:RecordID>DDD9A0CE-0631-47EB-AFA9-57FB2F3AF794</catESAD_cu:RecordID><RUDECLcat:DocumentPresentingDetails><RUDECLcat:DocPresentKindCode>2</RUDECLcat:DocPresentKindCode><RUDECLcat:PresentedDocumentModeCode>03012</RUDECLcat:PresentedDocumentModeCode><RUDECLcat:CustomsDocIdDetails><cat_ru:CustomsCode>10607090</cat_ru:CustomsCode><cat_ru:RegistrationDate>2017-03-28</cat_ru:RegistrationDate><cat_ru:GTDNumber>0004905</cat_ru:GTDNumber></RUDECLcat:CustomsDocIdDetails></RUDECLcat:DocumentPresentingDetails></ESADout_CUPresentedDocument><ESADout_CUPresentedDocument><cat_ru:PrDocumentName>ДОКУМЕНТЫ, ВНОСЯЩИЕ ИЗМЕНЕНИЯ И (ИЛИ) ДОПОЛНЕНИЯ К ДОКУМЕНТУ, СВЕДЕНИЯ О КОТОРОМ УКАЗАНЫ ПОД КОДОМ 03011</cat_ru:PrDocumentName><cat_ru:PrDocumentNumber>6</cat_ru:PrDocumentNumber><cat_ru:PrDocumentDate>2014-12-10</cat_ru:PrDocumentDate><catESAD_cu:PresentedDocumentModeCode>03012</catESAD_cu:PresentedDocumentModeCode><catESAD_cu:RecordID>705E82EC-12FC-4A35-9790-89C481112678</catESAD_cu:RecordID><RUDECLcat:DocumentPresentingDetails><RUDECLcat:DocPresentKindCode>2</RUDECLcat:DocPresentKindCode><RUDECLcat:PresentedDocumentModeCode>03012</RUDECLcat:PresentedDocumentModeCode><RUDECLcat:CustomsDocIdDetails><cat_ru:CustomsCode>10607090</cat_ru:CustomsCode><cat_ru:RegistrationDate>2016-12-14</cat_ru:RegistrationDate><cat_ru:GTDNumber>0019749</cat_ru:GTDNumber></RUDECLcat:CustomsDocIdDetails></RUDECLcat:DocumentPresentingDetails></ESADout_CUPresentedDocument><ESADout_CUPresentedDocument><cat_ru:PrDocumentName>ДОКУМЕНТЫ, ВНОСЯЩИЕ ИЗМЕНЕНИЯ И (ИЛИ) ДОПОЛНЕНИЯ К ДОКУМЕНТУ, СВЕДЕНИЯ О КОТОРОМ УКАЗАНЫ ПОД КОДОМ 03011</cat_ru:PrDocumentName><cat_ru:PrDocumentNumber>18</cat_ru:PrDocumentNumber><cat_ru:PrDocumentDate>2017-05-22</cat_ru:PrDocumentDate><catESAD_cu:PresentedDocumentModeCode>03012</catESAD_cu:PresentedDocumentModeCode><catESAD_cu:RecordID>EDD5A362-1FF6-4C22-BC92-689F6CA33D6F</catESAD_cu:RecordID><RUDECLcat:DocumentPresentingDetails><RUDECLcat:DocPresentKindCode>1</RUDECLcat:DocPresentKindCode><RUDECLcat:PresentedDocumentModeCode>03012</RUDECLcat:PresentedDocumentModeCode></RUDECLcat:DocumentPresentingDetails></ESADout_CUPresentedDocument><ESADout_CUPresentedDocument><cat_ru:PrDocumentName>СЧЕТ-ФАКТУРА (ИНВОЙС), СЧЕТ-ПРОФОРМА (ПРОФОРМА-ИНВОЙС) К ДОГОВОРУ</cat_ru:PrDocumentName><cat_ru:PrDocumentNumber>135</cat_ru:PrDocumentNumber><cat_ru:PrDocumentDate>2017-05-23</cat_ru:PrDocumentDate><catESAD_cu:PresentedDocumentModeCode>04021</catESAD_cu:PresentedDocumentModeCode><catESAD_cu:RecordID>C2FE7BB9-DD37-4079-867D-8ADAF9DF88AA</catESAD_cu:RecordID><RUDECLcat:DocumentPresentingDetails><RUDECLcat:DocPresentKindCode>1</RUDECLcat:DocPresentKindCode><RUDECLcat:PresentedDocumentModeCode>04021</RUDECLcat:PresentedDocumentModeCode></RUDECLcat:DocumentPresentingDetails></ESADout_CUPresentedDocument><ESADout_CUPresentedDocument><cat_ru:PrDocumentName>ПАСПОРТ СДЕЛКИ</cat_ru:PrDocumentName><cat_ru:PrDocumentNumber>12120002/2307/0004/1/1</cat_ru:PrDocumentNumber><catESAD_cu:PresentedDocumentModeCode>03031</catESAD_cu:PresentedDocumentModeCode><catESAD_cu:RecordID>354B8E87-35CE-4916-9328-296B2D7C771E</catESAD_cu:RecordID><RUDECLcat:DocumentPresentingDetails><RUDECLcat:DocPresentKindCode>0</RUDECLcat:DocPresentKindCode><RUDECLcat:PresentedDocumentModeCode>03031</RUDECLcat:PresentedDocumentModeCode></RUDECLcat:DocumentPresentingDetails></ESADout_CUPresentedDocument><SupplementaryGoodsQuantity><cat_ru:GoodsQuantity>39.36</cat_ru:GoodsQuantity><cat_ru:MeasureUnitQualifierName>М3</cat_ru:MeasureUnitQualifierName><cat_ru:MeasureUnitQualifierCode>113</cat_ru:MeasureUnitQualifierCode></SupplementaryGoodsQuantity><ESADGoodsPackaging><catESAD_cu:PakageQuantity>0</catESAD_cu:PakageQuantity><catESAD_cu:PakageTypeCode>1</catESAD_cu:PakageTypeCode><catESAD_cu:PakagePartQuantity>0</catESAD_cu:PakagePartQuantity><catESAD_cu:PackagePalleteInformation><catESAD_cu:InfoKindCode>0</catESAD_cu:InfoKindCode><catESAD_cu:PalleteCode>BY</catESAD_cu:PalleteCode><catESAD_cu:PalleteQuantity>1</catESAD_cu:PalleteQuantity></catESAD_cu:PackagePalleteInformation></ESADGoodsPackaging><ESADCustomsProcedure><catESAD_cu:MainCustomsModeCode>10</catESAD_cu:MainCustomsModeCode><catESAD_cu:PrecedingCustomsModeCode>00</catESAD_cu:PrecedingCustomsModeCode><catESAD_cu:GoodsTransferFeature>000</catESAD_cu:GoodsTransferFeature></ESADCustomsProcedure></ESADout_CUGoods><ESADout_CUPayments><ESADout_CUCustomsPayment><catESAD_cu:PaymentModeCode>1010</catESAD_cu:PaymentModeCode><catESAD_cu:PaymentAmount>750</catESAD_cu:PaymentAmount><catESAD_cu:PaymentCurrencyCode>643</catESAD_cu:PaymentCurrencyCode><catESAD_cu:CurrencyRate>1</catESAD_cu:CurrencyRate><RFOrganizationFeatures><cat_ru:OGRN>1023800919801</cat_ru:OGRN><cat_ru:INN>3805201957</cat_ru:INN><cat_ru:KPP>380501001</cat_ru:KPP></RFOrganizationFeatures></ESADout_CUCustomsPayment></ESADout_CUPayments></ESADout_CUGoodsShipment><FilledPerson><RUDECLcat:SigningDetails><cat_ru:PersonSurname>ЛАПИН</cat_ru:PersonSurname><cat_ru:PersonName>АНДРЕЙ</cat_ru:PersonName><cat_ru:PersonMiddleName>ГЕРМАНОВИЧ</cat_ru:PersonMiddleName><cat_ru:PersonPost>ДЕКЛАРАНТ</cat_ru:PersonPost><RUScat_ru:CommunicationDetails><cat_ru:Phone>41-48-34</cat_ru:Phone></RUScat_ru:CommunicationDetails><RUScat_ru:SigningDate>2017-05-23T00:00:00</RUScat_ru:SigningDate></RUDECLcat:SigningDetails><RUDECLcat:SignatoryPersonIdentityDetails><RUScat_ru:IdentityCardCode>21</RUScat_ru:IdentityCardCode><RUScat_ru:IdentityCardName>ПАСРФ</RUScat_ru:IdentityCardName><RUScat_ru:IdentityCardSeries>25 12</RUScat_ru:IdentityCardSeries><RUScat_ru:IdentityCardNumber>712001</RUScat_ru:IdentityCardNumber><RUScat_ru:IdentityCardDate>2012-07-05</RUScat_ru:IdentityCardDate><RUScat_ru:OrganizationName>ОТДЕЛОМ УФМС РОССИИ ПО ИРКУТСКОЙ ОБЛАСТИ В ГОР.БРАТСКЕ И БРАТСКОМ Р-НЕ</RUScat_ru:OrganizationName></RUDECLcat:SignatoryPersonIdentityDetails><RUDECLcat:PowerOfAttorneyDetails><cat_ru:PrDocumentName>ДОВЕРЕННОСТЬ</cat_ru:PrDocumentName><cat_ru:PrDocumentNumber>06-А</cat_ru:PrDocumentNumber><cat_ru:PrDocumentDate>2016-01-01</cat_ru:PrDocumentDate><RUScat_ru:DocStartDate>2016-01-01</RUScat_ru:DocStartDate><RUScat_ru:DocValidityDate>2018-12-31</RUScat_ru:DocValidityDate></RUDECLcat:PowerOfAttorneyDetails></FilledPerson></ESADout_CU>
		</DocBody></ContainerDoc></ED_Container>
<!--Local=10607120/080520/0100006-->